,File_Path,Filename,Dataset,Class,Hive,Stratify_Key
0,dataset/urban-frdr/audio_2022_all_chunk\01-09-2022_00h30_HIVE-3631_Infested.wav,01-09-2022_00h30_HIVE-3631_Infested.wav,FRDR,Infested,HIVE-3631,Infested_HIVE-3631
1,dataset/urban-frdr/audio_2022_all_chunk\01-09-2022_02h00_HIVE-3631_Infested.wav,01-09-2022_02h00_HIVE-3631_Infested.wav,FRDR,Infested,HIVE-3631,Infested_HIVE-3631
2,dataset/urban-frdr/audio_2022_all_chunk\01-09-2022_02h45_HIVE-3631_Infested.wav,01-09-2022_02h45_HIVE-3631_Infested.wav,FRDR,Infested,HIVE-3631,Infested_HIVE-3631
3,dataset/urban-frdr/audio_2022_all_chunk\01-09-2022_06h30_HIVE-6_Infested.wav,01-09-2022_06h30_HIVE-6_Infested.wav,FRDR,Infested,HIVE-6,Infested_HIVE-6
4,dataset/urban-frdr/audio_2022_all_chunk\01-09-2022_07h15_HIVE-3631_Infested.wav,01-09-2022_07h15_HIVE-3631_Infested.wav,FRDR,Infested,HIVE-3631,Infested_HIVE-3631
5,dataset/urban-frdr/audio_2022_all_chunk\01-09-2022_07h30_HIVE-6_Infested.wav,01-09-2022_07h30_HIVE-6_Infested.wav,FRDR,Infested,HIVE-6,Infested_HIVE-6
6,dataset/urban-frdr/audio_2022_all_chunk\01-09-2022_07h45_HIVE-3631_Infested.wav,01-09-2022_07h45_HIVE-3631_Infested.wav,FRDR,Infested,HIVE-3631,Infested_HIVE-3631
7,dataset/urban-frdr/audio_2022_all_chunk\01-09-2022_12h30_HIVE-6_Infested.wav,01-09-2022_12h30_HIVE-6_Infested.wav,FRDR,Infested,HIVE-6,Infested_HIVE-6
8,dataset/urban-frdr/audio_2022_all_chunk\01-09-2022_13h00_HIVE-3693_Active.wav,01-09-2022_13h00_HIVE-3693_Active.wav,FRDR,Active,HIVE-3693,Active
9,dataset/urban-frdr/audio_2022_all_chunk\01-09-2022_13h00_HIVE-6_Infested.wav,01-09-2022_13h00_HIVE-6_Infested.wav,FRDR,Infested,HIVE-6,Infested_HIVE-6
10,dataset/urban-frdr/audio_2022_all_chunk\01-09-2022_13h15_HIVE-3631_Infested.wav,01-09-2022_13h15_HIVE-3631_Infested.wav,FRDR,Infested,HIVE-3631,Infested_HIVE-3631
11,dataset/urban-frdr/audio_2022_all_chunk\01-09-2022_13h15_HIVE-3690_Active.wav,01-09-2022_13h15_HIVE-3690_Active.wav,FRDR,Active,HIVE-3690,Active_HIVE-3690
12,dataset/urban-frdr/audio_2022_all_chunk\01-09-2022_14h30_HIVE-3693_Active.wav,01-09-2022_14h30_HIVE-3693_Active.wav,FRDR,Active,HIVE-3693,Active
13,dataset/urban-frdr/audio_2022_all_chunk\01-09-2022_16h45_HIVE-3631_Infested.wav,01-09-2022_16h45_HIVE-3631_Infested.wav,FRDR,Infested,HIVE-3631,Infested_HIVE-3631
14,dataset/urban-frdr/audio_2022_all_chunk\01-09-2022_16h45_HIVE-3691_Active.wav,01-09-2022_16h45_HIVE-3691_Active.wav,FRDR,Active,HIVE-3691,Active
15,dataset/urban-frdr/audio_2022_all_chunk\01-09-2022_17h00_HIVE-6_Infested.wav,01-09-2022_17h00_HIVE-6_Infested.wav,FRDR,Infested,HIVE-6,Infested_HIVE-6
16,dataset/urban-frdr/audio_2022_all_chunk\01-09-2022_19h15_HIVE-3631_Infested.wav,01-09-2022_19h15_HIVE-3631_Infested.wav,FRDR,Infested,HIVE-3631,Infested_HIVE-3631
17,dataset/urban-frdr/audio_2022_all_chunk\01-09-2022_20h30_HIVE-3693_Active.wav,01-09-2022_20h30_HIVE-3693_Active.wav,FRDR,Active,HIVE-3693,Active
18,dataset/urban-frdr/audio_2022_all_chunk\01-09-2022_20h45_HIVE-3690_Active.wav,01-09-2022_20h45_HIVE-3690_Active.wav,FRDR,Active,HIVE-3690,Active_HIVE-3690
19,dataset/urban-frdr/audio_2022_all_chunk\01-09-2022_21h30_HIVE-6_Infested.wav,01-09-2022_21h30_HIVE-6_Infested.wav,FRDR,Infested,HIVE-6,Infested_HIVE-6
20,dataset/urban-frdr/audio_2022_all_chunk\01-09-2022_21h45_HIVE-3631_Infested.wav,01-09-2022_21h45_HIVE-3631_Infested.wav,FRDR,Infested,HIVE-3631,Infested_HIVE-3631
21,dataset/urban-frdr/audio_2022_all_chunk\01-09-2022_21h45_HIVE-3690_Active.wav,01-09-2022_21h45_HIVE-3690_Active.wav,FRDR,Active,HIVE-3690,Active_HIVE-3690
22,dataset/urban-frdr/audio_2022_all_chunk\01-09-2022_21h45_HIVE-3691_Active.wav,01-09-2022_21h45_HIVE-3691_Active.wav,FRDR,Active,HIVE-3691,Active
23,dataset/urban-frdr/audio_2022_all_chunk\01-09-2022_22h00_HIVE-3628_Active.wav,01-09-2022_22h00_HIVE-3628_Active.wav,FRDR,Active,HIVE-3628,Active
24,dataset/urban-frdr/audio_2022_all_chunk\02-06-2022_01h15_HIVE-3631_Active.wav,02-06-2022_01h15_HIVE-3631_Active.wav,FRDR,Active,HIVE-3631,Active_HIVE-3631
25,dataset/urban-frdr/audio_2022_all_chunk\02-06-2022_01h30_HIVE-6_Queenless.wav,02-06-2022_01h30_HIVE-6_Queenless.wav,FRDR,Queenless,HIVE-6,Queenless_HIVE-6
26,dataset/urban-frdr/audio_2022_all_chunk\02-06-2022_01h45_HIVE-3631_Active.wav,02-06-2022_01h45_HIVE-3631_Active.wav,FRDR,Active,HIVE-3631,Active_HIVE-3631
27,dataset/urban-frdr/audio_2022_all_chunk\02-06-2022_02h00_HIVE-6_Queenless.wav,02-06-2022_02h00_HIVE-6_Queenless.wav,FRDR,Queenless,HIVE-6,Queenless_HIVE-6
28,dataset/urban-frdr/audio_2022_all_chunk\02-06-2022_02h15_HIVE-3631_Active.wav,02-06-2022_02h15_HIVE-3631_Active.wav,FRDR,Active,HIVE-3631,Active_HIVE-3631
29,dataset/urban-frdr/audio_2022_all_chunk\02-06-2022_04h30_HIVE-6_Queenless.wav,02-06-2022_04h30_HIVE-6_Queenless.wav,FRDR,Queenless,HIVE-6,Queenless_HIVE-6
30,dataset/urban-frdr/audio_2022_all_chunk\02-06-2022_04h45_HIVE-3631_Active.wav,02-06-2022_04h45_HIVE-3631_Active.wav,FRDR,Active,HIVE-3631,Active_HIVE-3631
31,dataset/urban-frdr/audio_2022_all_chunk\02-06-2022_06h30_HIVE-6_Queenless.wav,02-06-2022_06h30_HIVE-6_Queenless.wav,FRDR,Queenless,HIVE-6,Queenless_HIVE-6
32,dataset/urban-frdr/audio_2022_all_chunk\02-06-2022_06h45_HIVE-3631_Active.wav,02-06-2022_06h45_HIVE-3631_Active.wav,FRDR,Active,HIVE-3631,Active_HIVE-3631
33,dataset/urban-frdr/audio_2022_all_chunk\02-06-2022_07h00_HIVE-6_Queenless.wav,02-06-2022_07h00_HIVE-6_Queenless.wav,FRDR,Queenless,HIVE-6,Queenless_HIVE-6
34,dataset/urban-frdr/audio_2022_all_chunk\02-06-2022_07h15_HIVE-3631_Active.wav,02-06-2022_07h15_HIVE-3631_Active.wav,FRDR,Active,HIVE-3631,Active_HIVE-3631
35,dataset/urban-frdr/audio_2022_all_chunk\02-06-2022_10h00_HIVE-3693_Queenless.wav,02-06-2022_10h00_HIVE-3693_Queenless.wav,FRDR,Queenless,HIVE-3693,Queenless_HIVE-3693
36,dataset/urban-frdr/audio_2022_all_chunk\02-06-2022_10h00_HIVE-6_Queenless.wav,02-06-2022_10h00_HIVE-6_Queenless.wav,FRDR,Queenless,HIVE-6,Queenless_HIVE-6
37,dataset/urban-frdr/audio_2022_all_chunk\02-06-2022_10h15_HIVE-3631_Active.wav,02-06-2022_10h15_HIVE-3631_Active.wav,FRDR,Active,HIVE-3631,Active_HIVE-3631
38,dataset/urban-frdr/audio_2022_all_chunk\02-06-2022_10h15_HIVE-3690_Queenless.wav,02-06-2022_10h15_HIVE-3690_Queenless.wav,FRDR,Queenless,HIVE-3690,Queenless_HIVE-3690
39,dataset/urban-frdr/audio_2022_all_chunk\02-06-2022_12h00_HIVE-3628_Active.wav,02-06-2022_12h00_HIVE-3628_Active.wav,FRDR,Active,HIVE-3628,Active
40,dataset/urban-frdr/audio_2022_all_chunk\02-06-2022_12h00_HIVE-6_Queenless.wav,02-06-2022_12h00_HIVE-6_Queenless.wav,FRDR,Queenless,HIVE-6,Queenless_HIVE-6
41,dataset/urban-frdr/audio_2022_all_chunk\02-06-2022_12h15_HIVE-3631_Active.wav,02-06-2022_12h15_HIVE-3631_Active.wav,FRDR,Active,HIVE-3631,Active_HIVE-3631
42,dataset/urban-frdr/audio_2022_all_chunk\02-06-2022_12h15_HIVE-3690_Queenless.wav,02-06-2022_12h15_HIVE-3690_Queenless.wav,FRDR,Queenless,HIVE-3690,Queenless_HIVE-3690
43,dataset/urban-frdr/audio_2022_all_chunk\02-06-2022_12h30_HIVE-6_Queenless.wav,02-06-2022_12h30_HIVE-6_Queenless.wav,FRDR,Queenless,HIVE-6,Queenless_HIVE-6
44,dataset/urban-frdr/audio_2022_all_chunk\02-06-2022_12h45_HIVE-3631_Active.wav,02-06-2022_12h45_HIVE-3631_Active.wav,FRDR,Active,HIVE-3631,Active_HIVE-3631
45,dataset/urban-frdr/audio_2022_all_chunk\02-06-2022_12h45_HIVE-3690_Queenless.wav,02-06-2022_12h45_HIVE-3690_Queenless.wav,FRDR,Queenless,HIVE-3690,Queenless_HIVE-3690
46,dataset/urban-frdr/audio_2022_all_chunk\02-06-2022_13h00_HIVE-6_Queenless.wav,02-06-2022_13h00_HIVE-6_Queenless.wav,FRDR,Queenless,HIVE-6,Queenless_HIVE-6
47,dataset/urban-frdr/audio_2022_all_chunk\02-06-2022_13h15_HIVE-3631_Active.wav,02-06-2022_13h15_HIVE-3631_Active.wav,FRDR,Active,HIVE-3631,Active_HIVE-3631
48,dataset/urban-frdr/audio_2022_all_chunk\02-06-2022_13h15_HIVE-3690_Queenless.wav,02-06-2022_13h15_HIVE-3690_Queenless.wav,FRDR,Queenless,HIVE-3690,Queenless_HIVE-3690
49,dataset/urban-frdr/audio_2022_all_chunk\02-06-2022_14h30_HIVE-3628_Active.wav,02-06-2022_14h30_HIVE-3628_Active.wav,FRDR,Active,HIVE-3628,Active
50,dataset/urban-frdr/audio_2022_all_chunk\02-06-2022_14h30_HIVE-3693_Queenless.wav,02-06-2022_14h30_HIVE-3693_Queenless.wav,FRDR,Queenless,HIVE-3693,Queenless_HIVE-3693
51,dataset/urban-frdr/audio_2022_all_chunk\02-06-2022_15h00_HIVE-3628_Active.wav,02-06-2022_15h00_HIVE-3628_Active.wav,FRDR,Active,HIVE-3628,Active
52,dataset/urban-frdr/audio_2022_all_chunk\02-06-2022_15h00_HIVE-6_Queenless.wav,02-06-2022_15h00_HIVE-6_Queenless.wav,FRDR,Queenless,HIVE-6,Queenless_HIVE-6
53,dataset/urban-frdr/audio_2022_all_chunk\02-06-2022_15h45_HIVE-3690_Queenless.wav,02-06-2022_15h45_HIVE-3690_Queenless.wav,FRDR,Queenless,HIVE-3690,Queenless_HIVE-3690
54,dataset/urban-frdr/audio_2022_all_chunk\02-06-2022_16h15_HIVE-3690_Queenless.wav,02-06-2022_16h15_HIVE-3690_Queenless.wav,FRDR,Queenless,HIVE-3690,Queenless_HIVE-3690
55,dataset/urban-frdr/audio_2022_all_chunk\02-06-2022_16h15_HIVE-3692_Active.wav,02-06-2022_16h15_HIVE-3692_Active.wav,FRDR,Active,HIVE-3692,Active
56,dataset/urban-frdr/audio_2022_all_chunk\02-06-2022_16h30_HIVE-3627_Active.wav,02-06-2022_16h30_HIVE-3627_Active.wav,FRDR,Active,HIVE-3627,Active
57,dataset/urban-frdr/audio_2022_all_chunk\02-06-2022_16h30_HIVE-3693_Queenless.wav,02-06-2022_16h30_HIVE-3693_Queenless.wav,FRDR,Queenless,HIVE-3693,Queenless_HIVE-3693
58,dataset/urban-frdr/audio_2022_all_chunk\04-07-2022_17h00_HIVE-3690_Active.wav,04-07-2022_17h00_HIVE-3690_Active.wav,FRDR,Active,HIVE-3690,Active_HIVE-3690
59,dataset/urban-frdr/audio_2022_all_chunk\04-07-2022_18h15_HIVE-3693_Active.wav,04-07-2022_18h15_HIVE-3693_Active.wav,FRDR,Active,HIVE-3693,Active
60,dataset/urban-frdr/audio_2022_all_chunk\04-07-2022_18h30_HIVE-3690_Active.wav,04-07-2022_18h30_HIVE-3690_Active.wav,FRDR,Active,HIVE-3690,Active_HIVE-3690
61,dataset/urban-frdr/audio_2022_all_chunk\04-07-2022_18h45_HIVE-3640_Active.wav,04-07-2022_18h45_HIVE-3640_Active.wav,FRDR,Active,HIVE-3640,Active_HIVE-3640
62,dataset/urban-frdr/audio_2022_all_chunk\04-07-2022_21h15_HIVE-3640_Active.wav,04-07-2022_21h15_HIVE-3640_Active.wav,FRDR,Active,HIVE-3640,Active_HIVE-3640
63,dataset/urban-frdr/audio_2022_all_chunk\04-08-2022_06h45_HIVE-3691_Active.wav,04-08-2022_06h45_HIVE-3691_Active.wav,FRDR,Active,HIVE-3691,Active
64,dataset/urban-frdr/audio_2022_all_chunk\04-08-2022_09h00_HIVE-3628_Active.wav,04-08-2022_09h00_HIVE-3628_Active.wav,FRDR,Active,HIVE-3628,Active
65,dataset/urban-frdr/audio_2022_all_chunk\04-08-2022_12h15_HIVE-3690_Active.wav,04-08-2022_12h15_HIVE-3690_Active.wav,FRDR,Active,HIVE-3690,Active_HIVE-3690
66,dataset/urban-frdr/audio_2022_all_chunk\04-08-2022_12h30_HIVE-3628_Active.wav,04-08-2022_12h30_HIVE-3628_Active.wav,FRDR,Active,HIVE-3628,Active
67,dataset/urban-frdr/audio_2022_all_chunk\04-08-2022_14h30_HIVE-3692_Active.wav,04-08-2022_14h30_HIVE-3692_Active.wav,FRDR,Active,HIVE-3692,Active
68,dataset/urban-frdr/audio_2022_all_chunk\07-06-2022_00h00_HIVE-3693_Queenless.wav,07-06-2022_00h00_HIVE-3693_Queenless.wav,FRDR,Queenless,HIVE-3693,Queenless_HIVE-3693
69,dataset/urban-frdr/audio_2022_all_chunk\07-06-2022_00h30_HIVE-3693_Queenless.wav,07-06-2022_00h30_HIVE-3693_Queenless.wav,FRDR,Queenless,HIVE-3693,Queenless_HIVE-3693
70,dataset/urban-frdr/audio_2022_all_chunk\07-06-2022_02h00_HIVE-3693_Queenless.wav,07-06-2022_02h00_HIVE-3693_Queenless.wav,FRDR,Queenless,HIVE-3693,Queenless_HIVE-3693
71,dataset/urban-frdr/audio_2022_all_chunk\07-06-2022_02h15_HIVE-3690_Queenless.wav,07-06-2022_02h15_HIVE-3690_Queenless.wav,FRDR,Queenless,HIVE-3690,Queenless_HIVE-3690
72,dataset/urban-frdr/audio_2022_all_chunk\07-06-2022_04h00_HIVE-3693_Queenless.wav,07-06-2022_04h00_HIVE-3693_Queenless.wav,FRDR,Queenless,HIVE-3693,Queenless_HIVE-3693
73,dataset/urban-frdr/audio_2022_all_chunk\07-06-2022_05h30_HIVE-3693_Queenless.wav,07-06-2022_05h30_HIVE-3693_Queenless.wav,FRDR,Queenless,HIVE-3693,Queenless_HIVE-3693
74,dataset/urban-frdr/audio_2022_all_chunk\07-06-2022_10h30_HIVE-3693_Queenless.wav,07-06-2022_10h30_HIVE-3693_Queenless.wav,FRDR,Queenless,HIVE-3693,Queenless_HIVE-3693
75,dataset/urban-frdr/audio_2022_all_chunk\07-06-2022_12h15_HIVE-3690_Queenless.wav,07-06-2022_12h15_HIVE-3690_Queenless.wav,FRDR,Queenless,HIVE-3690,Queenless_HIVE-3690
76,dataset/urban-frdr/audio_2022_all_chunk\07-06-2022_14h15_HIVE-3690_Queenless.wav,07-06-2022_14h15_HIVE-3690_Queenless.wav,FRDR,Queenless,HIVE-3690,Queenless_HIVE-3690
77,dataset/urban-frdr/audio_2022_all_chunk\07-06-2022_14h30_HIVE-3693_Queenless.wav,07-06-2022_14h30_HIVE-3693_Queenless.wav,FRDR,Queenless,HIVE-3693,Queenless_HIVE-3693
78,dataset/urban-frdr/audio_2022_all_chunk\07-06-2022_14h45_HIVE-3690_Queenless.wav,07-06-2022_14h45_HIVE-3690_Queenless.wav,FRDR,Queenless,HIVE-3690,Queenless_HIVE-3690
79,dataset/urban-frdr/audio_2022_all_chunk\07-06-2022_16h45_HIVE-3690_Queenless.wav,07-06-2022_16h45_HIVE-3690_Queenless.wav,FRDR,Queenless,HIVE-3690,Queenless_HIVE-3690
80,dataset/urban-frdr/audio_2022_all_chunk\07-06-2022_19h00_HIVE-3693_Queenless.wav,07-06-2022_19h00_HIVE-3693_Queenless.wav,FRDR,Queenless,HIVE-3693,Queenless_HIVE-3693
81,dataset/urban-frdr/audio_2022_all_chunk\07-06-2022_19h15_HIVE-3690_Queenless.wav,07-06-2022_19h15_HIVE-3690_Queenless.wav,FRDR,Queenless,HIVE-3690,Queenless_HIVE-3690
82,dataset/urban-frdr/audio_2022_all_chunk\07-06-2022_20h00_HIVE-3693_Queenless.wav,07-06-2022_20h00_HIVE-3693_Queenless.wav,FRDR,Queenless,HIVE-3693,Queenless_HIVE-3693
83,dataset/urban-frdr/audio_2022_all_chunk\07-06-2022_20h15_HIVE-3690_Queenless.wav,07-06-2022_20h15_HIVE-3690_Queenless.wav,FRDR,Queenless,HIVE-3690,Queenless_HIVE-3690
84,dataset/urban-frdr/audio_2022_all_chunk\07-09-2022_00h00_HIVE-3690_Active.wav,07-09-2022_00h00_HIVE-3690_Active.wav,FRDR,Active,HIVE-3690,Active_HIVE-3690
85,dataset/urban-frdr/audio_2022_all_chunk\07-09-2022_00h15_HIVE-3693_Active.wav,07-09-2022_00h15_HIVE-3693_Active.wav,FRDR,Active,HIVE-3693,Active
86,dataset/urban-frdr/audio_2022_all_chunk\07-09-2022_00h15_HIVE-6_Active.wav,07-09-2022_00h15_HIVE-6_Active.wav,FRDR,Active,HIVE-6,Active_HIVE-6
87,dataset/urban-frdr/audio_2022_all_chunk\07-09-2022_00h45_HIVE-6_Active.wav,07-09-2022_00h45_HIVE-6_Active.wav,FRDR,Active,HIVE-6,Active_HIVE-6
88,dataset/urban-frdr/audio_2022_all_chunk\07-09-2022_01h00_HIVE-3631_Active.wav,07-09-2022_01h00_HIVE-3631_Active.wav,FRDR,Active,HIVE-3631,Active_HIVE-3631
89,dataset/urban-frdr/audio_2022_all_chunk\07-09-2022_01h00_HIVE-3690_Active.wav,07-09-2022_01h00_HIVE-3690_Active.wav,FRDR,Active,HIVE-3690,Active_HIVE-3690
90,dataset/urban-frdr/audio_2022_all_chunk\07-09-2022_01h15_HIVE-3693_Active.wav,07-09-2022_01h15_HIVE-3693_Active.wav,FRDR,Active,HIVE-3693,Active
91,dataset/urban-frdr/audio_2022_all_chunk\07-09-2022_09h45_HIVE-6_Active.wav,07-09-2022_09h45_HIVE-6_Active.wav,FRDR,Active,HIVE-6,Active_HIVE-6
92,dataset/urban-frdr/audio_2022_all_chunk\07-09-2022_16h30_HIVE-3631_Active.wav,07-09-2022_16h30_HIVE-3631_Active.wav,FRDR,Active,HIVE-3631,Active_HIVE-3631
93,dataset/urban-frdr/audio_2022_all_chunk\07-09-2022_17h15_HIVE-6_Active.wav,07-09-2022_17h15_HIVE-6_Active.wav,FRDR,Active,HIVE-6,Active_HIVE-6
94,dataset/urban-frdr/audio_2022_all_chunk\07-09-2022_17h30_HIVE-3631_Active.wav,07-09-2022_17h30_HIVE-3631_Active.wav,FRDR,Active,HIVE-3631,Active_HIVE-3631
95,dataset/urban-frdr/audio_2022_all_chunk\07-09-2022_23h30_HIVE-3631_Active.wav,07-09-2022_23h30_HIVE-3631_Active.wav,FRDR,Active,HIVE-3631,Active_HIVE-3631
96,dataset/urban-frdr/audio_2022_all_chunk\07-09-2022_23h45_HIVE-6_Active.wav,07-09-2022_23h45_HIVE-6_Active.wav,FRDR,Active,HIVE-6,Active_HIVE-6
97,dataset/urban-frdr/audio_2022_all_chunk\11-07-2022_00h30_HIVE-3690_Active.wav,11-07-2022_00h30_HIVE-3690_Active.wav,FRDR,Active,HIVE-3690,Active_HIVE-3690
98,dataset/urban-frdr/audio_2022_all_chunk\11-07-2022_01h15_HIVE-3640_Active.wav,11-07-2022_01h15_HIVE-3640_Active.wav,FRDR,Active,HIVE-3640,Active_HIVE-3640
99,dataset/urban-frdr/audio_2022_all_chunk\11-07-2022_01h45_HIVE-3693_Active.wav,11-07-2022_01h45_HIVE-3693_Active.wav,FRDR,Active,HIVE-3693,Active
100,dataset/urban-frdr/audio_2022_all_chunk\11-07-2022_09h15_HIVE-3693_Active.wav,11-07-2022_09h15_HIVE-3693_Active.wav,FRDR,Active,HIVE-3693,Active
101,dataset/urban-frdr/audio_2022_all_chunk\11-07-2022_09h30_HIVE-3690_Active.wav,11-07-2022_09h30_HIVE-3690_Active.wav,FRDR,Active,HIVE-3690,Active_HIVE-3690
102,dataset/urban-frdr/audio_2022_all_chunk\11-07-2022_09h30_HIVE-6_Queenless.wav,11-07-2022_09h30_HIVE-6_Queenless.wav,FRDR,Queenless,HIVE-6,Queenless_HIVE-6
103,dataset/urban-frdr/audio_2022_all_chunk\11-07-2022_09h45_HIVE-3640_Active.wav,11-07-2022_09h45_HIVE-3640_Active.wav,FRDR,Active,HIVE-3640,Active_HIVE-3640
104,dataset/urban-frdr/audio_2022_all_chunk\11-07-2022_18h15_HIVE-3690_Active.wav,11-07-2022_18h15_HIVE-3690_Active.wav,FRDR,Active,HIVE-3690,Active_HIVE-3690
105,dataset/urban-frdr/audio_2022_all_chunk\11-07-2022_18h30_HIVE-6_Queenless.wav,11-07-2022_18h30_HIVE-6_Queenless.wav,FRDR,Queenless,HIVE-6,Queenless_HIVE-6
106,dataset/urban-frdr/audio_2022_all_chunk\20-06-2022_10h30_HIVE-3640_Active.wav,20-06-2022_10h30_HIVE-3640_Active.wav,FRDR,Active,HIVE-3640,Active_HIVE-3640
107,dataset/urban-frdr/audio_2022_all_chunk\20-06-2022_11h00_HIVE-3640_Active.wav,20-06-2022_11h00_HIVE-3640_Active.wav,FRDR,Active,HIVE-3640,Active_HIVE-3640
108,dataset/urban-frdr/audio_2022_all_chunk\21-09-2022_03h15_HIVE-6_Active.wav,21-09-2022_03h15_HIVE-6_Active.wav,FRDR,Active,HIVE-6,Active_HIVE-6
109,dataset/urban-frdr/audio_2022_all_chunk\21-09-2022_04h00_HIVE-3691_Active.wav,21-09-2022_04h00_HIVE-3691_Active.wav,FRDR,Active,HIVE-3691,Active
110,dataset/urban-frdr/audio_2022_all_chunk\21-09-2022_06h45_HIVE-3628_Active.wav,21-09-2022_06h45_HIVE-3628_Active.wav,FRDR,Active,HIVE-3628,Active
111,dataset/urban-frdr/audio_2022_all_chunk\21-09-2022_07h30_HIVE-3691_Active.wav,21-09-2022_07h30_HIVE-3691_Active.wav,FRDR,Active,HIVE-3691,Active
112,dataset/urban-frdr/audio_2022_all_chunk\21-09-2022_08h15_HIVE-6_Active.wav,21-09-2022_08h15_HIVE-6_Active.wav,FRDR,Active,HIVE-6,Active_HIVE-6
113,dataset/urban-frdr/audio_2022_all_chunk\21-09-2022_18h15_HIVE-3628_Active.wav,21-09-2022_18h15_HIVE-3628_Active.wav,FRDR,Active,HIVE-3628,Active
114,dataset/urban-frdr/audio_2022_all_chunk\21-09-2022_18h30_HIVE-3631_Active.wav,21-09-2022_18h30_HIVE-3631_Active.wav,FRDR,Active,HIVE-3631,Active_HIVE-3631
115,dataset/urban-frdr/audio_2022_all_chunk\24-08-2022_00h15_HIVE-6_Active.wav,24-08-2022_00h15_HIVE-6_Active.wav,FRDR,Active,HIVE-6,Active_HIVE-6
116,dataset/urban-frdr/audio_2022_all_chunk\24-08-2022_00h30_HIVE-3628_Infested.wav,24-08-2022_00h30_HIVE-3628_Infested.wav,FRDR,Infested,HIVE-3628,Infested
117,dataset/urban-frdr/audio_2022_all_chunk\24-08-2022_00h30_HIVE-3631_Active.wav,24-08-2022_00h30_HIVE-3631_Active.wav,FRDR,Active,HIVE-3631,Active_HIVE-3631
118,dataset/urban-frdr/audio_2022_all_chunk\24-08-2022_00h45_HIVE-3691_Infested.wav,24-08-2022_00h45_HIVE-3691_Infested.wav,FRDR,Infested,HIVE-3691,Infested
119,dataset/urban-frdr/audio_2022_all_chunk\24-08-2022_00h45_HIVE-6_Active.wav,24-08-2022_00h45_HIVE-6_Active.wav,FRDR,Active,HIVE-6,Active_HIVE-6
120,dataset/urban-frdr/audio_2022_all_chunk\24-08-2022_03h30_HIVE-3628_Infested.wav,24-08-2022_03h30_HIVE-3628_Infested.wav,FRDR,Infested,HIVE-3628,Infested
121,dataset/urban-frdr/audio_2022_all_chunk\24-08-2022_04h00_HIVE-3628_Infested.wav,24-08-2022_04h00_HIVE-3628_Infested.wav,FRDR,Infested,HIVE-3628,Infested
122,dataset/urban-frdr/audio_2022_all_chunk\24-08-2022_04h00_HIVE-6_Active.wav,24-08-2022_04h00_HIVE-6_Active.wav,FRDR,Active,HIVE-6,Active_HIVE-6
123,dataset/urban-frdr/audio_2022_all_chunk\24-08-2022_07h15_HIVE-3631_Active.wav,24-08-2022_07h15_HIVE-3631_Active.wav,FRDR,Active,HIVE-3631,Active_HIVE-3631
124,dataset/urban-frdr/audio_2022_all_chunk\24-08-2022_07h30_HIVE-6_Active.wav,24-08-2022_07h30_HIVE-6_Active.wav,FRDR,Active,HIVE-6,Active_HIVE-6
125,dataset/urban-frdr/audio_2022_all_chunk\24-08-2022_09h30_HIVE-3628_Infested.wav,24-08-2022_09h30_HIVE-3628_Infested.wav,FRDR,Infested,HIVE-3628,Infested
126,dataset/urban-frdr/audio_2022_all_chunk\24-08-2022_12h00_HIVE-3628_Infested.wav,24-08-2022_12h00_HIVE-3628_Infested.wav,FRDR,Infested,HIVE-3628,Infested
127,dataset/urban-frdr/audio_2022_all_chunk\24-08-2022_12h30_HIVE-3628_Infested.wav,24-08-2022_12h30_HIVE-3628_Infested.wav,FRDR,Infested,HIVE-3628,Infested
128,dataset/urban-frdr/audio_2022_all_chunk\24-08-2022_12h30_HIVE-6_Active.wav,24-08-2022_12h30_HIVE-6_Active.wav,FRDR,Active,HIVE-6,Active_HIVE-6
129,dataset/urban-frdr/audio_2022_all_chunk\24-08-2022_12h45_HIVE-3631_Active.wav,24-08-2022_12h45_HIVE-3631_Active.wav,FRDR,Active,HIVE-3631,Active_HIVE-3631
130,dataset/urban-frdr/audio_2022_all_chunk\24-08-2022_20h00_HIVE-3628_Infested.wav,24-08-2022_20h00_HIVE-3628_Infested.wav,FRDR,Infested,HIVE-3628,Infested
131,dataset/urban-frdr/audio_2022_all_chunk\24-08-2022_20h00_HIVE-3693_Infested.wav,24-08-2022_20h00_HIVE-3693_Infested.wav,FRDR,Infested,HIVE-3693,Infested_HIVE-3693
132,dataset/urban-frdr/audio_2022_all_chunk\24-08-2022_20h00_HIVE-6_Active.wav,24-08-2022_20h00_HIVE-6_Active.wav,FRDR,Active,HIVE-6,Active_HIVE-6
133,dataset/urban-frdr/audio_2022_all_chunk\24-08-2022_20h15_HIVE-3631_Active.wav,24-08-2022_20h15_HIVE-3631_Active.wav,FRDR,Active,HIVE-3631,Active_HIVE-3631
134,dataset/urban-frdr/audio_2022_all_chunk\24-08-2022_22h00_HIVE-3628_Infested.wav,24-08-2022_22h00_HIVE-3628_Infested.wav,FRDR,Infested,HIVE-3628,Infested
135,dataset/urban-frdr/audio_2022_all_chunk\24-08-2022_23h30_HIVE-3693_Infested.wav,24-08-2022_23h30_HIVE-3693_Infested.wav,FRDR,Infested,HIVE-3693,Infested_HIVE-3693
136,dataset/urban-frdr/audio_2022_all_chunk\27-06-2022_03h15_HIVE-3640_Active.wav,27-06-2022_03h15_HIVE-3640_Active.wav,FRDR,Active,HIVE-3640,Active_HIVE-3640
137,dataset/urban-frdr/audio_2022_all_chunk\27-06-2022_06h45_HIVE-3691_Active.wav,27-06-2022_06h45_HIVE-3691_Active.wav,FRDR,Active,HIVE-3691,Active
138,dataset/urban-frdr/audio_2022_all_chunk\27-06-2022_15h45_HIVE-3640_Active.wav,27-06-2022_15h45_HIVE-3640_Active.wav,FRDR,Active,HIVE-3640,Active_HIVE-3640
139,dataset/urban-frdr/audio_2022_all_chunk\27-06-2022_17h45_HIVE-3691_Active.wav,27-06-2022_17h45_HIVE-3691_Active.wav,FRDR,Active,HIVE-3691,Active
140,dataset/urban-frdr/audio_2022_all_chunk\27-06-2022_21h15_HIVE-3640_Active.wav,27-06-2022_21h15_HIVE-3640_Active.wav,FRDR,Active,HIVE-3640,Active_HIVE-3640
141,dataset/urban-frdr/audio_2022_all_chunk\29-09-2022_01h00_HIVE-3690_Active.wav,29-09-2022_01h00_HIVE-3690_Active.wav,FRDR,Active,HIVE-3690,Active_HIVE-3690
142,dataset/urban-frdr/audio_2022_all_chunk\29-09-2022_01h15_HIVE-6_Active.wav,29-09-2022_01h15_HIVE-6_Active.wav,FRDR,Active,HIVE-6,Active_HIVE-6
143,dataset/urban-frdr/audio_2022_all_chunk\29-09-2022_02h30_HIVE-3690_Active.wav,29-09-2022_02h30_HIVE-3690_Active.wav,FRDR,Active,HIVE-3690,Active_HIVE-3690
144,dataset/urban-frdr/audio_2022_all_chunk\29-09-2022_02h45_HIVE-6_Active.wav,29-09-2022_02h45_HIVE-6_Active.wav,FRDR,Active,HIVE-6,Active_HIVE-6
145,dataset/urban-frdr/audio_2022_all_chunk\29-09-2022_03h00_HIVE-3690_Active.wav,29-09-2022_03h00_HIVE-3690_Active.wav,FRDR,Active,HIVE-3690,Active_HIVE-3690
146,dataset/urban-frdr/audio_2022_all_chunk\29-09-2022_04h00_HIVE-3640_Active.wav,29-09-2022_04h00_HIVE-3640_Active.wav,FRDR,Active,HIVE-3640,Active_HIVE-3640
147,dataset/urban-frdr/audio_2022_all_chunk\29-09-2022_04h00_HIVE-3690_Active.wav,29-09-2022_04h00_HIVE-3690_Active.wav,FRDR,Active,HIVE-3690,Active_HIVE-3690
148,dataset/urban-frdr/audio_2022_all_chunk\29-09-2022_07h00_HIVE-3631_Active.wav,29-09-2022_07h00_HIVE-3631_Active.wav,FRDR,Active,HIVE-3631,Active_HIVE-3631
149,dataset/urban-frdr/audio_2022_all_chunk\29-09-2022_07h00_HIVE-3690_Active.wav,29-09-2022_07h00_HIVE-3690_Active.wav,FRDR,Active,HIVE-3690,Active_HIVE-3690
150,dataset/urban-frdr/audio_2022_all_chunk\29-09-2022_07h15_HIVE-6_Active.wav,29-09-2022_07h15_HIVE-6_Active.wav,FRDR,Active,HIVE-6,Active_HIVE-6
151,dataset/urban-frdr/audio_2022_all_chunk\29-09-2022_08h30_HIVE-3631_Active.wav,29-09-2022_08h30_HIVE-3631_Active.wav,FRDR,Active,HIVE-3631,Active_HIVE-3631
152,dataset/urban-frdr/audio_2022_all_chunk\29-09-2022_08h30_HIVE-3690_Active.wav,29-09-2022_08h30_HIVE-3690_Active.wav,FRDR,Active,HIVE-3690,Active_HIVE-3690
153,dataset/urban-frdr/audio_2022_all_chunk\29-09-2022_08h45_HIVE-6_Active.wav,29-09-2022_08h45_HIVE-6_Active.wav,FRDR,Active,HIVE-6,Active_HIVE-6
154,dataset/urban-frdr/audio_2022_all_chunk\29-09-2022_10h00_HIVE-3690_Active.wav,29-09-2022_10h00_HIVE-3690_Active.wav,FRDR,Active,HIVE-3690,Active_HIVE-3690
155,dataset/urban-frdr/audio_2022_all_chunk\29-09-2022_18h15_HIVE-3640_Active.wav,29-09-2022_18h15_HIVE-3640_Active.wav,FRDR,Active,HIVE-3640,Active_HIVE-3640
156,dataset/urban-frdr/audio_2022_all_chunk\29-09-2022_22h30_HIVE-3631_Active.wav,29-09-2022_22h30_HIVE-3631_Active.wav,FRDR,Active,HIVE-3631,Active_HIVE-3631
157,dataset/urban-frdr/audio_2022_all_chunk\29-09-2022_22h45_HIVE-3640_Active.wav,29-09-2022_22h45_HIVE-3640_Active.wav,FRDR,Active,HIVE-3640,Active_HIVE-3640
158,dataset/urban-frdr/audio_2022_all_chunk\29-09-2022_22h45_HIVE-6_Active.wav,29-09-2022_22h45_HIVE-6_Active.wav,FRDR,Active,HIVE-6,Active_HIVE-6
159,dataset/urban-frdr/audio_2022_all_chunk\30-09-2022_01h00_HIVE-3631_Infested.wav,30-09-2022_01h00_HIVE-3631_Infested.wav,FRDR,Infested,HIVE-3631,Infested_HIVE-3631
160,dataset/urban-frdr/audio_2022_all_chunk\30-09-2022_01h00_HIVE-3690_Infested.wav,30-09-2022_01h00_HIVE-3690_Infested.wav,FRDR,Infested,HIVE-3690,Infested
161,dataset/urban-frdr/audio_2022_all_chunk\30-09-2022_01h15_HIVE-3640_Infested.wav,30-09-2022_01h15_HIVE-3640_Infested.wav,FRDR,Infested,HIVE-3640,Infested
162,dataset/urban-frdr/audio_2022_all_chunk\30-09-2022_01h15_HIVE-3693_Infested.wav,30-09-2022_01h15_HIVE-3693_Infested.wav,FRDR,Infested,HIVE-3693,Infested_HIVE-3693
163,dataset/urban-frdr/audio_2022_all_chunk\30-09-2022_02h15_HIVE-3640_Infested.wav,30-09-2022_02h15_HIVE-3640_Infested.wav,FRDR,Infested,HIVE-3640,Infested
164,dataset/urban-frdr/audio_2022_all_chunk\30-09-2022_03h15_HIVE-3640_Infested.wav,30-09-2022_03h15_HIVE-3640_Infested.wav,FRDR,Infested,HIVE-3640,Infested
165,dataset/urban-frdr/audio_2022_all_chunk\30-09-2022_04h30_HIVE-6_Infested.wav,30-09-2022_04h30_HIVE-6_Infested.wav,FRDR,Infested,HIVE-6,Infested_HIVE-6
166,dataset/urban-frdr/audio_2022_all_chunk\30-09-2022_04h45_HIVE-3640_Infested.wav,30-09-2022_04h45_HIVE-3640_Infested.wav,FRDR,Infested,HIVE-3640,Infested
167,dataset/urban-frdr/audio_2022_all_chunk\30-09-2022_04h45_HIVE-3693_Infested.wav,30-09-2022_04h45_HIVE-3693_Infested.wav,FRDR,Infested,HIVE-3693,Infested_HIVE-3693
168,dataset/urban-frdr/audio_2022_all_chunk\30-09-2022_05h00_HIVE-3690_Infested.wav,30-09-2022_05h00_HIVE-3690_Infested.wav,FRDR,Infested,HIVE-3690,Infested
169,dataset/urban-frdr/audio_2022_all_chunk\30-09-2022_06h45_HIVE-3631_Infested.wav,30-09-2022_06h45_HIVE-3631_Infested.wav,FRDR,Infested,HIVE-3631,Infested_HIVE-3631
170,dataset/urban-frdr/audio_2022_all_chunk\30-09-2022_06h45_HIVE-3640_Infested.wav,30-09-2022_06h45_HIVE-3640_Infested.wav,FRDR,Infested,HIVE-3640,Infested
171,dataset/urban-frdr/audio_2022_all_chunk\30-09-2022_06h45_HIVE-3693_Infested.wav,30-09-2022_06h45_HIVE-3693_Infested.wav,FRDR,Infested,HIVE-3693,Infested_HIVE-3693
172,dataset/urban-frdr/audio_2022_all_chunk\30-09-2022_07h00_HIVE-3690_Infested.wav,30-09-2022_07h00_HIVE-3690_Infested.wav,FRDR,Infested,HIVE-3690,Infested
173,dataset/urban-frdr/audio_2022_all_chunk\30-09-2022_08h45_HIVE-3640_Infested.wav,30-09-2022_08h45_HIVE-3640_Infested.wav,FRDR,Infested,HIVE-3640,Infested
174,dataset/urban-frdr/audio_2022_all_chunk\30-09-2022_09h00_HIVE-3690_Infested.wav,30-09-2022_09h00_HIVE-3690_Infested.wav,FRDR,Infested,HIVE-3690,Infested
175,dataset/urban-frdr/audio_2022_all_chunk\30-09-2022_09h00_HIVE-6_Infested.wav,30-09-2022_09h00_HIVE-6_Infested.wav,FRDR,Infested,HIVE-6,Infested_HIVE-6
176,dataset/urban-frdr/audio_2022_all_chunk\30-09-2022_09h15_HIVE-3631_Infested.wav,30-09-2022_09h15_HIVE-3631_Infested.wav,FRDR,Infested,HIVE-3631,Infested_HIVE-3631
177,dataset/urban-frdr/audio_2022_all_chunk\30-09-2022_12h30_HIVE-6_Infested.wav,30-09-2022_12h30_HIVE-6_Infested.wav,FRDR,Infested,HIVE-6,Infested_HIVE-6
178,dataset/urban-frdr/audio_2022_all_chunk\30-09-2022_12h45_HIVE-3640_Infested.wav,30-09-2022_12h45_HIVE-3640_Infested.wav,FRDR,Infested,HIVE-3640,Infested
179,dataset/urban-frdr/audio_2022_all_chunk\30-09-2022_15h15_HIVE-3631_Infested.wav,30-09-2022_15h15_HIVE-3631_Infested.wav,FRDR,Infested,HIVE-3631,Infested_HIVE-3631
180,dataset/urban-frdr/audio_2022_all_chunk\30-09-2022_15h15_HIVE-3693_Infested.wav,30-09-2022_15h15_HIVE-3693_Infested.wav,FRDR,Infested,HIVE-3693,Infested_HIVE-3693
181,dataset/urban-frdr/audio_2022_all_chunk\30-09-2022_15h30_HIVE-3690_Infested.wav,30-09-2022_15h30_HIVE-3690_Infested.wav,FRDR,Infested,HIVE-3690,Infested
182,dataset/urban-frdr/audio_2022_all_chunk\30-09-2022_15h45_HIVE-3693_Infested.wav,30-09-2022_15h45_HIVE-3693_Infested.wav,FRDR,Infested,HIVE-3693,Infested_HIVE-3693
183,dataset/urban-frdr/audio_2022_all_chunk\30-09-2022_16h00_HIVE-3690_Infested.wav,30-09-2022_16h00_HIVE-3690_Infested.wav,FRDR,Infested,HIVE-3690,Infested
184,dataset/urban-frdr/audio_2022_all_chunk\30-09-2022_16h00_HIVE-6_Infested.wav,30-09-2022_16h00_HIVE-6_Infested.wav,FRDR,Infested,HIVE-6,Infested_HIVE-6
185,dataset/urban-frdr/audio_2022_all_chunk\30-09-2022_17h00_HIVE-3690_Infested.wav,30-09-2022_17h00_HIVE-3690_Infested.wav,FRDR,Infested,HIVE-3690,Infested
186,dataset/urban-frdr/audio_2022_all_chunk\30-09-2022_17h00_HIVE-3691_Infested.wav,30-09-2022_17h00_HIVE-3691_Infested.wav,FRDR,Infested,HIVE-3691,Infested
187,dataset/urban-frdr/audio_2022_all_chunk\30-09-2022_17h00_HIVE-6_Infested.wav,30-09-2022_17h00_HIVE-6_Infested.wav,FRDR,Infested,HIVE-6,Infested_HIVE-6
188,dataset/urban-frdr/audio_2022_all_chunk\30-09-2022_17h15_HIVE-3631_Infested.wav,30-09-2022_17h15_HIVE-3631_Infested.wav,FRDR,Infested,HIVE-3631,Infested_HIVE-3631
189,dataset/urban-frdr/audio_2022_all_chunk\30-09-2022_17h15_HIVE-3640_Infested.wav,30-09-2022_17h15_HIVE-3640_Infested.wav,FRDR,Infested,HIVE-3640,Infested
190,dataset/urban-frdr/audio_2022_all_chunk\30-09-2022_18h30_HIVE-6_Infested.wav,30-09-2022_18h30_HIVE-6_Infested.wav,FRDR,Infested,HIVE-6,Infested_HIVE-6
191,dataset/urban-frdr/audio_2022_all_chunk\30-09-2022_20h00_HIVE-3690_Infested.wav,30-09-2022_20h00_HIVE-3690_Infested.wav,FRDR,Infested,HIVE-3690,Infested
192,dataset/urban-frdr/audio_2022_all_chunk\30-09-2022_20h00_HIVE-6_Infested.wav,30-09-2022_20h00_HIVE-6_Infested.wav,FRDR,Infested,HIVE-6,Infested_HIVE-6
193,dataset/urban-frdr/audio_2022_all_chunk\30-09-2022_20h15_HIVE-3631_Infested.wav,30-09-2022_20h15_HIVE-3631_Infested.wav,FRDR,Infested,HIVE-3631,Infested_HIVE-3631
194,dataset/urban-frdr/audio_2022_all_chunk\30-09-2022_20h15_HIVE-3693_Infested.wav,30-09-2022_20h15_HIVE-3693_Infested.wav,FRDR,Infested,HIVE-3693,Infested_HIVE-3693
195,dataset/urban-frdr/audio_2022_all_chunk\30-09-2022_20h30_HIVE-3640_Infested.wav,30-09-2022_20h30_HIVE-3640_Infested.wav,FRDR,Infested,HIVE-3640,Infested
196,dataset/urban-frdr/audio_2022_all_chunk\30-09-2022_20h30_HIVE-6_Infested.wav,30-09-2022_20h30_HIVE-6_Infested.wav,FRDR,Infested,HIVE-6,Infested_HIVE-6
197,dataset/urban-frdr/audio_2022_all_chunk\30-09-2022_21h30_HIVE-3691_Infested.wav,30-09-2022_21h30_HIVE-3691_Infested.wav,FRDR,Infested,HIVE-3691,Infested
198,dataset/urban-frdr/audio_2022_all_chunk\30-09-2022_21h45_HIVE-3631_Infested.wav,30-09-2022_21h45_HIVE-3631_Infested.wav,FRDR,Infested,HIVE-3631,Infested_HIVE-3631
199,dataset/urban-frdr/audio_2022_all_chunk\30-09-2022_21h45_HIVE-3693_Infested.wav,30-09-2022_21h45_HIVE-3693_Infested.wav,FRDR,Infested,HIVE-3693,Infested_HIVE-3693
200,dataset/urban-frdr/audio_2022_all_chunk\30-09-2022_22h00_HIVE-3690_Infested.wav,30-09-2022_22h00_HIVE-3690_Infested.wav,FRDR,Infested,HIVE-3690,Infested
201,dataset/urban-frdr/audio_2022_all_chunk\30-09-2022_22h00_HIVE-6_Infested.wav,30-09-2022_22h00_HIVE-6_Infested.wav,FRDR,Infested,HIVE-6,Infested_HIVE-6
202,dataset/urban-frdr/audio_2022_all_chunk\30-09-2022_22h15_HIVE-3631_Infested.wav,30-09-2022_22h15_HIVE-3631_Infested.wav,FRDR,Infested,HIVE-3631,Infested_HIVE-3631
203,dataset/urban-frdr/audio_2022_all_chunk\30-09-2022_22h15_HIVE-3693_Infested.wav,30-09-2022_22h15_HIVE-3693_Infested.wav,FRDR,Infested,HIVE-3693,Infested_HIVE-3693
204,dataset\zenodo\Hive1_12_06_2018\Hive1 12_06_2018_QueenBee____00_00_00.wav,Hive1 12_06_2018_QueenBee____00_00_00.wav,Hive1_12_06_2018,Active,Hive1,
205,dataset\zenodo\Hive1_12_06_2018\Hive1 12_06_2018_QueenBee____00_10_00.wav,Hive1 12_06_2018_QueenBee____00_10_00.wav,Hive1_12_06_2018,Active,Hive1,
206,dataset\zenodo\Hive1_12_06_2018\Hive1 12_06_2018_QueenBee____00_20_00.wav,Hive1 12_06_2018_QueenBee____00_20_00.wav,Hive1_12_06_2018,Active,Hive1,
207,dataset\zenodo\Hive1_12_06_2018\Hive1 12_06_2018_QueenBee____00_30_00.wav,Hive1 12_06_2018_QueenBee____00_30_00.wav,Hive1_12_06_2018,Active,Hive1,
208,dataset\zenodo\Hive1_12_06_2018\Hive1 12_06_2018_QueenBee____00_40_00.wav,Hive1 12_06_2018_QueenBee____00_40_00.wav,Hive1_12_06_2018,Active,Hive1,
209,dataset\zenodo\Hive1_12_06_2018\Hive1 12_06_2018_QueenBee____00_50_00.wav,Hive1 12_06_2018_QueenBee____00_50_00.wav,Hive1_12_06_2018,Active,Hive1,
210,dataset\zenodo\Hive1_12_06_2018\Hive1 12_06_2018_QueenBee____01_00_00.wav,Hive1 12_06_2018_QueenBee____01_00_00.wav,Hive1_12_06_2018,Active,Hive1,
211,dataset\zenodo\Hive1_12_06_2018\Hive1 12_06_2018_QueenBee____01_10_00.wav,Hive1 12_06_2018_QueenBee____01_10_00.wav,Hive1_12_06_2018,Active,Hive1,
212,dataset\zenodo\Hive1_12_06_2018\Hive1 12_06_2018_QueenBee____01_20_00.wav,Hive1 12_06_2018_QueenBee____01_20_00.wav,Hive1_12_06_2018,Active,Hive1,
213,dataset\zenodo\Hive1_12_06_2018\Hive1 12_06_2018_QueenBee____01_30_00.wav,Hive1 12_06_2018_QueenBee____01_30_00.wav,Hive1_12_06_2018,Active,Hive1,
214,dataset\zenodo\Hive1_12_06_2018\Hive1 12_06_2018_QueenBee____01_40_00.wav,Hive1 12_06_2018_QueenBee____01_40_00.wav,Hive1_12_06_2018,Active,Hive1,
215,dataset\zenodo\Hive1_12_06_2018\Hive1 12_06_2018_QueenBee____01_50_00.wav,Hive1 12_06_2018_QueenBee____01_50_00.wav,Hive1_12_06_2018,Active,Hive1,
216,dataset\zenodo\Hive1_12_06_2018\Hive1 12_06_2018_QueenBee____02_00_00.wav,Hive1 12_06_2018_QueenBee____02_00_00.wav,Hive1_12_06_2018,Active,Hive1,
217,dataset\zenodo\Hive1_12_06_2018\Hive1 12_06_2018_QueenBee____02_10_00.wav,Hive1 12_06_2018_QueenBee____02_10_00.wav,Hive1_12_06_2018,Active,Hive1,
218,dataset\zenodo\Hive1_12_06_2018\Hive1 12_06_2018_QueenBee____02_20_00.wav,Hive1 12_06_2018_QueenBee____02_20_00.wav,Hive1_12_06_2018,Active,Hive1,
219,dataset\zenodo\Hive1_12_06_2018\Hive1 12_06_2018_QueenBee____02_30_00.wav,Hive1 12_06_2018_QueenBee____02_30_00.wav,Hive1_12_06_2018,Active,Hive1,
220,dataset\zenodo\Hive1_12_06_2018\Hive1 12_06_2018_QueenBee____02_40_00.wav,Hive1 12_06_2018_QueenBee____02_40_00.wav,Hive1_12_06_2018,Active,Hive1,
221,dataset\zenodo\Hive1_12_06_2018\Hive1 12_06_2018_QueenBee____02_50_00.wav,Hive1 12_06_2018_QueenBee____02_50_00.wav,Hive1_12_06_2018,Active,Hive1,
222,dataset\zenodo\Hive1_12_06_2018\Hive1 12_06_2018_QueenBee____03_00_00.wav,Hive1 12_06_2018_QueenBee____03_00_00.wav,Hive1_12_06_2018,Active,Hive1,
223,dataset\zenodo\Hive1_12_06_2018\Hive1 12_06_2018_QueenBee____03_10_00.wav,Hive1 12_06_2018_QueenBee____03_10_00.wav,Hive1_12_06_2018,Active,Hive1,
224,dataset\zenodo\Hive1_12_06_2018\Hive1 12_06_2018_QueenBee____03_20_00.wav,Hive1 12_06_2018_QueenBee____03_20_00.wav,Hive1_12_06_2018,Active,Hive1,
225,dataset\zenodo\Hive1_12_06_2018\Hive1 12_06_2018_QueenBee____03_30_00.wav,Hive1 12_06_2018_QueenBee____03_30_00.wav,Hive1_12_06_2018,Active,Hive1,
226,dataset\zenodo\Hive1_12_06_2018\Hive1 12_06_2018_QueenBee____03_40_00.wav,Hive1 12_06_2018_QueenBee____03_40_00.wav,Hive1_12_06_2018,Active,Hive1,
227,dataset\zenodo\Hive1_12_06_2018\Hive1 12_06_2018_QueenBee____03_50_00.wav,Hive1 12_06_2018_QueenBee____03_50_00.wav,Hive1_12_06_2018,Active,Hive1,
228,dataset\zenodo\Hive1_12_06_2018\Hive1 12_06_2018_QueenBee____04_00_00.wav,Hive1 12_06_2018_QueenBee____04_00_00.wav,Hive1_12_06_2018,Active,Hive1,
229,dataset\zenodo\Hive1_12_06_2018\Hive1 12_06_2018_QueenBee____04_10_00.wav,Hive1 12_06_2018_QueenBee____04_10_00.wav,Hive1_12_06_2018,Active,Hive1,
230,dataset\zenodo\Hive1_12_06_2018\Hive1 12_06_2018_QueenBee____04_20_00.wav,Hive1 12_06_2018_QueenBee____04_20_00.wav,Hive1_12_06_2018,Active,Hive1,
231,dataset\zenodo\Hive1_12_06_2018\Hive1 12_06_2018_QueenBee____04_30_00.wav,Hive1 12_06_2018_QueenBee____04_30_00.wav,Hive1_12_06_2018,Active,Hive1,
232,dataset\zenodo\Hive1_12_06_2018\Hive1 12_06_2018_QueenBee____04_40_00.wav,Hive1 12_06_2018_QueenBee____04_40_00.wav,Hive1_12_06_2018,Active,Hive1,
233,dataset\zenodo\Hive1_12_06_2018\Hive1 12_06_2018_QueenBee____04_50_00.wav,Hive1 12_06_2018_QueenBee____04_50_00.wav,Hive1_12_06_2018,Active,Hive1,
234,dataset\zenodo\Hive1_12_06_2018\Hive1 12_06_2018_QueenBee____05_00_00.wav,Hive1 12_06_2018_QueenBee____05_00_00.wav,Hive1_12_06_2018,Active,Hive1,
235,dataset\zenodo\Hive1_12_06_2018\Hive1 12_06_2018_QueenBee____05_10_00.wav,Hive1 12_06_2018_QueenBee____05_10_00.wav,Hive1_12_06_2018,Active,Hive1,
236,dataset\zenodo\Hive1_12_06_2018\Hive1 12_06_2018_QueenBee____05_20_00.wav,Hive1 12_06_2018_QueenBee____05_20_00.wav,Hive1_12_06_2018,Active,Hive1,
237,dataset\zenodo\Hive1_12_06_2018\Hive1 12_06_2018_QueenBee____05_30_00.wav,Hive1 12_06_2018_QueenBee____05_30_00.wav,Hive1_12_06_2018,Active,Hive1,
238,dataset\zenodo\Hive1_12_06_2018\Hive1 12_06_2018_QueenBee____05_40_00.wav,Hive1 12_06_2018_QueenBee____05_40_00.wav,Hive1_12_06_2018,Active,Hive1,
239,dataset\zenodo\Hive1_12_06_2018\Hive1 12_06_2018_QueenBee____05_50_00.wav,Hive1 12_06_2018_QueenBee____05_50_00.wav,Hive1_12_06_2018,Active,Hive1,
240,dataset\zenodo\Hive1_12_06_2018\Hive1 12_06_2018_QueenBee____06_00_00.wav,Hive1 12_06_2018_QueenBee____06_00_00.wav,Hive1_12_06_2018,Active,Hive1,
241,dataset\zenodo\Hive1_12_06_2018\Hive1 12_06_2018_QueenBee____06_10_00.wav,Hive1 12_06_2018_QueenBee____06_10_00.wav,Hive1_12_06_2018,Active,Hive1,
242,dataset\zenodo\Hive1_12_06_2018\Hive1 12_06_2018_QueenBee____06_20_00.wav,Hive1 12_06_2018_QueenBee____06_20_00.wav,Hive1_12_06_2018,Active,Hive1,
243,dataset\zenodo\Hive1_12_06_2018\Hive1 12_06_2018_QueenBee____06_30_00.wav,Hive1 12_06_2018_QueenBee____06_30_00.wav,Hive1_12_06_2018,Active,Hive1,
244,dataset\zenodo\Hive1_12_06_2018\Hive1 12_06_2018_QueenBee____06_40_00.wav,Hive1 12_06_2018_QueenBee____06_40_00.wav,Hive1_12_06_2018,Active,Hive1,
245,dataset\zenodo\Hive1_12_06_2018\Hive1 12_06_2018_QueenBee____06_50_00.wav,Hive1 12_06_2018_QueenBee____06_50_00.wav,Hive1_12_06_2018,Active,Hive1,
246,dataset\zenodo\Hive1_12_06_2018\Hive1 12_06_2018_QueenBee____07_00_00.wav,Hive1 12_06_2018_QueenBee____07_00_00.wav,Hive1_12_06_2018,Active,Hive1,
247,dataset\zenodo\Hive1_12_06_2018\Hive1 12_06_2018_QueenBee____07_10_00.wav,Hive1 12_06_2018_QueenBee____07_10_00.wav,Hive1_12_06_2018,Active,Hive1,
248,dataset\zenodo\Hive1_12_06_2018\Hive1 12_06_2018_QueenBee____07_20_00.wav,Hive1 12_06_2018_QueenBee____07_20_00.wav,Hive1_12_06_2018,Active,Hive1,
249,dataset\zenodo\Hive1_12_06_2018\Hive1 12_06_2018_QueenBee____07_30_00.wav,Hive1 12_06_2018_QueenBee____07_30_00.wav,Hive1_12_06_2018,Active,Hive1,
250,dataset\zenodo\Hive1_12_06_2018\Hive1 12_06_2018_QueenBee____07_40_00.wav,Hive1 12_06_2018_QueenBee____07_40_00.wav,Hive1_12_06_2018,Active,Hive1,
251,dataset\zenodo\Hive1_12_06_2018\Hive1 12_06_2018_QueenBee____07_50_00.wav,Hive1 12_06_2018_QueenBee____07_50_00.wav,Hive1_12_06_2018,Active,Hive1,
252,dataset\zenodo\Hive1_12_06_2018\Hive1 12_06_2018_QueenBee____08_00_00.wav,Hive1 12_06_2018_QueenBee____08_00_00.wav,Hive1_12_06_2018,Active,Hive1,
253,dataset\zenodo\Hive1_12_06_2018\Hive1 12_06_2018_QueenBee____08_10_00.wav,Hive1 12_06_2018_QueenBee____08_10_00.wav,Hive1_12_06_2018,Active,Hive1,
254,dataset\zenodo\Hive1_12_06_2018\Hive1 12_06_2018_QueenBee____08_20_00.wav,Hive1 12_06_2018_QueenBee____08_20_00.wav,Hive1_12_06_2018,Active,Hive1,
255,dataset\zenodo\Hive1_12_06_2018\Hive1 12_06_2018_QueenBee____08_30_00.wav,Hive1 12_06_2018_QueenBee____08_30_00.wav,Hive1_12_06_2018,Active,Hive1,
256,dataset\zenodo\Hive1_12_06_2018\Hive1 12_06_2018_QueenBee____08_40_00.wav,Hive1 12_06_2018_QueenBee____08_40_00.wav,Hive1_12_06_2018,Active,Hive1,
257,dataset\zenodo\Hive1_12_06_2018\Hive1 12_06_2018_QueenBee____08_50_00.wav,Hive1 12_06_2018_QueenBee____08_50_00.wav,Hive1_12_06_2018,Active,Hive1,
258,dataset\zenodo\Hive1_12_06_2018\Hive1 12_06_2018_QueenBee____09_00_00.wav,Hive1 12_06_2018_QueenBee____09_00_00.wav,Hive1_12_06_2018,Active,Hive1,
259,dataset\zenodo\Hive1_12_06_2018\Hive1 12_06_2018_QueenBee____09_10_00.wav,Hive1 12_06_2018_QueenBee____09_10_00.wav,Hive1_12_06_2018,Active,Hive1,
260,dataset\zenodo\Hive1_12_06_2018\Hive1 12_06_2018_QueenBee____09_20_00.wav,Hive1 12_06_2018_QueenBee____09_20_00.wav,Hive1_12_06_2018,Active,Hive1,
261,dataset\zenodo\Hive1_12_06_2018\Hive1 12_06_2018_QueenBee____09_30_00.wav,Hive1 12_06_2018_QueenBee____09_30_00.wav,Hive1_12_06_2018,Active,Hive1,
262,dataset\zenodo\Hive1_12_06_2018\Hive1 12_06_2018_QueenBee____09_40_00.wav,Hive1 12_06_2018_QueenBee____09_40_00.wav,Hive1_12_06_2018,Active,Hive1,
263,dataset\zenodo\Hive1_12_06_2018\Hive1 12_06_2018_QueenBee____09_50_00.wav,Hive1 12_06_2018_QueenBee____09_50_00.wav,Hive1_12_06_2018,Active,Hive1,
264,dataset\zenodo\Hive1_12_06_2018\Hive1 12_06_2018_QueenBee____10_00_00.wav,Hive1 12_06_2018_QueenBee____10_00_00.wav,Hive1_12_06_2018,Active,Hive1,
265,dataset\zenodo\Hive1_12_06_2018\Hive1 12_06_2018_QueenBee____10_10_00.wav,Hive1 12_06_2018_QueenBee____10_10_00.wav,Hive1_12_06_2018,Active,Hive1,
266,dataset\zenodo\Hive1_12_06_2018\Hive1 12_06_2018_QueenBee____10_20_00.wav,Hive1 12_06_2018_QueenBee____10_20_00.wav,Hive1_12_06_2018,Active,Hive1,
267,dataset\zenodo\Hive1_12_06_2018\Hive1 12_06_2018_QueenBee____10_30_00.wav,Hive1 12_06_2018_QueenBee____10_30_00.wav,Hive1_12_06_2018,Active,Hive1,
268,dataset\zenodo\Hive1_12_06_2018\Hive1 12_06_2018_QueenBee____10_40_00.wav,Hive1 12_06_2018_QueenBee____10_40_00.wav,Hive1_12_06_2018,Active,Hive1,
269,dataset\zenodo\Hive1_12_06_2018\Hive1 12_06_2018_QueenBee____10_50_00.wav,Hive1 12_06_2018_QueenBee____10_50_00.wav,Hive1_12_06_2018,Active,Hive1,
270,dataset\zenodo\Hive1_12_06_2018\Hive1 12_06_2018_QueenBee____11_00_00.wav,Hive1 12_06_2018_QueenBee____11_00_00.wav,Hive1_12_06_2018,Active,Hive1,
271,dataset\zenodo\Hive1_12_06_2018\Hive1 12_06_2018_QueenBee____11_10_00.wav,Hive1 12_06_2018_QueenBee____11_10_00.wav,Hive1_12_06_2018,Active,Hive1,
272,dataset\zenodo\Hive1_12_06_2018\Hive1 12_06_2018_QueenBee____11_20_00.wav,Hive1 12_06_2018_QueenBee____11_20_00.wav,Hive1_12_06_2018,Active,Hive1,
273,dataset\zenodo\Hive1_12_06_2018\Hive1 12_06_2018_QueenBee____11_30_00.wav,Hive1 12_06_2018_QueenBee____11_30_00.wav,Hive1_12_06_2018,Active,Hive1,
274,dataset\zenodo\Hive1_12_06_2018\Hive1 12_06_2018_QueenBee____11_40_00.wav,Hive1 12_06_2018_QueenBee____11_40_00.wav,Hive1_12_06_2018,Active,Hive1,
275,dataset\zenodo\Hive1_12_06_2018\Hive1 12_06_2018_QueenBee____11_50_00.wav,Hive1 12_06_2018_QueenBee____11_50_00.wav,Hive1_12_06_2018,Active,Hive1,
276,dataset\zenodo\Hive1_12_06_2018\Hive1 12_06_2018_QueenBee____12_00_00.wav,Hive1 12_06_2018_QueenBee____12_00_00.wav,Hive1_12_06_2018,Active,Hive1,
277,dataset\zenodo\Hive1_12_06_2018\Hive1 12_06_2018_QueenBee____12_10_00.wav,Hive1 12_06_2018_QueenBee____12_10_00.wav,Hive1_12_06_2018,Active,Hive1,
278,dataset\zenodo\Hive1_12_06_2018\Hive1 12_06_2018_QueenBee____12_20_00.wav,Hive1 12_06_2018_QueenBee____12_20_00.wav,Hive1_12_06_2018,Active,Hive1,
279,dataset\zenodo\Hive1_12_06_2018\Hive1 12_06_2018_QueenBee____12_30_00.wav,Hive1 12_06_2018_QueenBee____12_30_00.wav,Hive1_12_06_2018,Active,Hive1,
280,dataset\zenodo\Hive1_12_06_2018\Hive1 12_06_2018_QueenBee____12_40_00.wav,Hive1 12_06_2018_QueenBee____12_40_00.wav,Hive1_12_06_2018,Active,Hive1,
281,dataset\zenodo\Hive1_12_06_2018\Hive1 12_06_2018_QueenBee____12_50_00.wav,Hive1 12_06_2018_QueenBee____12_50_00.wav,Hive1_12_06_2018,Active,Hive1,
282,dataset\zenodo\Hive1_12_06_2018\Hive1 12_06_2018_QueenBee____13_00_00.wav,Hive1 12_06_2018_QueenBee____13_00_00.wav,Hive1_12_06_2018,Active,Hive1,
283,dataset\zenodo\Hive1_12_06_2018\Hive1 12_06_2018_QueenBee____13_10_00.wav,Hive1 12_06_2018_QueenBee____13_10_00.wav,Hive1_12_06_2018,Active,Hive1,
284,dataset\zenodo\Hive1_12_06_2018\Hive1 12_06_2018_QueenBee____13_20_00.wav,Hive1 12_06_2018_QueenBee____13_20_00.wav,Hive1_12_06_2018,Active,Hive1,
285,dataset\zenodo\Hive1_12_06_2018\Hive1 12_06_2018_QueenBee____13_30_00.wav,Hive1 12_06_2018_QueenBee____13_30_00.wav,Hive1_12_06_2018,Active,Hive1,
286,dataset\zenodo\Hive1_12_06_2018\Hive1 12_06_2018_QueenBee____13_40_00.wav,Hive1 12_06_2018_QueenBee____13_40_00.wav,Hive1_12_06_2018,Active,Hive1,
287,dataset\zenodo\Hive1_12_06_2018\Hive1 12_06_2018_QueenBee____13_50_00.wav,Hive1 12_06_2018_QueenBee____13_50_00.wav,Hive1_12_06_2018,Active,Hive1,
288,dataset\zenodo\Hive1_12_06_2018\Hive1 12_06_2018_QueenBee____14_00_00.wav,Hive1 12_06_2018_QueenBee____14_00_00.wav,Hive1_12_06_2018,Active,Hive1,
289,dataset\zenodo\Hive1_12_06_2018\Hive1 12_06_2018_QueenBee____14_10_00.wav,Hive1 12_06_2018_QueenBee____14_10_00.wav,Hive1_12_06_2018,Active,Hive1,
290,dataset\zenodo\Hive1_12_06_2018\Hive1 12_06_2018_QueenBee____14_20_00.wav,Hive1 12_06_2018_QueenBee____14_20_00.wav,Hive1_12_06_2018,Active,Hive1,
291,dataset\zenodo\Hive1_12_06_2018\Hive1 12_06_2018_QueenBee____14_30_00.wav,Hive1 12_06_2018_QueenBee____14_30_00.wav,Hive1_12_06_2018,Active,Hive1,
292,dataset\zenodo\Hive1_12_06_2018\Hive1 12_06_2018_QueenBee____14_40_00.wav,Hive1 12_06_2018_QueenBee____14_40_00.wav,Hive1_12_06_2018,Active,Hive1,
293,dataset\zenodo\Hive1_12_06_2018\Hive1 12_06_2018_QueenBee____14_50_00.wav,Hive1 12_06_2018_QueenBee____14_50_00.wav,Hive1_12_06_2018,Active,Hive1,
294,dataset\zenodo\Hive1_12_06_2018\Hive1 12_06_2018_QueenBee____15_00_00.wav,Hive1 12_06_2018_QueenBee____15_00_00.wav,Hive1_12_06_2018,Active,Hive1,
295,dataset\zenodo\Hive1_12_06_2018\Hive1 12_06_2018_QueenBee____15_10_00.wav,Hive1 12_06_2018_QueenBee____15_10_00.wav,Hive1_12_06_2018,Active,Hive1,
296,dataset\zenodo\Hive1_12_06_2018\Hive1 12_06_2018_QueenBee____15_20_00.wav,Hive1 12_06_2018_QueenBee____15_20_00.wav,Hive1_12_06_2018,Active,Hive1,
297,dataset\zenodo\Hive1_12_06_2018\Hive1 12_06_2018_QueenBee____15_30_00.wav,Hive1 12_06_2018_QueenBee____15_30_00.wav,Hive1_12_06_2018,Active,Hive1,
298,dataset\zenodo\Hive1_12_06_2018\Hive1 12_06_2018_QueenBee____15_40_00.wav,Hive1 12_06_2018_QueenBee____15_40_00.wav,Hive1_12_06_2018,Active,Hive1,
299,dataset\zenodo\Hive1_12_06_2018\Hive1 12_06_2018_QueenBee____15_50_00.wav,Hive1 12_06_2018_QueenBee____15_50_00.wav,Hive1_12_06_2018,Active,Hive1,
300,dataset\zenodo\Hive1_12_06_2018\Hive1 12_06_2018_QueenBee____16_00_00.wav,Hive1 12_06_2018_QueenBee____16_00_00.wav,Hive1_12_06_2018,Active,Hive1,
301,dataset\zenodo\Hive1_12_06_2018\Hive1 12_06_2018_QueenBee____16_10_00.wav,Hive1 12_06_2018_QueenBee____16_10_00.wav,Hive1_12_06_2018,Active,Hive1,
302,dataset\zenodo\Hive1_12_06_2018\Hive1 12_06_2018_QueenBee____16_20_00.wav,Hive1 12_06_2018_QueenBee____16_20_00.wav,Hive1_12_06_2018,Active,Hive1,
303,dataset\zenodo\Hive1_12_06_2018\Hive1 12_06_2018_QueenBee____16_30_00.wav,Hive1 12_06_2018_QueenBee____16_30_00.wav,Hive1_12_06_2018,Active,Hive1,
304,dataset\zenodo\Hive1_12_06_2018\Hive1 12_06_2018_QueenBee____16_40_00.wav,Hive1 12_06_2018_QueenBee____16_40_00.wav,Hive1_12_06_2018,Active,Hive1,
305,dataset\zenodo\Hive1_12_06_2018\Hive1 12_06_2018_QueenBee____16_50_00.wav,Hive1 12_06_2018_QueenBee____16_50_00.wav,Hive1_12_06_2018,Active,Hive1,
306,dataset\zenodo\Hive1_12_06_2018\Hive1 12_06_2018_QueenBee____17_00_00.wav,Hive1 12_06_2018_QueenBee____17_00_00.wav,Hive1_12_06_2018,Active,Hive1,
307,dataset\zenodo\Hive1_12_06_2018\Hive1 12_06_2018_QueenBee____17_10_00.wav,Hive1 12_06_2018_QueenBee____17_10_00.wav,Hive1_12_06_2018,Active,Hive1,
308,dataset\zenodo\Hive1_12_06_2018\Hive1 12_06_2018_QueenBee____17_20_00.wav,Hive1 12_06_2018_QueenBee____17_20_00.wav,Hive1_12_06_2018,Active,Hive1,
309,dataset\zenodo\Hive1_12_06_2018\Hive1 12_06_2018_QueenBee____17_30_00.wav,Hive1 12_06_2018_QueenBee____17_30_00.wav,Hive1_12_06_2018,Active,Hive1,
310,dataset\zenodo\Hive1_12_06_2018\Hive1 12_06_2018_QueenBee____17_40_00.wav,Hive1 12_06_2018_QueenBee____17_40_00.wav,Hive1_12_06_2018,Active,Hive1,
311,dataset\zenodo\Hive1_12_06_2018\Hive1 12_06_2018_QueenBee____17_50_00.wav,Hive1 12_06_2018_QueenBee____17_50_00.wav,Hive1_12_06_2018,Active,Hive1,
312,dataset\zenodo\Hive1_12_06_2018\Hive1 12_06_2018_QueenBee____18_00_00.wav,Hive1 12_06_2018_QueenBee____18_00_00.wav,Hive1_12_06_2018,Active,Hive1,
313,dataset\zenodo\Hive1_12_06_2018\Hive1 12_06_2018_QueenBee____18_10_00.wav,Hive1 12_06_2018_QueenBee____18_10_00.wav,Hive1_12_06_2018,Active,Hive1,
314,dataset\zenodo\Hive1_12_06_2018\Hive1 12_06_2018_QueenBee____18_20_00.wav,Hive1 12_06_2018_QueenBee____18_20_00.wav,Hive1_12_06_2018,Active,Hive1,
315,dataset\zenodo\Hive1_12_06_2018\Hive1 12_06_2018_QueenBee____18_30_00.wav,Hive1 12_06_2018_QueenBee____18_30_00.wav,Hive1_12_06_2018,Active,Hive1,
316,dataset\zenodo\Hive1_12_06_2018\Hive1 12_06_2018_QueenBee____18_40_00.wav,Hive1 12_06_2018_QueenBee____18_40_00.wav,Hive1_12_06_2018,Active,Hive1,
317,dataset\zenodo\Hive1_12_06_2018\Hive1 12_06_2018_QueenBee____18_50_00.wav,Hive1 12_06_2018_QueenBee____18_50_00.wav,Hive1_12_06_2018,Active,Hive1,
318,dataset\zenodo\Hive1_12_06_2018\Hive1 12_06_2018_QueenBee____19_00_00.wav,Hive1 12_06_2018_QueenBee____19_00_00.wav,Hive1_12_06_2018,Active,Hive1,
319,dataset\zenodo\Hive1_12_06_2018\Hive1 12_06_2018_QueenBee____19_10_00.wav,Hive1 12_06_2018_QueenBee____19_10_00.wav,Hive1_12_06_2018,Active,Hive1,
320,dataset\zenodo\Hive1_12_06_2018\Hive1 12_06_2018_QueenBee____19_20_00.wav,Hive1 12_06_2018_QueenBee____19_20_00.wav,Hive1_12_06_2018,Active,Hive1,
321,dataset\zenodo\Hive1_12_06_2018\Hive1 12_06_2018_QueenBee____19_30_00.wav,Hive1 12_06_2018_QueenBee____19_30_00.wav,Hive1_12_06_2018,Active,Hive1,
322,dataset\zenodo\Hive1_12_06_2018\Hive1 12_06_2018_QueenBee____19_40_00.wav,Hive1 12_06_2018_QueenBee____19_40_00.wav,Hive1_12_06_2018,Active,Hive1,
323,dataset\zenodo\Hive1_12_06_2018\Hive1 12_06_2018_QueenBee____19_50_00.wav,Hive1 12_06_2018_QueenBee____19_50_00.wav,Hive1_12_06_2018,Active,Hive1,
324,dataset\zenodo\Hive1_12_06_2018\Hive1 12_06_2018_QueenBee____20_00_00.wav,Hive1 12_06_2018_QueenBee____20_00_00.wav,Hive1_12_06_2018,Active,Hive1,
325,dataset\zenodo\Hive1_12_06_2018\Hive1 12_06_2018_QueenBee____20_10_00.wav,Hive1 12_06_2018_QueenBee____20_10_00.wav,Hive1_12_06_2018,Active,Hive1,
326,dataset\zenodo\Hive1_12_06_2018\Hive1 12_06_2018_QueenBee____20_20_00.wav,Hive1 12_06_2018_QueenBee____20_20_00.wav,Hive1_12_06_2018,Active,Hive1,
327,dataset\zenodo\Hive1_12_06_2018\Hive1 12_06_2018_QueenBee____20_30_00.wav,Hive1 12_06_2018_QueenBee____20_30_00.wav,Hive1_12_06_2018,Active,Hive1,
328,dataset\zenodo\Hive1_12_06_2018\Hive1 12_06_2018_QueenBee____20_40_00.wav,Hive1 12_06_2018_QueenBee____20_40_00.wav,Hive1_12_06_2018,Active,Hive1,
329,dataset\zenodo\Hive1_12_06_2018\Hive1 12_06_2018_QueenBee____20_50_00.wav,Hive1 12_06_2018_QueenBee____20_50_00.wav,Hive1_12_06_2018,Active,Hive1,
330,dataset\zenodo\Hive1_12_06_2018\Hive1 12_06_2018_QueenBee____21_00_00.wav,Hive1 12_06_2018_QueenBee____21_00_00.wav,Hive1_12_06_2018,Active,Hive1,
331,dataset\zenodo\Hive1_12_06_2018\Hive1 12_06_2018_QueenBee____21_10_00.wav,Hive1 12_06_2018_QueenBee____21_10_00.wav,Hive1_12_06_2018,Active,Hive1,
332,dataset\zenodo\Hive1_12_06_2018\Hive1 12_06_2018_QueenBee____21_20_00.wav,Hive1 12_06_2018_QueenBee____21_20_00.wav,Hive1_12_06_2018,Active,Hive1,
333,dataset\zenodo\Hive1_12_06_2018\Hive1 12_06_2018_QueenBee____21_30_00.wav,Hive1 12_06_2018_QueenBee____21_30_00.wav,Hive1_12_06_2018,Active,Hive1,
334,dataset\zenodo\Hive1_12_06_2018\Hive1 12_06_2018_QueenBee____21_40_00.wav,Hive1 12_06_2018_QueenBee____21_40_00.wav,Hive1_12_06_2018,Active,Hive1,
335,dataset\zenodo\Hive1_12_06_2018\Hive1 12_06_2018_QueenBee____21_50_00.wav,Hive1 12_06_2018_QueenBee____21_50_00.wav,Hive1_12_06_2018,Active,Hive1,
336,dataset\zenodo\Hive1_12_06_2018\Hive1 12_06_2018_QueenBee____22_00_00.wav,Hive1 12_06_2018_QueenBee____22_00_00.wav,Hive1_12_06_2018,Active,Hive1,
337,dataset\zenodo\Hive1_12_06_2018\Hive1 12_06_2018_QueenBee____22_10_00.wav,Hive1 12_06_2018_QueenBee____22_10_00.wav,Hive1_12_06_2018,Active,Hive1,
338,dataset\zenodo\Hive1_12_06_2018\Hive1 12_06_2018_QueenBee____22_20_00.wav,Hive1 12_06_2018_QueenBee____22_20_00.wav,Hive1_12_06_2018,Active,Hive1,
339,dataset\zenodo\Hive1_12_06_2018\Hive1 12_06_2018_QueenBee____22_30_00.wav,Hive1 12_06_2018_QueenBee____22_30_00.wav,Hive1_12_06_2018,Active,Hive1,
340,dataset\zenodo\Hive1_12_06_2018\Hive1 12_06_2018_QueenBee____22_40_00.wav,Hive1 12_06_2018_QueenBee____22_40_00.wav,Hive1_12_06_2018,Active,Hive1,
341,dataset\zenodo\Hive1_12_06_2018\Hive1 12_06_2018_QueenBee____22_50_00.wav,Hive1 12_06_2018_QueenBee____22_50_00.wav,Hive1_12_06_2018,Active,Hive1,
342,dataset\zenodo\Hive1_12_06_2018\Hive1 12_06_2018_QueenBee____23_00_00.wav,Hive1 12_06_2018_QueenBee____23_00_00.wav,Hive1_12_06_2018,Active,Hive1,
343,dataset\zenodo\Hive1_12_06_2018\Hive1 12_06_2018_QueenBee____23_10_00.wav,Hive1 12_06_2018_QueenBee____23_10_00.wav,Hive1_12_06_2018,Active,Hive1,
344,dataset\zenodo\Hive1_12_06_2018\Hive1 12_06_2018_QueenBee____23_20_00.wav,Hive1 12_06_2018_QueenBee____23_20_00.wav,Hive1_12_06_2018,Active,Hive1,
345,dataset\zenodo\Hive1_12_06_2018\Hive1 12_06_2018_QueenBee____23_30_00.wav,Hive1 12_06_2018_QueenBee____23_30_00.wav,Hive1_12_06_2018,Active,Hive1,
346,dataset\zenodo\Hive1_12_06_2018\Hive1 12_06_2018_QueenBee____23_40_00.wav,Hive1 12_06_2018_QueenBee____23_40_00.wav,Hive1_12_06_2018,Active,Hive1,
347,dataset\zenodo\Hive1_12_06_2018\Hive1 12_06_2018_QueenBee____23_50_00.wav,Hive1 12_06_2018_QueenBee____23_50_00.wav,Hive1_12_06_2018,Active,Hive1,
348,dataset\zenodo\Hive1_31_05_2018\Hive1 31_05_2018_NO_QueenBee____00_00_00.wav,Hive1 31_05_2018_NO_QueenBee____00_00_00.wav,Hive1_31_05_2018,Queenless,Hive1,
349,dataset\zenodo\Hive1_31_05_2018\Hive1 31_05_2018_NO_QueenBee____00_10_00.wav,Hive1 31_05_2018_NO_QueenBee____00_10_00.wav,Hive1_31_05_2018,Queenless,Hive1,
350,dataset\zenodo\Hive1_31_05_2018\Hive1 31_05_2018_NO_QueenBee____00_20_00.wav,Hive1 31_05_2018_NO_QueenBee____00_20_00.wav,Hive1_31_05_2018,Queenless,Hive1,
351,dataset\zenodo\Hive1_31_05_2018\Hive1 31_05_2018_NO_QueenBee____00_30_00.wav,Hive1 31_05_2018_NO_QueenBee____00_30_00.wav,Hive1_31_05_2018,Queenless,Hive1,
352,dataset\zenodo\Hive1_31_05_2018\Hive1 31_05_2018_NO_QueenBee____00_40_00.wav,Hive1 31_05_2018_NO_QueenBee____00_40_00.wav,Hive1_31_05_2018,Queenless,Hive1,
353,dataset\zenodo\Hive1_31_05_2018\Hive1 31_05_2018_NO_QueenBee____00_50_00.wav,Hive1 31_05_2018_NO_QueenBee____00_50_00.wav,Hive1_31_05_2018,Queenless,Hive1,
354,dataset\zenodo\Hive1_31_05_2018\Hive1 31_05_2018_NO_QueenBee____01_00_00.wav,Hive1 31_05_2018_NO_QueenBee____01_00_00.wav,Hive1_31_05_2018,Queenless,Hive1,
355,dataset\zenodo\Hive1_31_05_2018\Hive1 31_05_2018_NO_QueenBee____01_10_00.wav,Hive1 31_05_2018_NO_QueenBee____01_10_00.wav,Hive1_31_05_2018,Queenless,Hive1,
356,dataset\zenodo\Hive1_31_05_2018\Hive1 31_05_2018_NO_QueenBee____01_20_00.wav,Hive1 31_05_2018_NO_QueenBee____01_20_00.wav,Hive1_31_05_2018,Queenless,Hive1,
357,dataset\zenodo\Hive1_31_05_2018\Hive1 31_05_2018_NO_QueenBee____01_30_00.wav,Hive1 31_05_2018_NO_QueenBee____01_30_00.wav,Hive1_31_05_2018,Queenless,Hive1,
358,dataset\zenodo\Hive1_31_05_2018\Hive1 31_05_2018_NO_QueenBee____01_40_00.wav,Hive1 31_05_2018_NO_QueenBee____01_40_00.wav,Hive1_31_05_2018,Queenless,Hive1,
359,dataset\zenodo\Hive1_31_05_2018\Hive1 31_05_2018_NO_QueenBee____01_50_00.wav,Hive1 31_05_2018_NO_QueenBee____01_50_00.wav,Hive1_31_05_2018,Queenless,Hive1,
360,dataset\zenodo\Hive1_31_05_2018\Hive1 31_05_2018_NO_QueenBee____02_00_00.wav,Hive1 31_05_2018_NO_QueenBee____02_00_00.wav,Hive1_31_05_2018,Queenless,Hive1,
361,dataset\zenodo\Hive1_31_05_2018\Hive1 31_05_2018_NO_QueenBee____02_10_00.wav,Hive1 31_05_2018_NO_QueenBee____02_10_00.wav,Hive1_31_05_2018,Queenless,Hive1,
362,dataset\zenodo\Hive1_31_05_2018\Hive1 31_05_2018_NO_QueenBee____02_20_00.wav,Hive1 31_05_2018_NO_QueenBee____02_20_00.wav,Hive1_31_05_2018,Queenless,Hive1,
363,dataset\zenodo\Hive1_31_05_2018\Hive1 31_05_2018_NO_QueenBee____02_30_00.wav,Hive1 31_05_2018_NO_QueenBee____02_30_00.wav,Hive1_31_05_2018,Queenless,Hive1,
364,dataset\zenodo\Hive1_31_05_2018\Hive1 31_05_2018_NO_QueenBee____02_40_00.wav,Hive1 31_05_2018_NO_QueenBee____02_40_00.wav,Hive1_31_05_2018,Queenless,Hive1,
365,dataset\zenodo\Hive1_31_05_2018\Hive1 31_05_2018_NO_QueenBee____02_50_00.wav,Hive1 31_05_2018_NO_QueenBee____02_50_00.wav,Hive1_31_05_2018,Queenless,Hive1,
366,dataset\zenodo\Hive1_31_05_2018\Hive1 31_05_2018_NO_QueenBee____03_00_00.wav,Hive1 31_05_2018_NO_QueenBee____03_00_00.wav,Hive1_31_05_2018,Queenless,Hive1,
367,dataset\zenodo\Hive1_31_05_2018\Hive1 31_05_2018_NO_QueenBee____03_10_00.wav,Hive1 31_05_2018_NO_QueenBee____03_10_00.wav,Hive1_31_05_2018,Queenless,Hive1,
368,dataset\zenodo\Hive1_31_05_2018\Hive1 31_05_2018_NO_QueenBee____03_20_00.wav,Hive1 31_05_2018_NO_QueenBee____03_20_00.wav,Hive1_31_05_2018,Queenless,Hive1,
369,dataset\zenodo\Hive1_31_05_2018\Hive1 31_05_2018_NO_QueenBee____03_30_00.wav,Hive1 31_05_2018_NO_QueenBee____03_30_00.wav,Hive1_31_05_2018,Queenless,Hive1,
370,dataset\zenodo\Hive1_31_05_2018\Hive1 31_05_2018_NO_QueenBee____03_40_00.wav,Hive1 31_05_2018_NO_QueenBee____03_40_00.wav,Hive1_31_05_2018,Queenless,Hive1,
371,dataset\zenodo\Hive1_31_05_2018\Hive1 31_05_2018_NO_QueenBee____03_50_00.wav,Hive1 31_05_2018_NO_QueenBee____03_50_00.wav,Hive1_31_05_2018,Queenless,Hive1,
372,dataset\zenodo\Hive1_31_05_2018\Hive1 31_05_2018_NO_QueenBee____04_00_00.wav,Hive1 31_05_2018_NO_QueenBee____04_00_00.wav,Hive1_31_05_2018,Queenless,Hive1,
373,dataset\zenodo\Hive1_31_05_2018\Hive1 31_05_2018_NO_QueenBee____04_10_00.wav,Hive1 31_05_2018_NO_QueenBee____04_10_00.wav,Hive1_31_05_2018,Queenless,Hive1,
374,dataset\zenodo\Hive1_31_05_2018\Hive1 31_05_2018_NO_QueenBee____04_20_00.wav,Hive1 31_05_2018_NO_QueenBee____04_20_00.wav,Hive1_31_05_2018,Queenless,Hive1,
375,dataset\zenodo\Hive1_31_05_2018\Hive1 31_05_2018_NO_QueenBee____04_30_00.wav,Hive1 31_05_2018_NO_QueenBee____04_30_00.wav,Hive1_31_05_2018,Queenless,Hive1,
376,dataset\zenodo\Hive1_31_05_2018\Hive1 31_05_2018_NO_QueenBee____04_40_00.wav,Hive1 31_05_2018_NO_QueenBee____04_40_00.wav,Hive1_31_05_2018,Queenless,Hive1,
377,dataset\zenodo\Hive1_31_05_2018\Hive1 31_05_2018_NO_QueenBee____04_50_00.wav,Hive1 31_05_2018_NO_QueenBee____04_50_00.wav,Hive1_31_05_2018,Queenless,Hive1,
378,dataset\zenodo\Hive1_31_05_2018\Hive1 31_05_2018_NO_QueenBee____05_00_00.wav,Hive1 31_05_2018_NO_QueenBee____05_00_00.wav,Hive1_31_05_2018,Queenless,Hive1,
379,dataset\zenodo\Hive1_31_05_2018\Hive1 31_05_2018_NO_QueenBee____05_10_00.wav,Hive1 31_05_2018_NO_QueenBee____05_10_00.wav,Hive1_31_05_2018,Queenless,Hive1,
380,dataset\zenodo\Hive1_31_05_2018\Hive1 31_05_2018_NO_QueenBee____05_20_00.wav,Hive1 31_05_2018_NO_QueenBee____05_20_00.wav,Hive1_31_05_2018,Queenless,Hive1,
381,dataset\zenodo\Hive1_31_05_2018\Hive1 31_05_2018_NO_QueenBee____05_30_00.wav,Hive1 31_05_2018_NO_QueenBee____05_30_00.wav,Hive1_31_05_2018,Queenless,Hive1,
382,dataset\zenodo\Hive1_31_05_2018\Hive1 31_05_2018_NO_QueenBee____05_40_00.wav,Hive1 31_05_2018_NO_QueenBee____05_40_00.wav,Hive1_31_05_2018,Queenless,Hive1,
383,dataset\zenodo\Hive1_31_05_2018\Hive1 31_05_2018_NO_QueenBee____05_50_00.wav,Hive1 31_05_2018_NO_QueenBee____05_50_00.wav,Hive1_31_05_2018,Queenless,Hive1,
384,dataset\zenodo\Hive1_31_05_2018\Hive1 31_05_2018_NO_QueenBee____06_00_00.wav,Hive1 31_05_2018_NO_QueenBee____06_00_00.wav,Hive1_31_05_2018,Queenless,Hive1,
385,dataset\zenodo\Hive1_31_05_2018\Hive1 31_05_2018_NO_QueenBee____06_10_00.wav,Hive1 31_05_2018_NO_QueenBee____06_10_00.wav,Hive1_31_05_2018,Queenless,Hive1,
386,dataset\zenodo\Hive1_31_05_2018\Hive1 31_05_2018_NO_QueenBee____06_20_00.wav,Hive1 31_05_2018_NO_QueenBee____06_20_00.wav,Hive1_31_05_2018,Queenless,Hive1,
387,dataset\zenodo\Hive1_31_05_2018\Hive1 31_05_2018_NO_QueenBee____06_30_00.wav,Hive1 31_05_2018_NO_QueenBee____06_30_00.wav,Hive1_31_05_2018,Queenless,Hive1,
388,dataset\zenodo\Hive1_31_05_2018\Hive1 31_05_2018_NO_QueenBee____06_40_00.wav,Hive1 31_05_2018_NO_QueenBee____06_40_00.wav,Hive1_31_05_2018,Queenless,Hive1,
389,dataset\zenodo\Hive1_31_05_2018\Hive1 31_05_2018_NO_QueenBee____06_50_00.wav,Hive1 31_05_2018_NO_QueenBee____06_50_00.wav,Hive1_31_05_2018,Queenless,Hive1,
390,dataset\zenodo\Hive1_31_05_2018\Hive1 31_05_2018_NO_QueenBee____07_00_00.wav,Hive1 31_05_2018_NO_QueenBee____07_00_00.wav,Hive1_31_05_2018,Queenless,Hive1,
391,dataset\zenodo\Hive1_31_05_2018\Hive1 31_05_2018_NO_QueenBee____07_10_00.wav,Hive1 31_05_2018_NO_QueenBee____07_10_00.wav,Hive1_31_05_2018,Queenless,Hive1,
392,dataset\zenodo\Hive1_31_05_2018\Hive1 31_05_2018_NO_QueenBee____07_20_00.wav,Hive1 31_05_2018_NO_QueenBee____07_20_00.wav,Hive1_31_05_2018,Queenless,Hive1,
393,dataset\zenodo\Hive1_31_05_2018\Hive1 31_05_2018_NO_QueenBee____07_30_00.wav,Hive1 31_05_2018_NO_QueenBee____07_30_00.wav,Hive1_31_05_2018,Queenless,Hive1,
394,dataset\zenodo\Hive1_31_05_2018\Hive1 31_05_2018_NO_QueenBee____07_40_00.wav,Hive1 31_05_2018_NO_QueenBee____07_40_00.wav,Hive1_31_05_2018,Queenless,Hive1,
395,dataset\zenodo\Hive1_31_05_2018\Hive1 31_05_2018_NO_QueenBee____07_50_00.wav,Hive1 31_05_2018_NO_QueenBee____07_50_00.wav,Hive1_31_05_2018,Queenless,Hive1,
396,dataset\zenodo\Hive1_31_05_2018\Hive1 31_05_2018_NO_QueenBee____08_00_00.wav,Hive1 31_05_2018_NO_QueenBee____08_00_00.wav,Hive1_31_05_2018,Queenless,Hive1,
397,dataset\zenodo\Hive1_31_05_2018\Hive1 31_05_2018_NO_QueenBee____08_10_00.wav,Hive1 31_05_2018_NO_QueenBee____08_10_00.wav,Hive1_31_05_2018,Queenless,Hive1,
398,dataset\zenodo\Hive1_31_05_2018\Hive1 31_05_2018_NO_QueenBee____08_20_00.wav,Hive1 31_05_2018_NO_QueenBee____08_20_00.wav,Hive1_31_05_2018,Queenless,Hive1,
399,dataset\zenodo\Hive1_31_05_2018\Hive1 31_05_2018_NO_QueenBee____08_30_00.wav,Hive1 31_05_2018_NO_QueenBee____08_30_00.wav,Hive1_31_05_2018,Queenless,Hive1,
400,dataset\zenodo\Hive1_31_05_2018\Hive1 31_05_2018_NO_QueenBee____08_40_00.wav,Hive1 31_05_2018_NO_QueenBee____08_40_00.wav,Hive1_31_05_2018,Queenless,Hive1,
401,dataset\zenodo\Hive1_31_05_2018\Hive1 31_05_2018_NO_QueenBee____08_50_00.wav,Hive1 31_05_2018_NO_QueenBee____08_50_00.wav,Hive1_31_05_2018,Queenless,Hive1,
402,dataset\zenodo\Hive1_31_05_2018\Hive1 31_05_2018_NO_QueenBee____09_00_00.wav,Hive1 31_05_2018_NO_QueenBee____09_00_00.wav,Hive1_31_05_2018,Queenless,Hive1,
403,dataset\zenodo\Hive1_31_05_2018\Hive1 31_05_2018_NO_QueenBee____09_10_00.wav,Hive1 31_05_2018_NO_QueenBee____09_10_00.wav,Hive1_31_05_2018,Queenless,Hive1,
404,dataset\zenodo\Hive1_31_05_2018\Hive1 31_05_2018_NO_QueenBee____09_20_00.wav,Hive1 31_05_2018_NO_QueenBee____09_20_00.wav,Hive1_31_05_2018,Queenless,Hive1,
405,dataset\zenodo\Hive1_31_05_2018\Hive1 31_05_2018_NO_QueenBee____09_30_00.wav,Hive1 31_05_2018_NO_QueenBee____09_30_00.wav,Hive1_31_05_2018,Queenless,Hive1,
406,dataset\zenodo\Hive1_31_05_2018\Hive1 31_05_2018_NO_QueenBee____09_40_00.wav,Hive1 31_05_2018_NO_QueenBee____09_40_00.wav,Hive1_31_05_2018,Queenless,Hive1,
407,dataset\zenodo\Hive1_31_05_2018\Hive1 31_05_2018_NO_QueenBee____09_50_00.wav,Hive1 31_05_2018_NO_QueenBee____09_50_00.wav,Hive1_31_05_2018,Queenless,Hive1,
408,dataset\zenodo\Hive1_31_05_2018\Hive1 31_05_2018_NO_QueenBee____10_00_00.wav,Hive1 31_05_2018_NO_QueenBee____10_00_00.wav,Hive1_31_05_2018,Queenless,Hive1,
409,dataset\zenodo\Hive1_31_05_2018\Hive1 31_05_2018_NO_QueenBee____10_10_00.wav,Hive1 31_05_2018_NO_QueenBee____10_10_00.wav,Hive1_31_05_2018,Queenless,Hive1,
410,dataset\zenodo\Hive1_31_05_2018\Hive1 31_05_2018_NO_QueenBee____10_20_00.wav,Hive1 31_05_2018_NO_QueenBee____10_20_00.wav,Hive1_31_05_2018,Queenless,Hive1,
411,dataset\zenodo\Hive1_31_05_2018\Hive1 31_05_2018_NO_QueenBee____10_30_00.wav,Hive1 31_05_2018_NO_QueenBee____10_30_00.wav,Hive1_31_05_2018,Queenless,Hive1,
412,dataset\zenodo\Hive1_31_05_2018\Hive1 31_05_2018_NO_QueenBee____10_40_00.wav,Hive1 31_05_2018_NO_QueenBee____10_40_00.wav,Hive1_31_05_2018,Queenless,Hive1,
413,dataset\zenodo\Hive1_31_05_2018\Hive1 31_05_2018_NO_QueenBee____10_50_00.wav,Hive1 31_05_2018_NO_QueenBee____10_50_00.wav,Hive1_31_05_2018,Queenless,Hive1,
414,dataset\zenodo\Hive1_31_05_2018\Hive1 31_05_2018_NO_QueenBee____11_00_00.wav,Hive1 31_05_2018_NO_QueenBee____11_00_00.wav,Hive1_31_05_2018,Queenless,Hive1,
415,dataset\zenodo\Hive1_31_05_2018\Hive1 31_05_2018_NO_QueenBee____11_10_00.wav,Hive1 31_05_2018_NO_QueenBee____11_10_00.wav,Hive1_31_05_2018,Queenless,Hive1,
416,dataset\zenodo\Hive1_31_05_2018\Hive1 31_05_2018_NO_QueenBee____11_20_00.wav,Hive1 31_05_2018_NO_QueenBee____11_20_00.wav,Hive1_31_05_2018,Queenless,Hive1,
417,dataset\zenodo\Hive1_31_05_2018\Hive1 31_05_2018_NO_QueenBee____11_30_00.wav,Hive1 31_05_2018_NO_QueenBee____11_30_00.wav,Hive1_31_05_2018,Queenless,Hive1,
418,dataset\zenodo\Hive1_31_05_2018\Hive1 31_05_2018_NO_QueenBee____11_40_00.wav,Hive1 31_05_2018_NO_QueenBee____11_40_00.wav,Hive1_31_05_2018,Queenless,Hive1,
419,dataset\zenodo\Hive1_31_05_2018\Hive1 31_05_2018_NO_QueenBee____11_50_00.wav,Hive1 31_05_2018_NO_QueenBee____11_50_00.wav,Hive1_31_05_2018,Queenless,Hive1,
420,dataset\zenodo\Hive1_31_05_2018\Hive1 31_05_2018_NO_QueenBee____12_00_00.wav,Hive1 31_05_2018_NO_QueenBee____12_00_00.wav,Hive1_31_05_2018,Queenless,Hive1,
421,dataset\zenodo\Hive1_31_05_2018\Hive1 31_05_2018_NO_QueenBee____12_10_00.wav,Hive1 31_05_2018_NO_QueenBee____12_10_00.wav,Hive1_31_05_2018,Queenless,Hive1,
422,dataset\zenodo\Hive1_31_05_2018\Hive1 31_05_2018_NO_QueenBee____12_20_00.wav,Hive1 31_05_2018_NO_QueenBee____12_20_00.wav,Hive1_31_05_2018,Queenless,Hive1,
423,dataset\zenodo\Hive1_31_05_2018\Hive1 31_05_2018_NO_QueenBee____12_30_00.wav,Hive1 31_05_2018_NO_QueenBee____12_30_00.wav,Hive1_31_05_2018,Queenless,Hive1,
424,dataset\zenodo\Hive1_31_05_2018\Hive1 31_05_2018_NO_QueenBee____12_40_00.wav,Hive1 31_05_2018_NO_QueenBee____12_40_00.wav,Hive1_31_05_2018,Queenless,Hive1,
425,dataset\zenodo\Hive1_31_05_2018\Hive1 31_05_2018_NO_QueenBee____12_50_00.wav,Hive1 31_05_2018_NO_QueenBee____12_50_00.wav,Hive1_31_05_2018,Queenless,Hive1,
426,dataset\zenodo\Hive1_31_05_2018\Hive1 31_05_2018_NO_QueenBee____13_00_00.wav,Hive1 31_05_2018_NO_QueenBee____13_00_00.wav,Hive1_31_05_2018,Queenless,Hive1,
427,dataset\zenodo\Hive1_31_05_2018\Hive1 31_05_2018_NO_QueenBee____13_10_00.wav,Hive1 31_05_2018_NO_QueenBee____13_10_00.wav,Hive1_31_05_2018,Queenless,Hive1,
428,dataset\zenodo\Hive1_31_05_2018\Hive1 31_05_2018_NO_QueenBee____13_20_00.wav,Hive1 31_05_2018_NO_QueenBee____13_20_00.wav,Hive1_31_05_2018,Queenless,Hive1,
429,dataset\zenodo\Hive1_31_05_2018\Hive1 31_05_2018_NO_QueenBee____13_30_00.wav,Hive1 31_05_2018_NO_QueenBee____13_30_00.wav,Hive1_31_05_2018,Queenless,Hive1,
430,dataset\zenodo\Hive1_31_05_2018\Hive1 31_05_2018_NO_QueenBee____13_40_00.wav,Hive1 31_05_2018_NO_QueenBee____13_40_00.wav,Hive1_31_05_2018,Queenless,Hive1,
431,dataset\zenodo\Hive1_31_05_2018\Hive1 31_05_2018_NO_QueenBee____13_50_00.wav,Hive1 31_05_2018_NO_QueenBee____13_50_00.wav,Hive1_31_05_2018,Queenless,Hive1,
432,dataset\zenodo\Hive1_31_05_2018\Hive1 31_05_2018_NO_QueenBee____14_00_00.wav,Hive1 31_05_2018_NO_QueenBee____14_00_00.wav,Hive1_31_05_2018,Queenless,Hive1,
433,dataset\zenodo\Hive1_31_05_2018\Hive1 31_05_2018_NO_QueenBee____14_10_00.wav,Hive1 31_05_2018_NO_QueenBee____14_10_00.wav,Hive1_31_05_2018,Queenless,Hive1,
434,dataset\zenodo\Hive1_31_05_2018\Hive1 31_05_2018_NO_QueenBee____14_20_00.wav,Hive1 31_05_2018_NO_QueenBee____14_20_00.wav,Hive1_31_05_2018,Queenless,Hive1,
435,dataset\zenodo\Hive1_31_05_2018\Hive1 31_05_2018_NO_QueenBee____14_30_00.wav,Hive1 31_05_2018_NO_QueenBee____14_30_00.wav,Hive1_31_05_2018,Queenless,Hive1,
436,dataset\zenodo\Hive1_31_05_2018\Hive1 31_05_2018_NO_QueenBee____14_40_00.wav,Hive1 31_05_2018_NO_QueenBee____14_40_00.wav,Hive1_31_05_2018,Queenless,Hive1,
437,dataset\zenodo\Hive1_31_05_2018\Hive1 31_05_2018_NO_QueenBee____14_50_00.wav,Hive1 31_05_2018_NO_QueenBee____14_50_00.wav,Hive1_31_05_2018,Queenless,Hive1,
438,dataset\zenodo\Hive1_31_05_2018\Hive1 31_05_2018_NO_QueenBee____15_00_00.wav,Hive1 31_05_2018_NO_QueenBee____15_00_00.wav,Hive1_31_05_2018,Queenless,Hive1,
439,dataset\zenodo\Hive1_31_05_2018\Hive1 31_05_2018_NO_QueenBee____15_10_00.wav,Hive1 31_05_2018_NO_QueenBee____15_10_00.wav,Hive1_31_05_2018,Queenless,Hive1,
440,dataset\zenodo\Hive1_31_05_2018\Hive1 31_05_2018_NO_QueenBee____15_20_00.wav,Hive1 31_05_2018_NO_QueenBee____15_20_00.wav,Hive1_31_05_2018,Queenless,Hive1,
441,dataset\zenodo\Hive1_31_05_2018\Hive1 31_05_2018_NO_QueenBee____15_30_00.wav,Hive1 31_05_2018_NO_QueenBee____15_30_00.wav,Hive1_31_05_2018,Queenless,Hive1,
442,dataset\zenodo\Hive1_31_05_2018\Hive1 31_05_2018_NO_QueenBee____15_40_00.wav,Hive1 31_05_2018_NO_QueenBee____15_40_00.wav,Hive1_31_05_2018,Queenless,Hive1,
443,dataset\zenodo\Hive1_31_05_2018\Hive1 31_05_2018_NO_QueenBee____15_50_00.wav,Hive1 31_05_2018_NO_QueenBee____15_50_00.wav,Hive1_31_05_2018,Queenless,Hive1,
444,dataset\zenodo\Hive1_31_05_2018\Hive1 31_05_2018_NO_QueenBee____16_00_00.wav,Hive1 31_05_2018_NO_QueenBee____16_00_00.wav,Hive1_31_05_2018,Queenless,Hive1,
445,dataset\zenodo\Hive1_31_05_2018\Hive1 31_05_2018_NO_QueenBee____16_10_00.wav,Hive1 31_05_2018_NO_QueenBee____16_10_00.wav,Hive1_31_05_2018,Queenless,Hive1,
446,dataset\zenodo\Hive1_31_05_2018\Hive1 31_05_2018_NO_QueenBee____16_20_00.wav,Hive1 31_05_2018_NO_QueenBee____16_20_00.wav,Hive1_31_05_2018,Queenless,Hive1,
447,dataset\zenodo\Hive1_31_05_2018\Hive1 31_05_2018_NO_QueenBee____16_30_00.wav,Hive1 31_05_2018_NO_QueenBee____16_30_00.wav,Hive1_31_05_2018,Queenless,Hive1,
448,dataset\zenodo\Hive1_31_05_2018\Hive1 31_05_2018_NO_QueenBee____16_40_00.wav,Hive1 31_05_2018_NO_QueenBee____16_40_00.wav,Hive1_31_05_2018,Queenless,Hive1,
449,dataset\zenodo\Hive1_31_05_2018\Hive1 31_05_2018_NO_QueenBee____16_50_00.wav,Hive1 31_05_2018_NO_QueenBee____16_50_00.wav,Hive1_31_05_2018,Queenless,Hive1,
450,dataset\zenodo\Hive1_31_05_2018\Hive1 31_05_2018_NO_QueenBee____17_00_00.wav,Hive1 31_05_2018_NO_QueenBee____17_00_00.wav,Hive1_31_05_2018,Queenless,Hive1,
451,dataset\zenodo\Hive1_31_05_2018\Hive1 31_05_2018_NO_QueenBee____17_10_00.wav,Hive1 31_05_2018_NO_QueenBee____17_10_00.wav,Hive1_31_05_2018,Queenless,Hive1,
452,dataset\zenodo\Hive1_31_05_2018\Hive1 31_05_2018_NO_QueenBee____17_20_00.wav,Hive1 31_05_2018_NO_QueenBee____17_20_00.wav,Hive1_31_05_2018,Queenless,Hive1,
453,dataset\zenodo\Hive1_31_05_2018\Hive1 31_05_2018_NO_QueenBee____17_30_00.wav,Hive1 31_05_2018_NO_QueenBee____17_30_00.wav,Hive1_31_05_2018,Queenless,Hive1,
454,dataset\zenodo\Hive1_31_05_2018\Hive1 31_05_2018_NO_QueenBee____17_40_00.wav,Hive1 31_05_2018_NO_QueenBee____17_40_00.wav,Hive1_31_05_2018,Queenless,Hive1,
455,dataset\zenodo\Hive1_31_05_2018\Hive1 31_05_2018_NO_QueenBee____17_50_00.wav,Hive1 31_05_2018_NO_QueenBee____17_50_00.wav,Hive1_31_05_2018,Queenless,Hive1,
456,dataset\zenodo\Hive1_31_05_2018\Hive1 31_05_2018_NO_QueenBee____18_00_00.wav,Hive1 31_05_2018_NO_QueenBee____18_00_00.wav,Hive1_31_05_2018,Queenless,Hive1,
457,dataset\zenodo\Hive1_31_05_2018\Hive1 31_05_2018_NO_QueenBee____18_10_00.wav,Hive1 31_05_2018_NO_QueenBee____18_10_00.wav,Hive1_31_05_2018,Queenless,Hive1,
458,dataset\zenodo\Hive1_31_05_2018\Hive1 31_05_2018_NO_QueenBee____18_20_00.wav,Hive1 31_05_2018_NO_QueenBee____18_20_00.wav,Hive1_31_05_2018,Queenless,Hive1,
459,dataset\zenodo\Hive1_31_05_2018\Hive1 31_05_2018_NO_QueenBee____18_30_00.wav,Hive1 31_05_2018_NO_QueenBee____18_30_00.wav,Hive1_31_05_2018,Queenless,Hive1,
460,dataset\zenodo\Hive1_31_05_2018\Hive1 31_05_2018_NO_QueenBee____18_40_00.wav,Hive1 31_05_2018_NO_QueenBee____18_40_00.wav,Hive1_31_05_2018,Queenless,Hive1,
461,dataset\zenodo\Hive1_31_05_2018\Hive1 31_05_2018_NO_QueenBee____18_50_00.wav,Hive1 31_05_2018_NO_QueenBee____18_50_00.wav,Hive1_31_05_2018,Queenless,Hive1,
462,dataset\zenodo\Hive1_31_05_2018\Hive1 31_05_2018_NO_QueenBee____19_00_00.wav,Hive1 31_05_2018_NO_QueenBee____19_00_00.wav,Hive1_31_05_2018,Queenless,Hive1,
463,dataset\zenodo\Hive1_31_05_2018\Hive1 31_05_2018_NO_QueenBee____19_10_00.wav,Hive1 31_05_2018_NO_QueenBee____19_10_00.wav,Hive1_31_05_2018,Queenless,Hive1,
464,dataset\zenodo\Hive1_31_05_2018\Hive1 31_05_2018_NO_QueenBee____19_20_00.wav,Hive1 31_05_2018_NO_QueenBee____19_20_00.wav,Hive1_31_05_2018,Queenless,Hive1,
465,dataset\zenodo\Hive1_31_05_2018\Hive1 31_05_2018_NO_QueenBee____19_30_00.wav,Hive1 31_05_2018_NO_QueenBee____19_30_00.wav,Hive1_31_05_2018,Queenless,Hive1,
466,dataset\zenodo\Hive1_31_05_2018\Hive1 31_05_2018_NO_QueenBee____19_40_00.wav,Hive1 31_05_2018_NO_QueenBee____19_40_00.wav,Hive1_31_05_2018,Queenless,Hive1,
467,dataset\zenodo\Hive1_31_05_2018\Hive1 31_05_2018_NO_QueenBee____19_50_00.wav,Hive1 31_05_2018_NO_QueenBee____19_50_00.wav,Hive1_31_05_2018,Queenless,Hive1,
468,dataset\zenodo\Hive1_31_05_2018\Hive1 31_05_2018_NO_QueenBee____20_00_00.wav,Hive1 31_05_2018_NO_QueenBee____20_00_00.wav,Hive1_31_05_2018,Queenless,Hive1,
469,dataset\zenodo\Hive1_31_05_2018\Hive1 31_05_2018_NO_QueenBee____20_10_00.wav,Hive1 31_05_2018_NO_QueenBee____20_10_00.wav,Hive1_31_05_2018,Queenless,Hive1,
470,dataset\zenodo\Hive1_31_05_2018\Hive1 31_05_2018_NO_QueenBee____20_20_00.wav,Hive1 31_05_2018_NO_QueenBee____20_20_00.wav,Hive1_31_05_2018,Queenless,Hive1,
471,dataset\zenodo\Hive1_31_05_2018\Hive1 31_05_2018_NO_QueenBee____20_30_00.wav,Hive1 31_05_2018_NO_QueenBee____20_30_00.wav,Hive1_31_05_2018,Queenless,Hive1,
472,dataset\zenodo\Hive1_31_05_2018\Hive1 31_05_2018_NO_QueenBee____20_40_00.wav,Hive1 31_05_2018_NO_QueenBee____20_40_00.wav,Hive1_31_05_2018,Queenless,Hive1,
473,dataset\zenodo\Hive1_31_05_2018\Hive1 31_05_2018_NO_QueenBee____20_50_00.wav,Hive1 31_05_2018_NO_QueenBee____20_50_00.wav,Hive1_31_05_2018,Queenless,Hive1,
474,dataset\zenodo\Hive1_31_05_2018\Hive1 31_05_2018_NO_QueenBee____21_00_00.wav,Hive1 31_05_2018_NO_QueenBee____21_00_00.wav,Hive1_31_05_2018,Queenless,Hive1,
475,dataset\zenodo\Hive1_31_05_2018\Hive1 31_05_2018_NO_QueenBee____21_10_00.wav,Hive1 31_05_2018_NO_QueenBee____21_10_00.wav,Hive1_31_05_2018,Queenless,Hive1,
476,dataset\zenodo\Hive1_31_05_2018\Hive1 31_05_2018_NO_QueenBee____21_20_00.wav,Hive1 31_05_2018_NO_QueenBee____21_20_00.wav,Hive1_31_05_2018,Queenless,Hive1,
477,dataset\zenodo\Hive1_31_05_2018\Hive1 31_05_2018_NO_QueenBee____21_30_00.wav,Hive1 31_05_2018_NO_QueenBee____21_30_00.wav,Hive1_31_05_2018,Queenless,Hive1,
478,dataset\zenodo\Hive1_31_05_2018\Hive1 31_05_2018_NO_QueenBee____21_40_00.wav,Hive1 31_05_2018_NO_QueenBee____21_40_00.wav,Hive1_31_05_2018,Queenless,Hive1,
479,dataset\zenodo\Hive1_31_05_2018\Hive1 31_05_2018_NO_QueenBee____21_50_00.wav,Hive1 31_05_2018_NO_QueenBee____21_50_00.wav,Hive1_31_05_2018,Queenless,Hive1,
480,dataset\zenodo\Hive1_31_05_2018\Hive1 31_05_2018_NO_QueenBee____22_00_00.wav,Hive1 31_05_2018_NO_QueenBee____22_00_00.wav,Hive1_31_05_2018,Queenless,Hive1,
481,dataset\zenodo\Hive1_31_05_2018\Hive1 31_05_2018_NO_QueenBee____22_10_00.wav,Hive1 31_05_2018_NO_QueenBee____22_10_00.wav,Hive1_31_05_2018,Queenless,Hive1,
482,dataset\zenodo\Hive1_31_05_2018\Hive1 31_05_2018_NO_QueenBee____22_20_00.wav,Hive1 31_05_2018_NO_QueenBee____22_20_00.wav,Hive1_31_05_2018,Queenless,Hive1,
483,dataset\zenodo\Hive1_31_05_2018\Hive1 31_05_2018_NO_QueenBee____22_30_00.wav,Hive1 31_05_2018_NO_QueenBee____22_30_00.wav,Hive1_31_05_2018,Queenless,Hive1,
484,dataset\zenodo\Hive1_31_05_2018\Hive1 31_05_2018_NO_QueenBee____22_40_00.wav,Hive1 31_05_2018_NO_QueenBee____22_40_00.wav,Hive1_31_05_2018,Queenless,Hive1,
485,dataset\zenodo\Hive1_31_05_2018\Hive1 31_05_2018_NO_QueenBee____22_50_00.wav,Hive1 31_05_2018_NO_QueenBee____22_50_00.wav,Hive1_31_05_2018,Queenless,Hive1,
486,dataset\zenodo\Hive1_31_05_2018\Hive1 31_05_2018_NO_QueenBee____23_00_00.wav,Hive1 31_05_2018_NO_QueenBee____23_00_00.wav,Hive1_31_05_2018,Queenless,Hive1,
487,dataset\zenodo\Hive1_31_05_2018\Hive1 31_05_2018_NO_QueenBee____23_10_00.wav,Hive1 31_05_2018_NO_QueenBee____23_10_00.wav,Hive1_31_05_2018,Queenless,Hive1,
488,dataset\zenodo\Hive1_31_05_2018\Hive1 31_05_2018_NO_QueenBee____23_20_00.wav,Hive1 31_05_2018_NO_QueenBee____23_20_00.wav,Hive1_31_05_2018,Queenless,Hive1,
489,dataset\zenodo\Hive1_31_05_2018\Hive1 31_05_2018_NO_QueenBee____23_30_00.wav,Hive1 31_05_2018_NO_QueenBee____23_30_00.wav,Hive1_31_05_2018,Queenless,Hive1,
490,dataset\zenodo\Hive1_31_05_2018\Hive1 31_05_2018_NO_QueenBee____23_40_00.wav,Hive1 31_05_2018_NO_QueenBee____23_40_00.wav,Hive1_31_05_2018,Queenless,Hive1,
491,dataset\zenodo\Hive1_31_05_2018\Hive1 31_05_2018_NO_QueenBee____23_50_00.wav,Hive1 31_05_2018_NO_QueenBee____23_50_00.wav,Hive1_31_05_2018,Queenless,Hive1,
492,dataset\zenodo\Hive3_14_07_2017\Hive3_14_07_2017_NO_QueenBee____00_00_00.wav,Hive3_14_07_2017_NO_QueenBee____00_00_00.wav,Hive3_14_07_2017,Queenless,Hive3,
493,dataset\zenodo\Hive3_14_07_2017\Hive3_14_07_2017_NO_QueenBee____00_10_00.wav,Hive3_14_07_2017_NO_QueenBee____00_10_00.wav,Hive3_14_07_2017,Queenless,Hive3,
494,dataset\zenodo\Hive3_14_07_2017\Hive3_14_07_2017_NO_QueenBee____00_20_00.wav,Hive3_14_07_2017_NO_QueenBee____00_20_00.wav,Hive3_14_07_2017,Queenless,Hive3,
495,dataset\zenodo\Hive3_14_07_2017\Hive3_14_07_2017_NO_QueenBee____00_30_00.wav,Hive3_14_07_2017_NO_QueenBee____00_30_00.wav,Hive3_14_07_2017,Queenless,Hive3,
496,dataset\zenodo\Hive3_14_07_2017\Hive3_14_07_2017_NO_QueenBee____00_40_00.wav,Hive3_14_07_2017_NO_QueenBee____00_40_00.wav,Hive3_14_07_2017,Queenless,Hive3,
497,dataset\zenodo\Hive3_14_07_2017\Hive3_14_07_2017_NO_QueenBee____00_50_00.wav,Hive3_14_07_2017_NO_QueenBee____00_50_00.wav,Hive3_14_07_2017,Queenless,Hive3,
498,dataset\zenodo\Hive3_14_07_2017\Hive3_14_07_2017_NO_QueenBee____01_00_00.wav,Hive3_14_07_2017_NO_QueenBee____01_00_00.wav,Hive3_14_07_2017,Queenless,Hive3,
499,dataset\zenodo\Hive3_14_07_2017\Hive3_14_07_2017_NO_QueenBee____01_10_00.wav,Hive3_14_07_2017_NO_QueenBee____01_10_00.wav,Hive3_14_07_2017,Queenless,Hive3,
500,dataset\zenodo\Hive3_14_07_2017\Hive3_14_07_2017_NO_QueenBee____01_20_00.wav,Hive3_14_07_2017_NO_QueenBee____01_20_00.wav,Hive3_14_07_2017,Queenless,Hive3,
501,dataset\zenodo\Hive3_14_07_2017\Hive3_14_07_2017_NO_QueenBee____01_30_00.wav,Hive3_14_07_2017_NO_QueenBee____01_30_00.wav,Hive3_14_07_2017,Queenless,Hive3,
502,dataset\zenodo\Hive3_14_07_2017\Hive3_14_07_2017_NO_QueenBee____01_40_00.wav,Hive3_14_07_2017_NO_QueenBee____01_40_00.wav,Hive3_14_07_2017,Queenless,Hive3,
503,dataset\zenodo\Hive3_14_07_2017\Hive3_14_07_2017_NO_QueenBee____01_50_00.wav,Hive3_14_07_2017_NO_QueenBee____01_50_00.wav,Hive3_14_07_2017,Queenless,Hive3,
504,dataset\zenodo\Hive3_14_07_2017\Hive3_14_07_2017_NO_QueenBee____02_00_00.wav,Hive3_14_07_2017_NO_QueenBee____02_00_00.wav,Hive3_14_07_2017,Queenless,Hive3,
505,dataset\zenodo\Hive3_14_07_2017\Hive3_14_07_2017_NO_QueenBee____02_10_00.wav,Hive3_14_07_2017_NO_QueenBee____02_10_00.wav,Hive3_14_07_2017,Queenless,Hive3,
506,dataset\zenodo\Hive3_14_07_2017\Hive3_14_07_2017_NO_QueenBee____02_20_00.wav,Hive3_14_07_2017_NO_QueenBee____02_20_00.wav,Hive3_14_07_2017,Queenless,Hive3,
507,dataset\zenodo\Hive3_14_07_2017\Hive3_14_07_2017_NO_QueenBee____02_30_00.wav,Hive3_14_07_2017_NO_QueenBee____02_30_00.wav,Hive3_14_07_2017,Queenless,Hive3,
508,dataset\zenodo\Hive3_14_07_2017\Hive3_14_07_2017_NO_QueenBee____02_40_00.wav,Hive3_14_07_2017_NO_QueenBee____02_40_00.wav,Hive3_14_07_2017,Queenless,Hive3,
509,dataset\zenodo\Hive3_14_07_2017\Hive3_14_07_2017_NO_QueenBee____02_50_00.wav,Hive3_14_07_2017_NO_QueenBee____02_50_00.wav,Hive3_14_07_2017,Queenless,Hive3,
510,dataset\zenodo\Hive3_14_07_2017\Hive3_14_07_2017_NO_QueenBee____03_00_00.wav,Hive3_14_07_2017_NO_QueenBee____03_00_00.wav,Hive3_14_07_2017,Queenless,Hive3,
511,dataset\zenodo\Hive3_14_07_2017\Hive3_14_07_2017_NO_QueenBee____03_10_00.wav,Hive3_14_07_2017_NO_QueenBee____03_10_00.wav,Hive3_14_07_2017,Queenless,Hive3,
512,dataset\zenodo\Hive3_14_07_2017\Hive3_14_07_2017_NO_QueenBee____03_20_00.wav,Hive3_14_07_2017_NO_QueenBee____03_20_00.wav,Hive3_14_07_2017,Queenless,Hive3,
513,dataset\zenodo\Hive3_14_07_2017\Hive3_14_07_2017_NO_QueenBee____03_30_00.wav,Hive3_14_07_2017_NO_QueenBee____03_30_00.wav,Hive3_14_07_2017,Queenless,Hive3,
514,dataset\zenodo\Hive3_14_07_2017\Hive3_14_07_2017_NO_QueenBee____03_40_00.wav,Hive3_14_07_2017_NO_QueenBee____03_40_00.wav,Hive3_14_07_2017,Queenless,Hive3,
515,dataset\zenodo\Hive3_14_07_2017\Hive3_14_07_2017_NO_QueenBee____03_50_00.wav,Hive3_14_07_2017_NO_QueenBee____03_50_00.wav,Hive3_14_07_2017,Queenless,Hive3,
516,dataset\zenodo\Hive3_14_07_2017\Hive3_14_07_2017_NO_QueenBee____04_00_00.wav,Hive3_14_07_2017_NO_QueenBee____04_00_00.wav,Hive3_14_07_2017,Queenless,Hive3,
517,dataset\zenodo\Hive3_14_07_2017\Hive3_14_07_2017_NO_QueenBee____04_10_00.wav,Hive3_14_07_2017_NO_QueenBee____04_10_00.wav,Hive3_14_07_2017,Queenless,Hive3,
518,dataset\zenodo\Hive3_14_07_2017\Hive3_14_07_2017_NO_QueenBee____04_20_00.wav,Hive3_14_07_2017_NO_QueenBee____04_20_00.wav,Hive3_14_07_2017,Queenless,Hive3,
519,dataset\zenodo\Hive3_14_07_2017\Hive3_14_07_2017_NO_QueenBee____04_30_00.wav,Hive3_14_07_2017_NO_QueenBee____04_30_00.wav,Hive3_14_07_2017,Queenless,Hive3,
520,dataset\zenodo\Hive3_14_07_2017\Hive3_14_07_2017_NO_QueenBee____04_40_00.wav,Hive3_14_07_2017_NO_QueenBee____04_40_00.wav,Hive3_14_07_2017,Queenless,Hive3,
521,dataset\zenodo\Hive3_14_07_2017\Hive3_14_07_2017_NO_QueenBee____04_50_00.wav,Hive3_14_07_2017_NO_QueenBee____04_50_00.wav,Hive3_14_07_2017,Queenless,Hive3,
522,dataset\zenodo\Hive3_14_07_2017\Hive3_14_07_2017_NO_QueenBee____05_00_00.wav,Hive3_14_07_2017_NO_QueenBee____05_00_00.wav,Hive3_14_07_2017,Queenless,Hive3,
523,dataset\zenodo\Hive3_14_07_2017\Hive3_14_07_2017_NO_QueenBee____05_10_00.wav,Hive3_14_07_2017_NO_QueenBee____05_10_00.wav,Hive3_14_07_2017,Queenless,Hive3,
524,dataset\zenodo\Hive3_14_07_2017\Hive3_14_07_2017_NO_QueenBee____05_20_00.wav,Hive3_14_07_2017_NO_QueenBee____05_20_00.wav,Hive3_14_07_2017,Queenless,Hive3,
525,dataset\zenodo\Hive3_14_07_2017\Hive3_14_07_2017_NO_QueenBee____05_30_00.wav,Hive3_14_07_2017_NO_QueenBee____05_30_00.wav,Hive3_14_07_2017,Queenless,Hive3,
526,dataset\zenodo\Hive3_14_07_2017\Hive3_14_07_2017_NO_QueenBee____05_40_00.wav,Hive3_14_07_2017_NO_QueenBee____05_40_00.wav,Hive3_14_07_2017,Queenless,Hive3,
527,dataset\zenodo\Hive3_14_07_2017\Hive3_14_07_2017_NO_QueenBee____05_50_00.wav,Hive3_14_07_2017_NO_QueenBee____05_50_00.wav,Hive3_14_07_2017,Queenless,Hive3,
528,dataset\zenodo\Hive3_14_07_2017\Hive3_14_07_2017_NO_QueenBee____06_00_00.wav,Hive3_14_07_2017_NO_QueenBee____06_00_00.wav,Hive3_14_07_2017,Queenless,Hive3,
529,dataset\zenodo\Hive3_14_07_2017\Hive3_14_07_2017_NO_QueenBee____06_10_00.wav,Hive3_14_07_2017_NO_QueenBee____06_10_00.wav,Hive3_14_07_2017,Queenless,Hive3,
530,dataset\zenodo\Hive3_14_07_2017\Hive3_14_07_2017_NO_QueenBee____06_20_00.wav,Hive3_14_07_2017_NO_QueenBee____06_20_00.wav,Hive3_14_07_2017,Queenless,Hive3,
531,dataset\zenodo\Hive3_14_07_2017\Hive3_14_07_2017_NO_QueenBee____06_30_00.wav,Hive3_14_07_2017_NO_QueenBee____06_30_00.wav,Hive3_14_07_2017,Queenless,Hive3,
532,dataset\zenodo\Hive3_14_07_2017\Hive3_14_07_2017_NO_QueenBee____06_40_00.wav,Hive3_14_07_2017_NO_QueenBee____06_40_00.wav,Hive3_14_07_2017,Queenless,Hive3,
533,dataset\zenodo\Hive3_14_07_2017\Hive3_14_07_2017_NO_QueenBee____06_50_00.wav,Hive3_14_07_2017_NO_QueenBee____06_50_00.wav,Hive3_14_07_2017,Queenless,Hive3,
534,dataset\zenodo\Hive3_14_07_2017\Hive3_14_07_2017_NO_QueenBee____07_00_00.wav,Hive3_14_07_2017_NO_QueenBee____07_00_00.wav,Hive3_14_07_2017,Queenless,Hive3,
535,dataset\zenodo\Hive3_14_07_2017\Hive3_14_07_2017_NO_QueenBee____07_10_00.wav,Hive3_14_07_2017_NO_QueenBee____07_10_00.wav,Hive3_14_07_2017,Queenless,Hive3,
536,dataset\zenodo\Hive3_14_07_2017\Hive3_14_07_2017_NO_QueenBee____07_20_00.wav,Hive3_14_07_2017_NO_QueenBee____07_20_00.wav,Hive3_14_07_2017,Queenless,Hive3,
537,dataset\zenodo\Hive3_14_07_2017\Hive3_14_07_2017_NO_QueenBee____07_30_00.wav,Hive3_14_07_2017_NO_QueenBee____07_30_00.wav,Hive3_14_07_2017,Queenless,Hive3,
538,dataset\zenodo\Hive3_14_07_2017\Hive3_14_07_2017_NO_QueenBee____07_40_00.wav,Hive3_14_07_2017_NO_QueenBee____07_40_00.wav,Hive3_14_07_2017,Queenless,Hive3,
539,dataset\zenodo\Hive3_14_07_2017\Hive3_14_07_2017_NO_QueenBee____07_50_00.wav,Hive3_14_07_2017_NO_QueenBee____07_50_00.wav,Hive3_14_07_2017,Queenless,Hive3,
540,dataset\zenodo\Hive3_14_07_2017\Hive3_14_07_2017_NO_QueenBee____08_00_00.wav,Hive3_14_07_2017_NO_QueenBee____08_00_00.wav,Hive3_14_07_2017,Queenless,Hive3,
541,dataset\zenodo\Hive3_14_07_2017\Hive3_14_07_2017_NO_QueenBee____08_10_00.wav,Hive3_14_07_2017_NO_QueenBee____08_10_00.wav,Hive3_14_07_2017,Queenless,Hive3,
542,dataset\zenodo\Hive3_14_07_2017\Hive3_14_07_2017_NO_QueenBee____08_20_00.wav,Hive3_14_07_2017_NO_QueenBee____08_20_00.wav,Hive3_14_07_2017,Queenless,Hive3,
543,dataset\zenodo\Hive3_14_07_2017\Hive3_14_07_2017_NO_QueenBee____08_30_00.wav,Hive3_14_07_2017_NO_QueenBee____08_30_00.wav,Hive3_14_07_2017,Queenless,Hive3,
544,dataset\zenodo\Hive3_14_07_2017\Hive3_14_07_2017_NO_QueenBee____08_40_00.wav,Hive3_14_07_2017_NO_QueenBee____08_40_00.wav,Hive3_14_07_2017,Queenless,Hive3,
545,dataset\zenodo\Hive3_14_07_2017\Hive3_14_07_2017_NO_QueenBee____08_50_00.wav,Hive3_14_07_2017_NO_QueenBee____08_50_00.wav,Hive3_14_07_2017,Queenless,Hive3,
546,dataset\zenodo\Hive3_14_07_2017\Hive3_14_07_2017_NO_QueenBee____09_00_00.wav,Hive3_14_07_2017_NO_QueenBee____09_00_00.wav,Hive3_14_07_2017,Queenless,Hive3,
547,dataset\zenodo\Hive3_14_07_2017\Hive3_14_07_2017_NO_QueenBee____09_10_00.wav,Hive3_14_07_2017_NO_QueenBee____09_10_00.wav,Hive3_14_07_2017,Queenless,Hive3,
548,dataset\zenodo\Hive3_14_07_2017\Hive3_14_07_2017_NO_QueenBee____09_20_00.wav,Hive3_14_07_2017_NO_QueenBee____09_20_00.wav,Hive3_14_07_2017,Queenless,Hive3,
549,dataset\zenodo\Hive3_14_07_2017\Hive3_14_07_2017_NO_QueenBee____09_30_00.wav,Hive3_14_07_2017_NO_QueenBee____09_30_00.wav,Hive3_14_07_2017,Queenless,Hive3,
550,dataset\zenodo\Hive3_14_07_2017\Hive3_14_07_2017_NO_QueenBee____09_40_00.wav,Hive3_14_07_2017_NO_QueenBee____09_40_00.wav,Hive3_14_07_2017,Queenless,Hive3,
551,dataset\zenodo\Hive3_14_07_2017\Hive3_14_07_2017_NO_QueenBee____09_50_00.wav,Hive3_14_07_2017_NO_QueenBee____09_50_00.wav,Hive3_14_07_2017,Queenless,Hive3,
552,dataset\zenodo\Hive3_14_07_2017\Hive3_14_07_2017_NO_QueenBee____10_00_00.wav,Hive3_14_07_2017_NO_QueenBee____10_00_00.wav,Hive3_14_07_2017,Queenless,Hive3,
553,dataset\zenodo\Hive3_14_07_2017\Hive3_14_07_2017_NO_QueenBee____10_10_00.wav,Hive3_14_07_2017_NO_QueenBee____10_10_00.wav,Hive3_14_07_2017,Queenless,Hive3,
554,dataset\zenodo\Hive3_14_07_2017\Hive3_14_07_2017_NO_QueenBee____10_20_00.wav,Hive3_14_07_2017_NO_QueenBee____10_20_00.wav,Hive3_14_07_2017,Queenless,Hive3,
555,dataset\zenodo\Hive3_14_07_2017\Hive3_14_07_2017_NO_QueenBee____10_30_00.wav,Hive3_14_07_2017_NO_QueenBee____10_30_00.wav,Hive3_14_07_2017,Queenless,Hive3,
556,dataset\zenodo\Hive3_14_07_2017\Hive3_14_07_2017_NO_QueenBee____10_40_00.wav,Hive3_14_07_2017_NO_QueenBee____10_40_00.wav,Hive3_14_07_2017,Queenless,Hive3,
557,dataset\zenodo\Hive3_14_07_2017\Hive3_14_07_2017_NO_QueenBee____10_50_00.wav,Hive3_14_07_2017_NO_QueenBee____10_50_00.wav,Hive3_14_07_2017,Queenless,Hive3,
558,dataset\zenodo\Hive3_14_07_2017\Hive3_14_07_2017_NO_QueenBee____11_00_00.wav,Hive3_14_07_2017_NO_QueenBee____11_00_00.wav,Hive3_14_07_2017,Queenless,Hive3,
559,dataset\zenodo\Hive3_14_07_2017\Hive3_14_07_2017_NO_QueenBee____11_10_00.wav,Hive3_14_07_2017_NO_QueenBee____11_10_00.wav,Hive3_14_07_2017,Queenless,Hive3,
560,dataset\zenodo\Hive3_14_07_2017\Hive3_14_07_2017_NO_QueenBee____11_20_00.wav,Hive3_14_07_2017_NO_QueenBee____11_20_00.wav,Hive3_14_07_2017,Queenless,Hive3,
561,dataset\zenodo\Hive3_14_07_2017\Hive3_14_07_2017_NO_QueenBee____11_30_00.wav,Hive3_14_07_2017_NO_QueenBee____11_30_00.wav,Hive3_14_07_2017,Queenless,Hive3,
562,dataset\zenodo\Hive3_14_07_2017\Hive3_14_07_2017_NO_QueenBee____11_40_00.wav,Hive3_14_07_2017_NO_QueenBee____11_40_00.wav,Hive3_14_07_2017,Queenless,Hive3,
563,dataset\zenodo\Hive3_14_07_2017\Hive3_14_07_2017_NO_QueenBee____11_50_00.wav,Hive3_14_07_2017_NO_QueenBee____11_50_00.wav,Hive3_14_07_2017,Queenless,Hive3,
564,dataset\zenodo\Hive3_14_07_2017\Hive3_14_07_2017_NO_QueenBee____12_00_00.wav,Hive3_14_07_2017_NO_QueenBee____12_00_00.wav,Hive3_14_07_2017,Queenless,Hive3,
565,dataset\zenodo\Hive3_14_07_2017\Hive3_14_07_2017_NO_QueenBee____12_10_00.wav,Hive3_14_07_2017_NO_QueenBee____12_10_00.wav,Hive3_14_07_2017,Queenless,Hive3,
566,dataset\zenodo\Hive3_14_07_2017\Hive3_14_07_2017_NO_QueenBee____12_20_00.wav,Hive3_14_07_2017_NO_QueenBee____12_20_00.wav,Hive3_14_07_2017,Queenless,Hive3,
567,dataset\zenodo\Hive3_14_07_2017\Hive3_14_07_2017_NO_QueenBee____12_30_00.wav,Hive3_14_07_2017_NO_QueenBee____12_30_00.wav,Hive3_14_07_2017,Queenless,Hive3,
568,dataset\zenodo\Hive3_14_07_2017\Hive3_14_07_2017_NO_QueenBee____12_40_00.wav,Hive3_14_07_2017_NO_QueenBee____12_40_00.wav,Hive3_14_07_2017,Queenless,Hive3,
569,dataset\zenodo\Hive3_14_07_2017\Hive3_14_07_2017_NO_QueenBee____12_50_00.wav,Hive3_14_07_2017_NO_QueenBee____12_50_00.wav,Hive3_14_07_2017,Queenless,Hive3,
570,dataset\zenodo\Hive3_14_07_2017\Hive3_14_07_2017_NO_QueenBee____13_00_00.wav,Hive3_14_07_2017_NO_QueenBee____13_00_00.wav,Hive3_14_07_2017,Queenless,Hive3,
571,dataset\zenodo\Hive3_14_07_2017\Hive3_14_07_2017_NO_QueenBee____13_10_00.wav,Hive3_14_07_2017_NO_QueenBee____13_10_00.wav,Hive3_14_07_2017,Queenless,Hive3,
572,dataset\zenodo\Hive3_14_07_2017\Hive3_14_07_2017_NO_QueenBee____13_20_00.wav,Hive3_14_07_2017_NO_QueenBee____13_20_00.wav,Hive3_14_07_2017,Queenless,Hive3,
573,dataset\zenodo\Hive3_14_07_2017\Hive3_14_07_2017_NO_QueenBee____13_30_00.wav,Hive3_14_07_2017_NO_QueenBee____13_30_00.wav,Hive3_14_07_2017,Queenless,Hive3,
574,dataset\zenodo\Hive3_14_07_2017\Hive3_14_07_2017_NO_QueenBee____13_40_00.wav,Hive3_14_07_2017_NO_QueenBee____13_40_00.wav,Hive3_14_07_2017,Queenless,Hive3,
575,dataset\zenodo\Hive3_14_07_2017\Hive3_14_07_2017_NO_QueenBee____13_50_00.wav,Hive3_14_07_2017_NO_QueenBee____13_50_00.wav,Hive3_14_07_2017,Queenless,Hive3,
576,dataset\zenodo\Hive3_14_07_2017\Hive3_14_07_2017_NO_QueenBee____14_00_00.wav,Hive3_14_07_2017_NO_QueenBee____14_00_00.wav,Hive3_14_07_2017,Queenless,Hive3,
577,dataset\zenodo\Hive3_14_07_2017\Hive3_14_07_2017_NO_QueenBee____14_10_00.wav,Hive3_14_07_2017_NO_QueenBee____14_10_00.wav,Hive3_14_07_2017,Queenless,Hive3,
578,dataset\zenodo\Hive3_14_07_2017\Hive3_14_07_2017_NO_QueenBee____14_20_00.wav,Hive3_14_07_2017_NO_QueenBee____14_20_00.wav,Hive3_14_07_2017,Queenless,Hive3,
579,dataset\zenodo\Hive3_14_07_2017\Hive3_14_07_2017_NO_QueenBee____14_30_00.wav,Hive3_14_07_2017_NO_QueenBee____14_30_00.wav,Hive3_14_07_2017,Queenless,Hive3,
580,dataset\zenodo\Hive3_14_07_2017\Hive3_14_07_2017_NO_QueenBee____14_40_00.wav,Hive3_14_07_2017_NO_QueenBee____14_40_00.wav,Hive3_14_07_2017,Queenless,Hive3,
581,dataset\zenodo\Hive3_14_07_2017\Hive3_14_07_2017_NO_QueenBee____14_50_00.wav,Hive3_14_07_2017_NO_QueenBee____14_50_00.wav,Hive3_14_07_2017,Queenless,Hive3,
582,dataset\zenodo\Hive3_14_07_2017\Hive3_14_07_2017_NO_QueenBee____15_00_00.wav,Hive3_14_07_2017_NO_QueenBee____15_00_00.wav,Hive3_14_07_2017,Queenless,Hive3,
583,dataset\zenodo\Hive3_14_07_2017\Hive3_14_07_2017_NO_QueenBee____15_10_00.wav,Hive3_14_07_2017_NO_QueenBee____15_10_00.wav,Hive3_14_07_2017,Queenless,Hive3,
584,dataset\zenodo\Hive3_14_07_2017\Hive3_14_07_2017_NO_QueenBee____15_20_00.wav,Hive3_14_07_2017_NO_QueenBee____15_20_00.wav,Hive3_14_07_2017,Queenless,Hive3,
585,dataset\zenodo\Hive3_14_07_2017\Hive3_14_07_2017_NO_QueenBee____15_30_00.wav,Hive3_14_07_2017_NO_QueenBee____15_30_00.wav,Hive3_14_07_2017,Queenless,Hive3,
586,dataset\zenodo\Hive3_14_07_2017\Hive3_14_07_2017_NO_QueenBee____15_40_00.wav,Hive3_14_07_2017_NO_QueenBee____15_40_00.wav,Hive3_14_07_2017,Queenless,Hive3,
587,dataset\zenodo\Hive3_14_07_2017\Hive3_14_07_2017_NO_QueenBee____15_50_00.wav,Hive3_14_07_2017_NO_QueenBee____15_50_00.wav,Hive3_14_07_2017,Queenless,Hive3,
588,dataset\zenodo\Hive3_14_07_2017\Hive3_14_07_2017_NO_QueenBee____16_00_00.wav,Hive3_14_07_2017_NO_QueenBee____16_00_00.wav,Hive3_14_07_2017,Queenless,Hive3,
589,dataset\zenodo\Hive3_14_07_2017\Hive3_14_07_2017_NO_QueenBee____16_10_00.wav,Hive3_14_07_2017_NO_QueenBee____16_10_00.wav,Hive3_14_07_2017,Queenless,Hive3,
590,dataset\zenodo\Hive3_14_07_2017\Hive3_14_07_2017_NO_QueenBee____16_20_00.wav,Hive3_14_07_2017_NO_QueenBee____16_20_00.wav,Hive3_14_07_2017,Queenless,Hive3,
591,dataset\zenodo\Hive3_14_07_2017\Hive3_14_07_2017_NO_QueenBee____16_30_00.wav,Hive3_14_07_2017_NO_QueenBee____16_30_00.wav,Hive3_14_07_2017,Queenless,Hive3,
592,dataset\zenodo\Hive3_14_07_2017\Hive3_14_07_2017_NO_QueenBee____16_40_00.wav,Hive3_14_07_2017_NO_QueenBee____16_40_00.wav,Hive3_14_07_2017,Queenless,Hive3,
593,dataset\zenodo\Hive3_14_07_2017\Hive3_14_07_2017_NO_QueenBee____16_50_00.wav,Hive3_14_07_2017_NO_QueenBee____16_50_00.wav,Hive3_14_07_2017,Queenless,Hive3,
594,dataset\zenodo\Hive3_14_07_2017\Hive3_14_07_2017_NO_QueenBee____17_00_00.wav,Hive3_14_07_2017_NO_QueenBee____17_00_00.wav,Hive3_14_07_2017,Queenless,Hive3,
595,dataset\zenodo\Hive3_14_07_2017\Hive3_14_07_2017_NO_QueenBee____17_10_00.wav,Hive3_14_07_2017_NO_QueenBee____17_10_00.wav,Hive3_14_07_2017,Queenless,Hive3,
596,dataset\zenodo\Hive3_14_07_2017\Hive3_14_07_2017_NO_QueenBee____17_20_00.wav,Hive3_14_07_2017_NO_QueenBee____17_20_00.wav,Hive3_14_07_2017,Queenless,Hive3,
597,dataset\zenodo\Hive3_14_07_2017\Hive3_14_07_2017_NO_QueenBee____17_30_00.wav,Hive3_14_07_2017_NO_QueenBee____17_30_00.wav,Hive3_14_07_2017,Queenless,Hive3,
598,dataset\zenodo\Hive3_14_07_2017\Hive3_14_07_2017_NO_QueenBee____17_40_00.wav,Hive3_14_07_2017_NO_QueenBee____17_40_00.wav,Hive3_14_07_2017,Queenless,Hive3,
599,dataset\zenodo\Hive3_14_07_2017\Hive3_14_07_2017_NO_QueenBee____17_50_00.wav,Hive3_14_07_2017_NO_QueenBee____17_50_00.wav,Hive3_14_07_2017,Queenless,Hive3,
600,dataset\zenodo\Hive3_14_07_2017\Hive3_14_07_2017_NO_QueenBee____18_00_00.wav,Hive3_14_07_2017_NO_QueenBee____18_00_00.wav,Hive3_14_07_2017,Queenless,Hive3,
601,dataset\zenodo\Hive3_14_07_2017\Hive3_14_07_2017_NO_QueenBee____18_10_00.wav,Hive3_14_07_2017_NO_QueenBee____18_10_00.wav,Hive3_14_07_2017,Queenless,Hive3,
602,dataset\zenodo\Hive3_14_07_2017\Hive3_14_07_2017_NO_QueenBee____18_20_00.wav,Hive3_14_07_2017_NO_QueenBee____18_20_00.wav,Hive3_14_07_2017,Queenless,Hive3,
603,dataset\zenodo\Hive3_14_07_2017\Hive3_14_07_2017_NO_QueenBee____18_30_00.wav,Hive3_14_07_2017_NO_QueenBee____18_30_00.wav,Hive3_14_07_2017,Queenless,Hive3,
604,dataset\zenodo\Hive3_14_07_2017\Hive3_14_07_2017_NO_QueenBee____18_40_00.wav,Hive3_14_07_2017_NO_QueenBee____18_40_00.wav,Hive3_14_07_2017,Queenless,Hive3,
605,dataset\zenodo\Hive3_14_07_2017\Hive3_14_07_2017_NO_QueenBee____18_50_00.wav,Hive3_14_07_2017_NO_QueenBee____18_50_00.wav,Hive3_14_07_2017,Queenless,Hive3,
606,dataset\zenodo\Hive3_14_07_2017\Hive3_14_07_2017_NO_QueenBee____19_00_00.wav,Hive3_14_07_2017_NO_QueenBee____19_00_00.wav,Hive3_14_07_2017,Queenless,Hive3,
607,dataset\zenodo\Hive3_14_07_2017\Hive3_14_07_2017_NO_QueenBee____19_10_00.wav,Hive3_14_07_2017_NO_QueenBee____19_10_00.wav,Hive3_14_07_2017,Queenless,Hive3,
608,dataset\zenodo\Hive3_14_07_2017\Hive3_14_07_2017_NO_QueenBee____19_20_00.wav,Hive3_14_07_2017_NO_QueenBee____19_20_00.wav,Hive3_14_07_2017,Queenless,Hive3,
609,dataset\zenodo\Hive3_14_07_2017\Hive3_14_07_2017_NO_QueenBee____19_30_00.wav,Hive3_14_07_2017_NO_QueenBee____19_30_00.wav,Hive3_14_07_2017,Queenless,Hive3,
610,dataset\zenodo\Hive3_14_07_2017\Hive3_14_07_2017_NO_QueenBee____19_40_00.wav,Hive3_14_07_2017_NO_QueenBee____19_40_00.wav,Hive3_14_07_2017,Queenless,Hive3,
611,dataset\zenodo\Hive3_14_07_2017\Hive3_14_07_2017_NO_QueenBee____19_50_00.wav,Hive3_14_07_2017_NO_QueenBee____19_50_00.wav,Hive3_14_07_2017,Queenless,Hive3,
612,dataset\zenodo\Hive3_14_07_2017\Hive3_14_07_2017_NO_QueenBee____20_00_00.wav,Hive3_14_07_2017_NO_QueenBee____20_00_00.wav,Hive3_14_07_2017,Queenless,Hive3,
613,dataset\zenodo\Hive3_14_07_2017\Hive3_14_07_2017_NO_QueenBee____20_10_00.wav,Hive3_14_07_2017_NO_QueenBee____20_10_00.wav,Hive3_14_07_2017,Queenless,Hive3,
614,dataset\zenodo\Hive3_14_07_2017\Hive3_14_07_2017_NO_QueenBee____20_20_00.wav,Hive3_14_07_2017_NO_QueenBee____20_20_00.wav,Hive3_14_07_2017,Queenless,Hive3,
615,dataset\zenodo\Hive3_14_07_2017\Hive3_14_07_2017_NO_QueenBee____20_30_00.wav,Hive3_14_07_2017_NO_QueenBee____20_30_00.wav,Hive3_14_07_2017,Queenless,Hive3,
616,dataset\zenodo\Hive3_14_07_2017\Hive3_14_07_2017_NO_QueenBee____20_40_00.wav,Hive3_14_07_2017_NO_QueenBee____20_40_00.wav,Hive3_14_07_2017,Queenless,Hive3,
617,dataset\zenodo\Hive3_14_07_2017\Hive3_14_07_2017_NO_QueenBee____20_50_00.wav,Hive3_14_07_2017_NO_QueenBee____20_50_00.wav,Hive3_14_07_2017,Queenless,Hive3,
618,dataset\zenodo\Hive3_14_07_2017\Hive3_14_07_2017_NO_QueenBee____21_00_00.wav,Hive3_14_07_2017_NO_QueenBee____21_00_00.wav,Hive3_14_07_2017,Queenless,Hive3,
619,dataset\zenodo\Hive3_14_07_2017\Hive3_14_07_2017_NO_QueenBee____21_10_00.wav,Hive3_14_07_2017_NO_QueenBee____21_10_00.wav,Hive3_14_07_2017,Queenless,Hive3,
620,dataset\zenodo\Hive3_14_07_2017\Hive3_14_07_2017_NO_QueenBee____21_20_00.wav,Hive3_14_07_2017_NO_QueenBee____21_20_00.wav,Hive3_14_07_2017,Queenless,Hive3,
621,dataset\zenodo\Hive3_14_07_2017\Hive3_14_07_2017_NO_QueenBee____21_30_00.wav,Hive3_14_07_2017_NO_QueenBee____21_30_00.wav,Hive3_14_07_2017,Queenless,Hive3,
622,dataset\zenodo\Hive3_14_07_2017\Hive3_14_07_2017_NO_QueenBee____21_40_00.wav,Hive3_14_07_2017_NO_QueenBee____21_40_00.wav,Hive3_14_07_2017,Queenless,Hive3,
623,dataset\zenodo\Hive3_14_07_2017\Hive3_14_07_2017_NO_QueenBee____21_50_00.wav,Hive3_14_07_2017_NO_QueenBee____21_50_00.wav,Hive3_14_07_2017,Queenless,Hive3,
624,dataset\zenodo\Hive3_14_07_2017\Hive3_14_07_2017_NO_QueenBee____22_00_00.wav,Hive3_14_07_2017_NO_QueenBee____22_00_00.wav,Hive3_14_07_2017,Queenless,Hive3,
625,dataset\zenodo\Hive3_14_07_2017\Hive3_14_07_2017_NO_QueenBee____22_10_00.wav,Hive3_14_07_2017_NO_QueenBee____22_10_00.wav,Hive3_14_07_2017,Queenless,Hive3,
626,dataset\zenodo\Hive3_14_07_2017\Hive3_14_07_2017_NO_QueenBee____22_20_00.wav,Hive3_14_07_2017_NO_QueenBee____22_20_00.wav,Hive3_14_07_2017,Queenless,Hive3,
627,dataset\zenodo\Hive3_14_07_2017\Hive3_14_07_2017_NO_QueenBee____22_30_00.wav,Hive3_14_07_2017_NO_QueenBee____22_30_00.wav,Hive3_14_07_2017,Queenless,Hive3,
628,dataset\zenodo\Hive3_14_07_2017\Hive3_14_07_2017_NO_QueenBee____22_40_00.wav,Hive3_14_07_2017_NO_QueenBee____22_40_00.wav,Hive3_14_07_2017,Queenless,Hive3,
629,dataset\zenodo\Hive3_14_07_2017\Hive3_14_07_2017_NO_QueenBee____22_50_00.wav,Hive3_14_07_2017_NO_QueenBee____22_50_00.wav,Hive3_14_07_2017,Queenless,Hive3,
630,dataset\zenodo\Hive3_14_07_2017\Hive3_14_07_2017_NO_QueenBee____23_00_00.wav,Hive3_14_07_2017_NO_QueenBee____23_00_00.wav,Hive3_14_07_2017,Queenless,Hive3,
631,dataset\zenodo\Hive3_14_07_2017\Hive3_14_07_2017_NO_QueenBee____23_10_00.wav,Hive3_14_07_2017_NO_QueenBee____23_10_00.wav,Hive3_14_07_2017,Queenless,Hive3,
632,dataset\zenodo\Hive3_14_07_2017\Hive3_14_07_2017_NO_QueenBee____23_20_00.wav,Hive3_14_07_2017_NO_QueenBee____23_20_00.wav,Hive3_14_07_2017,Queenless,Hive3,
633,dataset\zenodo\Hive3_14_07_2017\Hive3_14_07_2017_NO_QueenBee____23_30_00.wav,Hive3_14_07_2017_NO_QueenBee____23_30_00.wav,Hive3_14_07_2017,Queenless,Hive3,
634,dataset\zenodo\Hive3_14_07_2017\Hive3_14_07_2017_NO_QueenBee____23_40_00.wav,Hive3_14_07_2017_NO_QueenBee____23_40_00.wav,Hive3_14_07_2017,Queenless,Hive3,
635,dataset\zenodo\Hive3_14_07_2017\Hive3_14_07_2017_NO_QueenBee____23_50_00.wav,Hive3_14_07_2017_NO_QueenBee____23_50_00.wav,Hive3_14_07_2017,Queenless,Hive3,
636,dataset\zenodo\Hive3_28_07_2017\Hive3_28_07_2017_QueenBee____00_00_00.wav,Hive3_28_07_2017_QueenBee____00_00_00.wav,Hive3_28_07_2017,Active,Hive3,
637,dataset\zenodo\Hive3_28_07_2017\Hive3_28_07_2017_QueenBee____00_10_00.wav,Hive3_28_07_2017_QueenBee____00_10_00.wav,Hive3_28_07_2017,Active,Hive3,
638,dataset\zenodo\Hive3_28_07_2017\Hive3_28_07_2017_QueenBee____00_20_00.wav,Hive3_28_07_2017_QueenBee____00_20_00.wav,Hive3_28_07_2017,Active,Hive3,
639,dataset\zenodo\Hive3_28_07_2017\Hive3_28_07_2017_QueenBee____00_30_00.wav,Hive3_28_07_2017_QueenBee____00_30_00.wav,Hive3_28_07_2017,Active,Hive3,
640,dataset\zenodo\Hive3_28_07_2017\Hive3_28_07_2017_QueenBee____00_40_00.wav,Hive3_28_07_2017_QueenBee____00_40_00.wav,Hive3_28_07_2017,Active,Hive3,
641,dataset\zenodo\Hive3_28_07_2017\Hive3_28_07_2017_QueenBee____00_50_00.wav,Hive3_28_07_2017_QueenBee____00_50_00.wav,Hive3_28_07_2017,Active,Hive3,
642,dataset\zenodo\Hive3_28_07_2017\Hive3_28_07_2017_QueenBee____01_00_00.wav,Hive3_28_07_2017_QueenBee____01_00_00.wav,Hive3_28_07_2017,Active,Hive3,
643,dataset\zenodo\Hive3_28_07_2017\Hive3_28_07_2017_QueenBee____01_10_00.wav,Hive3_28_07_2017_QueenBee____01_10_00.wav,Hive3_28_07_2017,Active,Hive3,
644,dataset\zenodo\Hive3_28_07_2017\Hive3_28_07_2017_QueenBee____01_20_00.wav,Hive3_28_07_2017_QueenBee____01_20_00.wav,Hive3_28_07_2017,Active,Hive3,
645,dataset\zenodo\Hive3_28_07_2017\Hive3_28_07_2017_QueenBee____01_30_00.wav,Hive3_28_07_2017_QueenBee____01_30_00.wav,Hive3_28_07_2017,Active,Hive3,
646,dataset\zenodo\Hive3_28_07_2017\Hive3_28_07_2017_QueenBee____01_40_00.wav,Hive3_28_07_2017_QueenBee____01_40_00.wav,Hive3_28_07_2017,Active,Hive3,
647,dataset\zenodo\Hive3_28_07_2017\Hive3_28_07_2017_QueenBee____01_50_00.wav,Hive3_28_07_2017_QueenBee____01_50_00.wav,Hive3_28_07_2017,Active,Hive3,
648,dataset\zenodo\Hive3_28_07_2017\Hive3_28_07_2017_QueenBee____02_00_00.wav,Hive3_28_07_2017_QueenBee____02_00_00.wav,Hive3_28_07_2017,Active,Hive3,
649,dataset\zenodo\Hive3_28_07_2017\Hive3_28_07_2017_QueenBee____02_10_00.wav,Hive3_28_07_2017_QueenBee____02_10_00.wav,Hive3_28_07_2017,Active,Hive3,
650,dataset\zenodo\Hive3_28_07_2017\Hive3_28_07_2017_QueenBee____02_20_00.wav,Hive3_28_07_2017_QueenBee____02_20_00.wav,Hive3_28_07_2017,Active,Hive3,
651,dataset\zenodo\Hive3_28_07_2017\Hive3_28_07_2017_QueenBee____02_30_00.wav,Hive3_28_07_2017_QueenBee____02_30_00.wav,Hive3_28_07_2017,Active,Hive3,
652,dataset\zenodo\Hive3_28_07_2017\Hive3_28_07_2017_QueenBee____02_40_00.wav,Hive3_28_07_2017_QueenBee____02_40_00.wav,Hive3_28_07_2017,Active,Hive3,
653,dataset\zenodo\Hive3_28_07_2017\Hive3_28_07_2017_QueenBee____02_50_00.wav,Hive3_28_07_2017_QueenBee____02_50_00.wav,Hive3_28_07_2017,Active,Hive3,
654,dataset\zenodo\Hive3_28_07_2017\Hive3_28_07_2017_QueenBee____03_00_00.wav,Hive3_28_07_2017_QueenBee____03_00_00.wav,Hive3_28_07_2017,Active,Hive3,
655,dataset\zenodo\Hive3_28_07_2017\Hive3_28_07_2017_QueenBee____03_10_00.wav,Hive3_28_07_2017_QueenBee____03_10_00.wav,Hive3_28_07_2017,Active,Hive3,
656,dataset\zenodo\Hive3_28_07_2017\Hive3_28_07_2017_QueenBee____03_20_00.wav,Hive3_28_07_2017_QueenBee____03_20_00.wav,Hive3_28_07_2017,Active,Hive3,
657,dataset\zenodo\Hive3_28_07_2017\Hive3_28_07_2017_QueenBee____03_30_00.wav,Hive3_28_07_2017_QueenBee____03_30_00.wav,Hive3_28_07_2017,Active,Hive3,
658,dataset\zenodo\Hive3_28_07_2017\Hive3_28_07_2017_QueenBee____03_40_00.wav,Hive3_28_07_2017_QueenBee____03_40_00.wav,Hive3_28_07_2017,Active,Hive3,
659,dataset\zenodo\Hive3_28_07_2017\Hive3_28_07_2017_QueenBee____03_50_00.wav,Hive3_28_07_2017_QueenBee____03_50_00.wav,Hive3_28_07_2017,Active,Hive3,
660,dataset\zenodo\Hive3_28_07_2017\Hive3_28_07_2017_QueenBee____04_00_00.wav,Hive3_28_07_2017_QueenBee____04_00_00.wav,Hive3_28_07_2017,Active,Hive3,
661,dataset\zenodo\Hive3_28_07_2017\Hive3_28_07_2017_QueenBee____04_10_00.wav,Hive3_28_07_2017_QueenBee____04_10_00.wav,Hive3_28_07_2017,Active,Hive3,
662,dataset\zenodo\Hive3_28_07_2017\Hive3_28_07_2017_QueenBee____04_20_00.wav,Hive3_28_07_2017_QueenBee____04_20_00.wav,Hive3_28_07_2017,Active,Hive3,
663,dataset\zenodo\Hive3_28_07_2017\Hive3_28_07_2017_QueenBee____04_30_00.wav,Hive3_28_07_2017_QueenBee____04_30_00.wav,Hive3_28_07_2017,Active,Hive3,
664,dataset\zenodo\Hive3_28_07_2017\Hive3_28_07_2017_QueenBee____04_40_00.wav,Hive3_28_07_2017_QueenBee____04_40_00.wav,Hive3_28_07_2017,Active,Hive3,
665,dataset\zenodo\Hive3_28_07_2017\Hive3_28_07_2017_QueenBee____04_50_00.wav,Hive3_28_07_2017_QueenBee____04_50_00.wav,Hive3_28_07_2017,Active,Hive3,
666,dataset\zenodo\Hive3_28_07_2017\Hive3_28_07_2017_QueenBee____05_00_00.wav,Hive3_28_07_2017_QueenBee____05_00_00.wav,Hive3_28_07_2017,Active,Hive3,
667,dataset\zenodo\Hive3_28_07_2017\Hive3_28_07_2017_QueenBee____05_10_00.wav,Hive3_28_07_2017_QueenBee____05_10_00.wav,Hive3_28_07_2017,Active,Hive3,
668,dataset\zenodo\Hive3_28_07_2017\Hive3_28_07_2017_QueenBee____05_20_00.wav,Hive3_28_07_2017_QueenBee____05_20_00.wav,Hive3_28_07_2017,Active,Hive3,
669,dataset\zenodo\Hive3_28_07_2017\Hive3_28_07_2017_QueenBee____05_30_00.wav,Hive3_28_07_2017_QueenBee____05_30_00.wav,Hive3_28_07_2017,Active,Hive3,
670,dataset\zenodo\Hive3_28_07_2017\Hive3_28_07_2017_QueenBee____05_40_00.wav,Hive3_28_07_2017_QueenBee____05_40_00.wav,Hive3_28_07_2017,Active,Hive3,
671,dataset\zenodo\Hive3_28_07_2017\Hive3_28_07_2017_QueenBee____05_50_00.wav,Hive3_28_07_2017_QueenBee____05_50_00.wav,Hive3_28_07_2017,Active,Hive3,
672,dataset\zenodo\Hive3_28_07_2017\Hive3_28_07_2017_QueenBee____06_00_00.wav,Hive3_28_07_2017_QueenBee____06_00_00.wav,Hive3_28_07_2017,Active,Hive3,
673,dataset\zenodo\Hive3_28_07_2017\Hive3_28_07_2017_QueenBee____06_10_00.wav,Hive3_28_07_2017_QueenBee____06_10_00.wav,Hive3_28_07_2017,Active,Hive3,
674,dataset\zenodo\Hive3_28_07_2017\Hive3_28_07_2017_QueenBee____06_20_00.wav,Hive3_28_07_2017_QueenBee____06_20_00.wav,Hive3_28_07_2017,Active,Hive3,
675,dataset\zenodo\Hive3_28_07_2017\Hive3_28_07_2017_QueenBee____06_30_00.wav,Hive3_28_07_2017_QueenBee____06_30_00.wav,Hive3_28_07_2017,Active,Hive3,
676,dataset\zenodo\Hive3_28_07_2017\Hive3_28_07_2017_QueenBee____06_40_00.wav,Hive3_28_07_2017_QueenBee____06_40_00.wav,Hive3_28_07_2017,Active,Hive3,
677,dataset\zenodo\Hive3_28_07_2017\Hive3_28_07_2017_QueenBee____06_50_00.wav,Hive3_28_07_2017_QueenBee____06_50_00.wav,Hive3_28_07_2017,Active,Hive3,
678,dataset\zenodo\Hive3_28_07_2017\Hive3_28_07_2017_QueenBee____07_00_00.wav,Hive3_28_07_2017_QueenBee____07_00_00.wav,Hive3_28_07_2017,Active,Hive3,
679,dataset\zenodo\Hive3_28_07_2017\Hive3_28_07_2017_QueenBee____07_10_00.wav,Hive3_28_07_2017_QueenBee____07_10_00.wav,Hive3_28_07_2017,Active,Hive3,
680,dataset\zenodo\Hive3_28_07_2017\Hive3_28_07_2017_QueenBee____07_20_00.wav,Hive3_28_07_2017_QueenBee____07_20_00.wav,Hive3_28_07_2017,Active,Hive3,
681,dataset\zenodo\Hive3_28_07_2017\Hive3_28_07_2017_QueenBee____07_30_00.wav,Hive3_28_07_2017_QueenBee____07_30_00.wav,Hive3_28_07_2017,Active,Hive3,
682,dataset\zenodo\Hive3_28_07_2017\Hive3_28_07_2017_QueenBee____07_40_00.wav,Hive3_28_07_2017_QueenBee____07_40_00.wav,Hive3_28_07_2017,Active,Hive3,
683,dataset\zenodo\Hive3_28_07_2017\Hive3_28_07_2017_QueenBee____07_50_00.wav,Hive3_28_07_2017_QueenBee____07_50_00.wav,Hive3_28_07_2017,Active,Hive3,
684,dataset\zenodo\Hive3_28_07_2017\Hive3_28_07_2017_QueenBee____08_00_00.wav,Hive3_28_07_2017_QueenBee____08_00_00.wav,Hive3_28_07_2017,Active,Hive3,
685,dataset\zenodo\Hive3_28_07_2017\Hive3_28_07_2017_QueenBee____08_10_00.wav,Hive3_28_07_2017_QueenBee____08_10_00.wav,Hive3_28_07_2017,Active,Hive3,
686,dataset\zenodo\Hive3_28_07_2017\Hive3_28_07_2017_QueenBee____08_20_00.wav,Hive3_28_07_2017_QueenBee____08_20_00.wav,Hive3_28_07_2017,Active,Hive3,
687,dataset\zenodo\Hive3_28_07_2017\Hive3_28_07_2017_QueenBee____08_30_00.wav,Hive3_28_07_2017_QueenBee____08_30_00.wav,Hive3_28_07_2017,Active,Hive3,
688,dataset\zenodo\Hive3_28_07_2017\Hive3_28_07_2017_QueenBee____08_40_00.wav,Hive3_28_07_2017_QueenBee____08_40_00.wav,Hive3_28_07_2017,Active,Hive3,
689,dataset\zenodo\Hive3_28_07_2017\Hive3_28_07_2017_QueenBee____08_50_00.wav,Hive3_28_07_2017_QueenBee____08_50_00.wav,Hive3_28_07_2017,Active,Hive3,
690,dataset\zenodo\Hive3_28_07_2017\Hive3_28_07_2017_QueenBee____09_00_00.wav,Hive3_28_07_2017_QueenBee____09_00_00.wav,Hive3_28_07_2017,Active,Hive3,
691,dataset\zenodo\Hive3_28_07_2017\Hive3_28_07_2017_QueenBee____09_10_00.wav,Hive3_28_07_2017_QueenBee____09_10_00.wav,Hive3_28_07_2017,Active,Hive3,
692,dataset\zenodo\Hive3_28_07_2017\Hive3_28_07_2017_QueenBee____09_20_00.wav,Hive3_28_07_2017_QueenBee____09_20_00.wav,Hive3_28_07_2017,Active,Hive3,
693,dataset\zenodo\Hive3_28_07_2017\Hive3_28_07_2017_QueenBee____09_30_00.wav,Hive3_28_07_2017_QueenBee____09_30_00.wav,Hive3_28_07_2017,Active,Hive3,
694,dataset\zenodo\Hive3_28_07_2017\Hive3_28_07_2017_QueenBee____09_40_00.wav,Hive3_28_07_2017_QueenBee____09_40_00.wav,Hive3_28_07_2017,Active,Hive3,
695,dataset\zenodo\Hive3_28_07_2017\Hive3_28_07_2017_QueenBee____09_50_00.wav,Hive3_28_07_2017_QueenBee____09_50_00.wav,Hive3_28_07_2017,Active,Hive3,
696,dataset\zenodo\Hive3_28_07_2017\Hive3_28_07_2017_QueenBee____10_00_00.wav,Hive3_28_07_2017_QueenBee____10_00_00.wav,Hive3_28_07_2017,Active,Hive3,
697,dataset\zenodo\Hive3_28_07_2017\Hive3_28_07_2017_QueenBee____10_10_00.wav,Hive3_28_07_2017_QueenBee____10_10_00.wav,Hive3_28_07_2017,Active,Hive3,
698,dataset\zenodo\Hive3_28_07_2017\Hive3_28_07_2017_QueenBee____10_20_00.wav,Hive3_28_07_2017_QueenBee____10_20_00.wav,Hive3_28_07_2017,Active,Hive3,
699,dataset\zenodo\Hive3_28_07_2017\Hive3_28_07_2017_QueenBee____10_30_00.wav,Hive3_28_07_2017_QueenBee____10_30_00.wav,Hive3_28_07_2017,Active,Hive3,
700,dataset\zenodo\Hive3_28_07_2017\Hive3_28_07_2017_QueenBee____10_40_00.wav,Hive3_28_07_2017_QueenBee____10_40_00.wav,Hive3_28_07_2017,Active,Hive3,
701,dataset\zenodo\Hive3_28_07_2017\Hive3_28_07_2017_QueenBee____10_50_00.wav,Hive3_28_07_2017_QueenBee____10_50_00.wav,Hive3_28_07_2017,Active,Hive3,
702,dataset\zenodo\Hive3_28_07_2017\Hive3_28_07_2017_QueenBee____11_00_00.wav,Hive3_28_07_2017_QueenBee____11_00_00.wav,Hive3_28_07_2017,Active,Hive3,
703,dataset\zenodo\Hive3_28_07_2017\Hive3_28_07_2017_QueenBee____11_10_00.wav,Hive3_28_07_2017_QueenBee____11_10_00.wav,Hive3_28_07_2017,Active,Hive3,
704,dataset\zenodo\Hive3_28_07_2017\Hive3_28_07_2017_QueenBee____11_20_00.wav,Hive3_28_07_2017_QueenBee____11_20_00.wav,Hive3_28_07_2017,Active,Hive3,
705,dataset\zenodo\Hive3_28_07_2017\Hive3_28_07_2017_QueenBee____11_30_00.wav,Hive3_28_07_2017_QueenBee____11_30_00.wav,Hive3_28_07_2017,Active,Hive3,
706,dataset\zenodo\Hive3_28_07_2017\Hive3_28_07_2017_QueenBee____11_40_00.wav,Hive3_28_07_2017_QueenBee____11_40_00.wav,Hive3_28_07_2017,Active,Hive3,
707,dataset\zenodo\Hive3_28_07_2017\Hive3_28_07_2017_QueenBee____11_50_00.wav,Hive3_28_07_2017_QueenBee____11_50_00.wav,Hive3_28_07_2017,Active,Hive3,
708,dataset\zenodo\Hive3_28_07_2017\Hive3_28_07_2017_QueenBee____12_00_00.wav,Hive3_28_07_2017_QueenBee____12_00_00.wav,Hive3_28_07_2017,Active,Hive3,
709,dataset\zenodo\Hive3_28_07_2017\Hive3_28_07_2017_QueenBee____12_10_00.wav,Hive3_28_07_2017_QueenBee____12_10_00.wav,Hive3_28_07_2017,Active,Hive3,
710,dataset\zenodo\Hive3_28_07_2017\Hive3_28_07_2017_QueenBee____12_20_00.wav,Hive3_28_07_2017_QueenBee____12_20_00.wav,Hive3_28_07_2017,Active,Hive3,
711,dataset\zenodo\Hive3_28_07_2017\Hive3_28_07_2017_QueenBee____12_30_00.wav,Hive3_28_07_2017_QueenBee____12_30_00.wav,Hive3_28_07_2017,Active,Hive3,
712,dataset\zenodo\Hive3_28_07_2017\Hive3_28_07_2017_QueenBee____12_40_00.wav,Hive3_28_07_2017_QueenBee____12_40_00.wav,Hive3_28_07_2017,Active,Hive3,
713,dataset\zenodo\Hive3_28_07_2017\Hive3_28_07_2017_QueenBee____12_50_00.wav,Hive3_28_07_2017_QueenBee____12_50_00.wav,Hive3_28_07_2017,Active,Hive3,
714,dataset\zenodo\Hive3_28_07_2017\Hive3_28_07_2017_QueenBee____13_00_00.wav,Hive3_28_07_2017_QueenBee____13_00_00.wav,Hive3_28_07_2017,Active,Hive3,
715,dataset\zenodo\Hive3_28_07_2017\Hive3_28_07_2017_QueenBee____13_10_00.wav,Hive3_28_07_2017_QueenBee____13_10_00.wav,Hive3_28_07_2017,Active,Hive3,
716,dataset\zenodo\Hive3_28_07_2017\Hive3_28_07_2017_QueenBee____13_20_00.wav,Hive3_28_07_2017_QueenBee____13_20_00.wav,Hive3_28_07_2017,Active,Hive3,
717,dataset\zenodo\Hive3_28_07_2017\Hive3_28_07_2017_QueenBee____13_30_00.wav,Hive3_28_07_2017_QueenBee____13_30_00.wav,Hive3_28_07_2017,Active,Hive3,
718,dataset\zenodo\Hive3_28_07_2017\Hive3_28_07_2017_QueenBee____13_40_00.wav,Hive3_28_07_2017_QueenBee____13_40_00.wav,Hive3_28_07_2017,Active,Hive3,
719,dataset\zenodo\Hive3_28_07_2017\Hive3_28_07_2017_QueenBee____13_50_00.wav,Hive3_28_07_2017_QueenBee____13_50_00.wav,Hive3_28_07_2017,Active,Hive3,
720,dataset\zenodo\Hive3_28_07_2017\Hive3_28_07_2017_QueenBee____14_00_00.wav,Hive3_28_07_2017_QueenBee____14_00_00.wav,Hive3_28_07_2017,Active,Hive3,
721,dataset\zenodo\Hive3_28_07_2017\Hive3_28_07_2017_QueenBee____14_10_00.wav,Hive3_28_07_2017_QueenBee____14_10_00.wav,Hive3_28_07_2017,Active,Hive3,
722,dataset\zenodo\Hive3_28_07_2017\Hive3_28_07_2017_QueenBee____14_20_00.wav,Hive3_28_07_2017_QueenBee____14_20_00.wav,Hive3_28_07_2017,Active,Hive3,
723,dataset\zenodo\Hive3_28_07_2017\Hive3_28_07_2017_QueenBee____14_30_00.wav,Hive3_28_07_2017_QueenBee____14_30_00.wav,Hive3_28_07_2017,Active,Hive3,
724,dataset\zenodo\Hive3_28_07_2017\Hive3_28_07_2017_QueenBee____14_40_00.wav,Hive3_28_07_2017_QueenBee____14_40_00.wav,Hive3_28_07_2017,Active,Hive3,
725,dataset\zenodo\Hive3_28_07_2017\Hive3_28_07_2017_QueenBee____14_50_00.wav,Hive3_28_07_2017_QueenBee____14_50_00.wav,Hive3_28_07_2017,Active,Hive3,
726,dataset\zenodo\Hive3_28_07_2017\Hive3_28_07_2017_QueenBee____15_00_00.wav,Hive3_28_07_2017_QueenBee____15_00_00.wav,Hive3_28_07_2017,Active,Hive3,
727,dataset\zenodo\Hive3_28_07_2017\Hive3_28_07_2017_QueenBee____15_10_00.wav,Hive3_28_07_2017_QueenBee____15_10_00.wav,Hive3_28_07_2017,Active,Hive3,
728,dataset\zenodo\Hive3_28_07_2017\Hive3_28_07_2017_QueenBee____15_20_00.wav,Hive3_28_07_2017_QueenBee____15_20_00.wav,Hive3_28_07_2017,Active,Hive3,
729,dataset\zenodo\Hive3_28_07_2017\Hive3_28_07_2017_QueenBee____15_30_00.wav,Hive3_28_07_2017_QueenBee____15_30_00.wav,Hive3_28_07_2017,Active,Hive3,
730,dataset\zenodo\Hive3_28_07_2017\Hive3_28_07_2017_QueenBee____15_40_00.wav,Hive3_28_07_2017_QueenBee____15_40_00.wav,Hive3_28_07_2017,Active,Hive3,
731,dataset\zenodo\Hive3_28_07_2017\Hive3_28_07_2017_QueenBee____15_50_00.wav,Hive3_28_07_2017_QueenBee____15_50_00.wav,Hive3_28_07_2017,Active,Hive3,
732,dataset\zenodo\Hive3_28_07_2017\Hive3_28_07_2017_QueenBee____16_00_00.wav,Hive3_28_07_2017_QueenBee____16_00_00.wav,Hive3_28_07_2017,Active,Hive3,
733,dataset\zenodo\Hive3_28_07_2017\Hive3_28_07_2017_QueenBee____16_10_00.wav,Hive3_28_07_2017_QueenBee____16_10_00.wav,Hive3_28_07_2017,Active,Hive3,
734,dataset\zenodo\Hive3_28_07_2017\Hive3_28_07_2017_QueenBee____16_20_00.wav,Hive3_28_07_2017_QueenBee____16_20_00.wav,Hive3_28_07_2017,Active,Hive3,
735,dataset\zenodo\Hive3_28_07_2017\Hive3_28_07_2017_QueenBee____16_30_00.wav,Hive3_28_07_2017_QueenBee____16_30_00.wav,Hive3_28_07_2017,Active,Hive3,
736,dataset\zenodo\Hive3_28_07_2017\Hive3_28_07_2017_QueenBee____16_40_00.wav,Hive3_28_07_2017_QueenBee____16_40_00.wav,Hive3_28_07_2017,Active,Hive3,
737,dataset\zenodo\Hive3_28_07_2017\Hive3_28_07_2017_QueenBee____16_50_00.wav,Hive3_28_07_2017_QueenBee____16_50_00.wav,Hive3_28_07_2017,Active,Hive3,
738,dataset\zenodo\Hive3_28_07_2017\Hive3_28_07_2017_QueenBee____17_00_00.wav,Hive3_28_07_2017_QueenBee____17_00_00.wav,Hive3_28_07_2017,Active,Hive3,
739,dataset\zenodo\Hive3_28_07_2017\Hive3_28_07_2017_QueenBee____17_10_00.wav,Hive3_28_07_2017_QueenBee____17_10_00.wav,Hive3_28_07_2017,Active,Hive3,
740,dataset\zenodo\Hive3_28_07_2017\Hive3_28_07_2017_QueenBee____17_20_00.wav,Hive3_28_07_2017_QueenBee____17_20_00.wav,Hive3_28_07_2017,Active,Hive3,
741,dataset\zenodo\Hive3_28_07_2017\Hive3_28_07_2017_QueenBee____17_30_00.wav,Hive3_28_07_2017_QueenBee____17_30_00.wav,Hive3_28_07_2017,Active,Hive3,
742,dataset\zenodo\Hive3_28_07_2017\Hive3_28_07_2017_QueenBee____17_40_00.wav,Hive3_28_07_2017_QueenBee____17_40_00.wav,Hive3_28_07_2017,Active,Hive3,
743,dataset\zenodo\Hive3_28_07_2017\Hive3_28_07_2017_QueenBee____17_50_00.wav,Hive3_28_07_2017_QueenBee____17_50_00.wav,Hive3_28_07_2017,Active,Hive3,
744,dataset\zenodo\Hive3_28_07_2017\Hive3_28_07_2017_QueenBee____18_00_00.wav,Hive3_28_07_2017_QueenBee____18_00_00.wav,Hive3_28_07_2017,Active,Hive3,
745,dataset\zenodo\Hive3_28_07_2017\Hive3_28_07_2017_QueenBee____18_10_00.wav,Hive3_28_07_2017_QueenBee____18_10_00.wav,Hive3_28_07_2017,Active,Hive3,
746,dataset\zenodo\Hive3_28_07_2017\Hive3_28_07_2017_QueenBee____18_20_00.wav,Hive3_28_07_2017_QueenBee____18_20_00.wav,Hive3_28_07_2017,Active,Hive3,
747,dataset\zenodo\Hive3_28_07_2017\Hive3_28_07_2017_QueenBee____18_30_00.wav,Hive3_28_07_2017_QueenBee____18_30_00.wav,Hive3_28_07_2017,Active,Hive3,
748,dataset\zenodo\Hive3_28_07_2017\Hive3_28_07_2017_QueenBee____18_40_00.wav,Hive3_28_07_2017_QueenBee____18_40_00.wav,Hive3_28_07_2017,Active,Hive3,
749,dataset\zenodo\Hive3_28_07_2017\Hive3_28_07_2017_QueenBee____18_50_00.wav,Hive3_28_07_2017_QueenBee____18_50_00.wav,Hive3_28_07_2017,Active,Hive3,
750,dataset\zenodo\Hive3_28_07_2017\Hive3_28_07_2017_QueenBee____19_00_00.wav,Hive3_28_07_2017_QueenBee____19_00_00.wav,Hive3_28_07_2017,Active,Hive3,
751,dataset\zenodo\Hive3_28_07_2017\Hive3_28_07_2017_QueenBee____19_10_00.wav,Hive3_28_07_2017_QueenBee____19_10_00.wav,Hive3_28_07_2017,Active,Hive3,
752,dataset\zenodo\Hive3_28_07_2017\Hive3_28_07_2017_QueenBee____19_20_00.wav,Hive3_28_07_2017_QueenBee____19_20_00.wav,Hive3_28_07_2017,Active,Hive3,
753,dataset\zenodo\Hive3_28_07_2017\Hive3_28_07_2017_QueenBee____19_30_00.wav,Hive3_28_07_2017_QueenBee____19_30_00.wav,Hive3_28_07_2017,Active,Hive3,
754,dataset\zenodo\Hive3_28_07_2017\Hive3_28_07_2017_QueenBee____19_40_00.wav,Hive3_28_07_2017_QueenBee____19_40_00.wav,Hive3_28_07_2017,Active,Hive3,
755,dataset\zenodo\Hive3_28_07_2017\Hive3_28_07_2017_QueenBee____19_50_00.wav,Hive3_28_07_2017_QueenBee____19_50_00.wav,Hive3_28_07_2017,Active,Hive3,
756,dataset\zenodo\Hive3_28_07_2017\Hive3_28_07_2017_QueenBee____20_00_00.wav,Hive3_28_07_2017_QueenBee____20_00_00.wav,Hive3_28_07_2017,Active,Hive3,
757,dataset\zenodo\Hive3_28_07_2017\Hive3_28_07_2017_QueenBee____20_10_00.wav,Hive3_28_07_2017_QueenBee____20_10_00.wav,Hive3_28_07_2017,Active,Hive3,
758,dataset\zenodo\Hive3_28_07_2017\Hive3_28_07_2017_QueenBee____20_20_00.wav,Hive3_28_07_2017_QueenBee____20_20_00.wav,Hive3_28_07_2017,Active,Hive3,
759,dataset\zenodo\Hive3_28_07_2017\Hive3_28_07_2017_QueenBee____20_30_00.wav,Hive3_28_07_2017_QueenBee____20_30_00.wav,Hive3_28_07_2017,Active,Hive3,
760,dataset\zenodo\Hive3_28_07_2017\Hive3_28_07_2017_QueenBee____20_40_00.wav,Hive3_28_07_2017_QueenBee____20_40_00.wav,Hive3_28_07_2017,Active,Hive3,
761,dataset\zenodo\Hive3_28_07_2017\Hive3_28_07_2017_QueenBee____20_50_00.wav,Hive3_28_07_2017_QueenBee____20_50_00.wav,Hive3_28_07_2017,Active,Hive3,
762,dataset\zenodo\Hive3_28_07_2017\Hive3_28_07_2017_QueenBee____21_00_00.wav,Hive3_28_07_2017_QueenBee____21_00_00.wav,Hive3_28_07_2017,Active,Hive3,
763,dataset\zenodo\Hive3_28_07_2017\Hive3_28_07_2017_QueenBee____21_10_00.wav,Hive3_28_07_2017_QueenBee____21_10_00.wav,Hive3_28_07_2017,Active,Hive3,
764,dataset\zenodo\Hive3_28_07_2017\Hive3_28_07_2017_QueenBee____21_20_00.wav,Hive3_28_07_2017_QueenBee____21_20_00.wav,Hive3_28_07_2017,Active,Hive3,
765,dataset\zenodo\Hive3_28_07_2017\Hive3_28_07_2017_QueenBee____21_30_00.wav,Hive3_28_07_2017_QueenBee____21_30_00.wav,Hive3_28_07_2017,Active,Hive3,
766,dataset\zenodo\Hive3_28_07_2017\Hive3_28_07_2017_QueenBee____21_40_00.wav,Hive3_28_07_2017_QueenBee____21_40_00.wav,Hive3_28_07_2017,Active,Hive3,
767,dataset\zenodo\Hive3_28_07_2017\Hive3_28_07_2017_QueenBee____21_50_00.wav,Hive3_28_07_2017_QueenBee____21_50_00.wav,Hive3_28_07_2017,Active,Hive3,
768,dataset\zenodo\Hive3_28_07_2017\Hive3_28_07_2017_QueenBee____22_00_00.wav,Hive3_28_07_2017_QueenBee____22_00_00.wav,Hive3_28_07_2017,Active,Hive3,
769,dataset\zenodo\Hive3_28_07_2017\Hive3_28_07_2017_QueenBee____22_10_00.wav,Hive3_28_07_2017_QueenBee____22_10_00.wav,Hive3_28_07_2017,Active,Hive3,
770,dataset\zenodo\Hive3_28_07_2017\Hive3_28_07_2017_QueenBee____22_20_00.wav,Hive3_28_07_2017_QueenBee____22_20_00.wav,Hive3_28_07_2017,Active,Hive3,
771,dataset\zenodo\Hive3_28_07_2017\Hive3_28_07_2017_QueenBee____22_30_00.wav,Hive3_28_07_2017_QueenBee____22_30_00.wav,Hive3_28_07_2017,Active,Hive3,
772,dataset\zenodo\Hive3_28_07_2017\Hive3_28_07_2017_QueenBee____22_40_00.wav,Hive3_28_07_2017_QueenBee____22_40_00.wav,Hive3_28_07_2017,Active,Hive3,
773,dataset\zenodo\Hive3_28_07_2017\Hive3_28_07_2017_QueenBee____22_50_00.wav,Hive3_28_07_2017_QueenBee____22_50_00.wav,Hive3_28_07_2017,Active,Hive3,
774,dataset\zenodo\Hive3_28_07_2017\Hive3_28_07_2017_QueenBee____23_00_00.wav,Hive3_28_07_2017_QueenBee____23_00_00.wav,Hive3_28_07_2017,Active,Hive3,
775,dataset\zenodo\Hive3_28_07_2017\Hive3_28_07_2017_QueenBee____23_10_00.wav,Hive3_28_07_2017_QueenBee____23_10_00.wav,Hive3_28_07_2017,Active,Hive3,
776,dataset\zenodo\Hive3_28_07_2017\Hive3_28_07_2017_QueenBee____23_20_00.wav,Hive3_28_07_2017_QueenBee____23_20_00.wav,Hive3_28_07_2017,Active,Hive3,
777,dataset\zenodo\Hive3_28_07_2017\Hive3_28_07_2017_QueenBee____23_30_00.wav,Hive3_28_07_2017_QueenBee____23_30_00.wav,Hive3_28_07_2017,Active,Hive3,
778,dataset\zenodo\Hive3_28_07_2017\Hive3_28_07_2017_QueenBee____23_40_00.wav,Hive3_28_07_2017_QueenBee____23_40_00.wav,Hive3_28_07_2017,Active,Hive3,
779,dataset\zenodo\Hive3_28_07_2017\Hive3_28_07_2017_QueenBee____23_50_00.wav,Hive3_28_07_2017_QueenBee____23_50_00.wav,Hive3_28_07_2017,Active,Hive3,
