Date/Time (LST),Temp (°C),Rel Hum (%),Precip. Amount (mm),Wind Spd (km/h)
6/1/2021 0:00,14.6,56,0,5
6/1/2021 1:00,14.7,49,0,5
6/1/2021 2:00,14.1,53,0,6
6/1/2021 3:00,13.5,58,0,6
6/1/2021 4:00,13.5,59,0,7
6/1/2021 5:00,13.7,56,0,6
6/1/2021 6:00,14.4,60,0,5
6/1/2021 7:00,14.9,51,0,5
6/1/2021 8:00,15.2,51,0,7
6/1/2021 9:00,16.9,50,0,5
6/1/2021 10:00,17.9,46,0,6
6/1/2021 11:00,19.9,47,0,8
6/1/2021 12:00,22.6,38,0,9
6/1/2021 13:00,22.6,38,0,9
6/1/2021 14:00,23.2,35,0,8
6/1/2021 15:00,24,38,0,9
6/1/2021 16:00,24.1,34,0,11
6/1/2021 17:00,22.9,38,0,10
6/1/2021 18:00,21,42,0,5
6/1/2021 19:00,20.9,42,0,6
6/1/2021 20:00,20.5,44,0,3
6/1/2021 21:00,19.5,49,0,3
6/1/2021 22:00,17.5,60,0,9
6/1/2021 23:00,17.1,58,0,3
6/2/2021 0:00,17.8,50,0,4
6/2/2021 1:00,17.2,51,0,5
6/2/2021 2:00,16.5,57,0,5
6/2/2021 3:00,15.9,59,0,10
6/2/2021 4:00,15.5,62,0,12
6/2/2021 5:00,15.3,63,0,14
6/2/2021 6:00,16.1,60,0,14
6/2/2021 7:00,18.1,55,0,6
6/2/2021 8:00,20.8,48,0,4
6/2/2021 9:00,21.8,43,0,6
6/2/2021 10:00,23,38,0,6
6/2/2021 11:00,24.4,33,0,6
6/2/2021 12:00,25.4,26,0,7
6/2/2021 13:00,25.8,29,0,11
6/2/2021 14:00,26.5,28,0,10
6/2/2021 15:00,26.7,23,0,6
6/2/2021 16:00,27.2,28,0,6
6/2/2021 17:00,26.7,28,0,7
6/2/2021 18:00,25.7,32,0,7
6/2/2021 19:00,23.9,36,0,3
6/2/2021 20:00,23.1,40,0,5
6/2/2021 21:00,21.8,45,0,4
6/2/2021 22:00,21.4,48,0,7
6/2/2021 23:00,20.7,52,0,8
6/3/2021 0:00,19.2,56,0,5
6/3/2021 1:00,18.1,63,0,5
6/3/2021 2:00,17.2,73,0,5
6/3/2021 3:00,16.7,82,0,5
6/3/2021 4:00,16.4,86,0,6
6/3/2021 5:00,16.8,84,0,4
6/3/2021 6:00,16.5,89,0,4
6/3/2021 7:00,16.3,93,0.6,5
6/3/2021 8:00,16.8,93,0.8,6
6/3/2021 9:00,16.9,92,0.3,6
6/3/2021 10:00,17.2,89,0,8
6/3/2021 11:00,17.7,86,0,5
6/3/2021 12:00,17.3,93,1.5,2
6/3/2021 13:00,16.7,94,3,6
6/3/2021 14:00,17.2,91,0.2,4
6/3/2021 15:00,18.6,91,0,5
6/3/2021 16:00,19.4,83,0,3
6/3/2021 17:00,19.3,85,0,3
6/3/2021 18:00,19,87,0,6
6/3/2021 19:00,18.8,88,0,4
6/3/2021 20:00,18.2,90,0,2
6/3/2021 21:00,18,92,0,4
6/3/2021 22:00,18,93,0,5
6/3/2021 23:00,17.8,92,0,4
6/4/2021 0:00,17.6,91,0,5
6/4/2021 1:00,17.5,92,0,5
6/4/2021 2:00,17.4,92,0,4
6/4/2021 3:00,17.3,91,0,7
6/4/2021 4:00,16.9,92,0,4
6/4/2021 5:00,17.2,89,0,5
6/4/2021 6:00,17.3,89,0,5
6/4/2021 7:00,17.7,87,0,4
6/4/2021 8:00,19.5,80,0,6
6/4/2021 9:00,19,77,0,9
6/4/2021 10:00,22.2,68,0,8
6/4/2021 11:00,23.1,62,0,6
6/4/2021 12:00,24.6,55,0,13
6/4/2021 13:00,25.7,53,0,9
6/4/2021 14:00,25.7,49,0,10
6/4/2021 15:00,27.1,46,0,8
6/4/2021 16:00,26.7,44,0,8
6/4/2021 17:00,26.2,46,0,8
6/4/2021 18:00,25.2,50,0,5
6/4/2021 19:00,23.8,57,0,6
6/4/2021 20:00,23.1,62,0,4
6/4/2021 21:00,21.9,62,0,4
6/4/2021 22:00,21.2,65,0,6
6/4/2021 23:00,21,66,0,6
6/5/2021 0:00,20.5,67,0,6
6/5/2021 1:00,20.2,68,0,4
6/5/2021 2:00,19.9,69,0,6
6/5/2021 3:00,19.7,69,0,5
6/5/2021 4:00,19.3,70,0,6
6/5/2021 5:00,19,71,0,5
6/5/2021 6:00,19.6,69,0,3
6/5/2021 7:00,20.9,66,0,7
6/5/2021 8:00,22.8,63,0,9
6/5/2021 9:00,24,60,0,10
6/5/2021 10:00,24.4,60,0,8
6/5/2021 11:00,24.7,59,0,7
6/5/2021 12:00,22.7,73,0,8
6/5/2021 13:00,24,66,0,9
6/5/2021 14:00,25.5,60,0,8
6/5/2021 15:00,26.7,56,0,10
6/5/2021 16:00,25.9,58,0,8
6/5/2021 17:00,22.4,79,0.3,7
6/5/2021 18:00,20.7,90,1.7,8
6/5/2021 19:00,21,89,0,4
6/5/2021 20:00,20.9,88,0,3
6/5/2021 21:00,20.7,88,0,5
6/5/2021 22:00,20.6,85,0,4
6/5/2021 23:00,19.9,86,0,6
6/6/2021 0:00,19.6,85,0,6
6/6/2021 1:00,20.1,83,0,3
6/6/2021 2:00,20.6,80,0,5
6/6/2021 3:00,20.5,78,0,3
6/6/2021 4:00,20.1,76,0,5
6/6/2021 5:00,20.1,75,0,3
6/6/2021 6:00,21.6,70,0,5
6/6/2021 7:00,22.5,66,0,6
6/6/2021 8:00,22.7,65,0,7
6/6/2021 9:00,24.6,60,0,8
6/6/2021 10:00,25.8,57,0,6
6/6/2021 11:00,26.5,55,0,8
6/6/2021 12:00,28.8,49,0,7
6/6/2021 13:00,30.1,46,0,8
6/6/2021 14:00,31,46,0,9
6/6/2021 15:00,31.4,42,0,9
6/6/2021 16:00,31.2,40,0,8
6/6/2021 17:00,31.2,42,0,7
6/6/2021 18:00,30.2,42,0,7
6/6/2021 19:00,28.8,45,0,7
6/6/2021 20:00,27.9,48,0,6
6/6/2021 21:00,27.3,50,0,8
6/6/2021 22:00,26.7,51,0,8
6/6/2021 23:00,26.1,52,0,7
6/7/2021 0:00,25.5,53,0,7
6/7/2021 1:00,24.8,54,0,7
6/7/2021 2:00,24.3,55,0,7
6/7/2021 3:00,23.8,56,0,8
6/7/2021 4:00,23.5,56,0,6
6/7/2021 5:00,23.2,58,0,7
6/7/2021 6:00,24,56,0,9
6/7/2021 7:00,25.3,54,0,6
6/7/2021 8:00,26.1,52,0,9
6/7/2021 9:00,27.6,51,0,8
6/7/2021 10:00,28.9,48,0,10
6/7/2021 11:00,29.9,45,0,12
6/7/2021 12:00,31.6,41,0,11
6/7/2021 13:00,32.2,37,0,11
6/7/2021 14:00,33.3,35,0,10
6/7/2021 15:00,33.3,35,0,8
6/7/2021 16:00,31.6,40,0,8
6/7/2021 17:00,31.7,43,0,9
6/7/2021 18:00,30.5,46,0,8
6/7/2021 19:00,28.8,52,0,8
6/7/2021 20:00,28,56,0,8
6/7/2021 21:00,27.1,58,0,7
6/7/2021 22:00,26.7,62,0,7
6/7/2021 23:00,25.8,65,0,5
6/8/2021 0:00,25.4,68,0,8
6/8/2021 1:00,24.8,69,0,7
6/8/2021 2:00,24.2,71,0,7
6/8/2021 3:00,23.7,73,0,7
6/8/2021 4:00,23.5,74,0,7
6/8/2021 5:00,23.4,75,0,8
6/8/2021 6:00,24.6,71,0,5
6/8/2021 7:00,25.3,69,0,6
6/8/2021 8:00,26.4,66,0,9
6/8/2021 9:00,27.9,61,0,8
6/8/2021 10:00,28.6,59,0,7
6/8/2021 11:00,28.5,58,0,9
6/8/2021 12:00,29.3,59,0,8
6/8/2021 13:00,29.5,56,0,7
6/8/2021 14:00,30.8,56,0,8
6/8/2021 15:00,28.6,62,0,9
6/8/2021 16:00,28.2,63,0,10
6/8/2021 17:00,29.5,60,0,5
6/8/2021 18:00,27.5,66,0,5
6/8/2021 19:00,26.5,69,0,6
6/8/2021 20:00,25.8,73,0,5
6/8/2021 21:00,25.2,74,0,6
6/8/2021 22:00,24.6,77,0,6
6/8/2021 23:00,24.3,80,0,5
6/9/2021 0:00,23.9,82,0,5
6/9/2021 1:00,23.8,83,0,3
6/9/2021 2:00,24,72,0,5
6/9/2021 3:00,23.9,55,0,8
6/9/2021 4:00,23.2,45,0,11
6/9/2021 5:00,22.2,49,0,11
6/9/2021 6:00,22.4,45,0,11
6/9/2021 7:00,22.8,42,0,13
6/9/2021 8:00,23.9,40,0,7
6/9/2021 9:00,24.2,38,0,6
6/9/2021 10:00,25.8,36,0,7
6/9/2021 11:00,26.8,32,0,11
6/9/2021 12:00,28,29,0,6
6/9/2021 13:00,28.2,25,0,13
6/9/2021 14:00,28.7,23,0,8
6/9/2021 15:00,29.8,23,0,10
6/9/2021 16:00,28.8,20,0,12
6/9/2021 17:00,28,20,0,13
6/9/2021 18:00,27.1,22,0,10
6/9/2021 19:00,25.9,22,0,11
6/9/2021 20:00,24.7,24,0,9
6/9/2021 21:00,23.4,28,0,8
6/9/2021 22:00,22.2,32,0,10
6/9/2021 23:00,20.8,33,0,13
6/10/2021 0:00,19.6,35,0,10
6/10/2021 1:00,18.2,32,0,12
6/10/2021 2:00,17.3,34,0,9
6/10/2021 3:00,16.3,36,0,11
6/10/2021 4:00,15.4,38,0,9
6/10/2021 5:00,14.7,39,0,10
6/10/2021 6:00,14.8,39,0,11
6/10/2021 7:00,15.3,36,0,10
6/10/2021 8:00,15.7,37,0,13
6/10/2021 9:00,17.1,34,0,8
6/10/2021 10:00,17.4,32,0,9
6/10/2021 11:00,19,32,0,9
6/10/2021 12:00,19,30,0,11
6/10/2021 13:00,18.9,31,0,7
6/10/2021 14:00,20.3,27,0,6
6/10/2021 15:00,21.1,26,0,10
6/10/2021 16:00,21.5,25,0,4
6/10/2021 17:00,21,28,0,6
6/10/2021 18:00,21,28,0,5
6/10/2021 19:00,20.2,30,0,5
6/10/2021 20:00,19.9,31,0,6
6/10/2021 21:00,19.5,33,0,7
6/10/2021 22:00,19.1,34,0,7
6/10/2021 23:00,18.7,36,0,7
6/11/2021 0:00,18.1,41,0,3
6/11/2021 1:00,16,57,0,3
6/11/2021 2:00,14.8,67,0,2
6/11/2021 3:00,15.6,61,0,0
6/11/2021 4:00,16.3,50,0,6
6/11/2021 5:00,15.7,60,0,2
6/11/2021 6:00,16.3,60,0,7
6/11/2021 7:00,17.2,49,0,5
6/11/2021 8:00,19.3,42,0,6
6/11/2021 9:00,18.7,43,0,9
6/11/2021 10:00,20,39,0,5
6/11/2021 11:00,21.5,37,0,8
6/11/2021 12:00,22,36,0,6
6/11/2021 13:00,22.8,34,0,6
6/11/2021 14:00,23.9,30,0,3
6/11/2021 15:00,24.1,30,0,5
6/11/2021 16:00,24.4,29,0,7
6/11/2021 17:00,25.2,30,0,5
6/11/2021 18:00,24.4,32,0,2
6/11/2021 19:00,22.3,42,0,7
6/11/2021 20:00,21.1,46,0,7
6/11/2021 21:00,20.2,46,0,5
6/11/2021 22:00,19.8,44,0,5
6/11/2021 23:00,19.7,43,0,5
6/12/2021 0:00,17.5,53,0,2
6/12/2021 1:00,17.3,59,0,4
6/12/2021 2:00,16.2,64,0,3
6/12/2021 3:00,16.4,67,0,5
6/12/2021 4:00,14.9,71,0,3
6/12/2021 5:00,14.4,76,0,7
6/12/2021 6:00,15.5,70,0,6
6/12/2021 7:00,16.9,62,0,6
6/12/2021 8:00,18.1,56,0,8
6/12/2021 9:00,21.5,50,0,5
6/12/2021 10:00,22.4,37,0,7
6/12/2021 11:00,24,24,0,9
6/12/2021 12:00,24.3,23,0,8
6/12/2021 13:00,26.3,19,0,6
6/12/2021 14:00,25.3,20,0,6
6/12/2021 15:00,27,18,0,4
6/12/2021 16:00,26.7,22,0,8
6/12/2021 17:00,26.2,22,0,5
6/12/2021 18:00,25.5,22,0,4
6/12/2021 19:00,23.9,29,0,2
6/12/2021 20:00,22,37,0,2
6/12/2021 21:00,22.8,27,0,5
6/12/2021 22:00,22.2,28,0,5
6/12/2021 23:00,21.9,28,0,5
6/13/2021 0:00,21.2,31,0,3
6/13/2021 1:00,19.4,36,0,3
6/13/2021 2:00,20.2,34,0,5
6/13/2021 3:00,19,42,0,1
6/13/2021 4:00,18.6,47,0,2
6/13/2021 5:00,18.3,45,0,3
6/13/2021 6:00,21,34,0,3
6/13/2021 7:00,21.2,39,0,4
6/13/2021 8:00,23.2,38,0,6
6/13/2021 9:00,24.3,41,0,4
6/13/2021 10:00,26.6,28,0,6
6/13/2021 11:00,26.7,21,0,5
6/13/2021 12:00,27.3,21,0,8
6/13/2021 13:00,28.1,21,0,8
6/13/2021 14:00,28.2,22,0,5
6/13/2021 15:00,27.7,25,0,4
6/13/2021 16:00,28.3,22,0,7
6/13/2021 17:00,27.3,25,0,5
6/13/2021 18:00,26.3,30,0,2
6/13/2021 19:00,25,35,0,2
6/13/2021 20:00,25.1,35,0,6
6/13/2021 21:00,24.7,35,0,4
6/13/2021 22:00,24.6,35,0,4
6/13/2021 23:00,23.5,39,0,3
6/14/2021 0:00,18,79,0.8,8
6/14/2021 1:00,18.3,83,0.3,9
6/14/2021 2:00,18.3,85,3.2,6
6/14/2021 3:00,17.9,88,0.4,3
6/14/2021 4:00,17.1,90,0,4
6/14/2021 5:00,17.4,91,0,2
6/14/2021 6:00,17.7,89,0.2,3
6/14/2021 7:00,18,90,0,2
6/14/2021 8:00,18.1,87,0,2
6/14/2021 9:00,18.8,87,0.2,5
6/14/2021 10:00,18.3,89,0.2,6
6/14/2021 11:00,19,87,0,7
6/14/2021 12:00,21.9,74,0,5
6/14/2021 13:00,22.3,64,0,7
6/14/2021 14:00,21.6,69,0,7
6/14/2021 15:00,23.7,64,0,8
6/14/2021 16:00,22.5,68,0,8
6/14/2021 17:00,20.8,73,0,10
6/14/2021 18:00,19.5,79,0,9
6/14/2021 19:00,17.8,92,4.1,6
6/14/2021 20:00,17.5,93,0.5,5
6/14/2021 21:00,17.6,87,0,5
6/14/2021 22:00,17.7,91,0,4
6/14/2021 23:00,17.6,93,0.2,4
6/15/2021 0:00,17.5,93,0,5
6/15/2021 1:00,17.2,89,0,5
6/15/2021 2:00,17.1,91,0,3
6/15/2021 3:00,16.9,92,0,3
6/15/2021 4:00,16.9,89,0,4
6/15/2021 5:00,16.6,85,0,4
6/15/2021 6:00,17.9,77,0.3,4
6/15/2021 7:00,18.3,76,0,4
6/15/2021 8:00,18.2,75,0,6
6/15/2021 9:00,19.1,76,0,6
6/15/2021 10:00,21.6,65,0,7
6/15/2021 11:00,21.8,56,0,10
6/15/2021 12:00,22.5,54,0,6
6/15/2021 13:00,24.2,47,0,6
6/15/2021 14:00,21.2,66,0,13
6/15/2021 15:00,18.4,67,0,22
6/15/2021 16:00,18.2,49,0,15
6/15/2021 17:00,18.4,58,0,12
6/15/2021 18:00,17.7,62,0,8
6/15/2021 19:00,17.5,62,0,3
6/15/2021 20:00,16.7,68,0,4
6/15/2021 21:00,16.7,73,0,4
6/15/2021 22:00,16.4,64,0,5
6/15/2021 23:00,15.6,48,0,12
6/16/2021 0:00,14.7,49,0,15
6/16/2021 1:00,13.6,55,0,12
6/16/2021 2:00,13,58,0,9
6/16/2021 3:00,12.3,60,0,6
6/16/2021 4:00,12.1,60,0,8
6/16/2021 5:00,11.9,62,0,11
6/16/2021 6:00,12.5,59,0,10
6/16/2021 7:00,13.4,55,0,12
6/16/2021 8:00,15.2,51,0,4
6/16/2021 9:00,16,47,0,8
6/16/2021 10:00,17.7,48,0,10
6/16/2021 11:00,18,42,0,6
6/16/2021 12:00,19.7,38,0,8
6/16/2021 13:00,19.9,40,0,4
6/16/2021 14:00,20.8,34,0,10
6/16/2021 15:00,20.9,37,0,6
6/16/2021 16:00,20.2,34,0,9
6/16/2021 17:00,21.1,31,0,7
6/16/2021 18:00,20.4,29,0,9
6/16/2021 19:00,19.1,33,0,6
6/16/2021 20:00,18.6,35,0,5
6/16/2021 21:00,17.4,38,0,1
6/16/2021 22:00,16.8,42,0,3
6/16/2021 23:00,17,43,0,4
6/17/2021 0:00,15.9,49,0,5
6/17/2021 1:00,15,52,0,4
6/17/2021 2:00,14.7,54,0,6
6/17/2021 3:00,13.8,58,0,5
6/17/2021 4:00,13.6,57,0,7
6/17/2021 5:00,13.5,52,0,7
6/17/2021 6:00,14.7,49,0,3
6/17/2021 7:00,16.7,43,0,6
6/17/2021 8:00,17.7,38,0,6
6/17/2021 9:00,19.6,34,0,6
6/17/2021 10:00,20.3,36,0,8
6/17/2021 11:00,21.1,33,0,7
6/17/2021 12:00,21.9,31,0,5
6/17/2021 13:00,22.5,28,0,7
6/17/2021 14:00,23.4,24,0,10
6/17/2021 15:00,23.9,22,0,9
6/17/2021 16:00,24.2,21,0,7
6/17/2021 17:00,23.9,24,0,6
6/17/2021 18:00,25,26,0,4
6/17/2021 19:00,23.1,25,0,3
6/17/2021 20:00,21.4,39,0,5
6/17/2021 21:00,20.3,45,0,5
6/17/2021 22:00,19.5,45,0,6
6/17/2021 23:00,18.8,44,0,6
6/18/2021 0:00,18.2,44,0,5
6/18/2021 1:00,17.5,45,0,6
6/18/2021 2:00,17.2,46,0,7
6/18/2021 3:00,17.2,46,0,6
6/18/2021 4:00,17.1,46,0,6
6/18/2021 5:00,16.8,47,0,6
6/18/2021 6:00,17.8,51,0,7
6/18/2021 7:00,19.5,45,0,6
6/18/2021 8:00,22.3,40,0,7
6/18/2021 9:00,23.2,38,0,9
6/18/2021 10:00,24.7,38,0,7
6/18/2021 11:00,23.2,44,0,10
6/18/2021 12:00,23.4,46,0,5
6/18/2021 13:00,23.5,49,0,8
6/18/2021 14:00,24.6,46,0,4
6/18/2021 15:00,22.3,62,0,5
6/18/2021 16:00,22.9,57,0,3
6/18/2021 17:00,20.1,76,0,5
6/18/2021 18:00,19,85,0.3,7
6/18/2021 19:00,18.5,87,0.6,10
6/18/2021 20:00,18.4,84,0,12
6/18/2021 21:00,17.9,89,0.5,6
6/18/2021 22:00,17.9,93,0,4
6/18/2021 23:00,18.1,92,0,4
6/19/2021 0:00,17.8,96,4.5,5
6/19/2021 1:00,17.7,96,0.2,6
6/19/2021 2:00,17.5,95,1.8,5
6/19/2021 3:00,17.3,95,0,7
6/19/2021 4:00,17.3,93,0,7
6/19/2021 5:00,17.4,94,0,8
6/19/2021 6:00,18.4,92,0,8
6/19/2021 7:00,19.6,87,0,7
6/19/2021 8:00,21.8,75,0,8
6/19/2021 9:00,22.9,52,0,8
6/19/2021 10:00,24.5,47,0,9
6/19/2021 11:00,25.2,41,0,10
6/19/2021 12:00,24.5,43,0,7
6/19/2021 13:00,25.7,39,0,7
6/19/2021 14:00,26.5,38,0,7
6/19/2021 15:00,25.9,38,0,10
6/19/2021 16:00,24.7,43,0,5
6/19/2021 17:00,25.1,40,0,5
6/19/2021 18:00,24.9,38,0,4
6/19/2021 19:00,23.4,43,0,5
6/19/2021 20:00,21.9,47,0,3
6/19/2021 21:00,20.2,56,0,5
6/19/2021 22:00,19.4,59,0,5
6/19/2021 23:00,19.7,59,0,2
6/20/2021 0:00,19.9,56,0,2
6/20/2021 1:00,19.3,60,0,1
6/20/2021 2:00,18.8,63,0,4
6/20/2021 3:00,18.5,67,0,5
6/20/2021 4:00,18.2,71,0,8
6/20/2021 5:00,18.4,69,0,5
6/20/2021 6:00,19.1,67,0,5
6/20/2021 7:00,20.6,70,0,5
6/20/2021 8:00,21.6,58,0,7
6/20/2021 9:00,23.4,53,0,5
6/20/2021 10:00,23.3,49,0,6
6/20/2021 11:00,25,46,0,7
6/20/2021 12:00,26.2,43,0,6
6/20/2021 13:00,26.6,43,0,8
6/20/2021 14:00,27.6,40,0,10
6/20/2021 15:00,27.7,37,0,7
6/20/2021 16:00,27,41,0,4
6/20/2021 17:00,26.7,42,0,3
6/20/2021 18:00,27,41,0,6
6/20/2021 19:00,24.2,53,0,3
6/20/2021 20:00,22.4,58,0,4
6/20/2021 21:00,22.3,57,0,3
6/20/2021 22:00,21.8,64,0,1
6/20/2021 23:00,21.5,66,0,3
6/21/2021 0:00,21,69,0,2
6/21/2021 1:00,21,68,0,1
6/21/2021 2:00,21,67,0,2
6/21/2021 3:00,20.5,72,0,4
6/21/2021 4:00,19.9,77,0,4
6/21/2021 5:00,20,77,0,4
6/21/2021 6:00,21.6,72,0,6
6/21/2021 7:00,22.1,72,0,6
6/21/2021 8:00,22.6,68,0,8
6/21/2021 9:00,22.9,75,0,5
6/21/2021 10:00,22.6,82,0,6
6/21/2021 11:00,25.6,77,0,8
6/21/2021 12:00,27.7,63,0,12
6/21/2021 13:00,29.5,60,0,6
6/21/2021 14:00,27.6,71,0.2,7
6/21/2021 15:00,27.1,65,2.9,8
6/21/2021 16:00,27.3,67,0,11
6/21/2021 17:00,27.6,62,0,12
6/21/2021 18:00,28.1,59,0,10
6/21/2021 19:00,27.3,61,0,11
6/21/2021 20:00,26.9,61,0,11
6/21/2021 21:00,25.7,66,0,8
6/21/2021 22:00,24.5,72,0,7
6/21/2021 23:00,23.6,76,0,9
6/22/2021 0:00,22.6,75,0,7
6/22/2021 1:00,21.3,84,0.5,4
6/22/2021 2:00,20.5,83,0,5
6/22/2021 3:00,19.8,77,0,7
6/22/2021 4:00,18.3,71,0,4
6/22/2021 5:00,16,73,0,5
6/22/2021 6:00,14.6,74,0.2,4
6/22/2021 7:00,13.9,73,0,10
6/22/2021 8:00,13.2,69,0,11
6/22/2021 9:00,13.6,70,0,8
6/22/2021 10:00,14.5,65,0,7
6/22/2021 11:00,15.5,57,0,8
6/22/2021 12:00,16,54,0,9
6/22/2021 13:00,16.5,55,0,8
6/22/2021 14:00,16.5,51,0,10
6/22/2021 15:00,17,49,0,8
6/22/2021 16:00,16.7,53,0,4
6/22/2021 17:00,16.2,53,0,6
6/22/2021 18:00,15.7,53,0,5
6/22/2021 19:00,15.5,52,0,3
6/22/2021 20:00,14.7,54,0,6
6/22/2021 21:00,14,54,0,2
6/22/2021 22:00,14.1,53,0,4
6/22/2021 23:00,13.3,55,0,5
6/23/2021 0:00,12.6,59,0,4
6/23/2021 1:00,12.2,59,0,8
6/23/2021 2:00,12.1,61,0,6
6/23/2021 3:00,11.6,62,0,7
6/23/2021 4:00,11.1,65,0,7
6/23/2021 5:00,11.8,60,0,6
6/23/2021 6:00,12.7,60,0,6
6/23/2021 7:00,15.3,50,0,3
6/23/2021 8:00,16,43,0,11
6/23/2021 9:00,17.2,36,0,7
6/23/2021 10:00,17.7,33,0,5
6/23/2021 11:00,19.7,34,0,4
6/23/2021 12:00,19.1,34,0,9
6/23/2021 13:00,19,40,0,6
6/23/2021 14:00,19.6,37,0,6
6/23/2021 15:00,19.4,40,0,10
6/23/2021 16:00,20.3,36,0,8
6/23/2021 17:00,20.8,36,0,8
6/23/2021 18:00,20.4,38,0,6
6/23/2021 19:00,19,41,0,3
6/23/2021 20:00,17.2,51,0,1
6/23/2021 21:00,16.6,53,0,2
6/23/2021 22:00,16.6,52,0,4
6/23/2021 23:00,16.6,53,0,5
6/24/2021 0:00,16.1,54,0,5
6/24/2021 1:00,16.3,48,0,4
6/24/2021 2:00,15.9,48,0,5
6/24/2021 3:00,14.2,55,0,4
6/24/2021 4:00,13.4,68,0,5
6/24/2021 5:00,13.6,63,0,5
6/24/2021 6:00,16.2,55,0,6
6/24/2021 7:00,18.7,48,0,5
6/24/2021 8:00,20.7,45,0,9
6/24/2021 9:00,21.9,41,0,11
6/24/2021 10:00,23.5,39,0,10
6/24/2021 11:00,25.6,35,0,9
6/24/2021 12:00,26.5,36,0,10
6/24/2021 13:00,26.9,34,0,6
6/24/2021 14:00,27.7,34,0,12
6/24/2021 15:00,27.8,32,0,11
6/24/2021 16:00,27.4,32,0,10
6/24/2021 17:00,26.8,33,0,10
6/24/2021 18:00,25.5,35,0,10
6/24/2021 19:00,24.4,37,0,9
6/24/2021 20:00,23.5,39,0,6
6/24/2021 21:00,22.8,39,0,6
6/24/2021 22:00,22.4,40,0,7
6/24/2021 23:00,22,41,0,7
6/25/2021 0:00,21,44,0,6
6/25/2021 1:00,19.8,52,0,5
6/25/2021 2:00,19.4,56,0,7
6/25/2021 3:00,18.8,58,0,7
6/25/2021 4:00,18.2,60,0,7
6/25/2021 5:00,18.2,60,0,7
6/25/2021 6:00,18.5,61,0,8
6/25/2021 7:00,19.2,58,0,8
6/25/2021 8:00,20.8,55,0,8
6/25/2021 9:00,22.5,49,0,8
6/25/2021 10:00,22.9,45,0,10
6/25/2021 11:00,23.8,42,0,9
6/25/2021 12:00,25.8,40,0,7
6/25/2021 13:00,24.6,46,0,8
6/25/2021 14:00,26.4,44,0,9
6/25/2021 15:00,25.8,42,0,8
6/25/2021 16:00,25.6,43,0,7
6/25/2021 17:00,25.3,45,0,5
6/25/2021 18:00,24.8,45,0,5
6/25/2021 19:00,24.2,47,0,5
6/25/2021 20:00,23.6,47,0,5
6/25/2021 21:00,23,51,0,5
6/25/2021 22:00,22.2,55,0,5
6/25/2021 23:00,21.9,58,0,6
6/26/2021 0:00,21.7,59,0,5
6/26/2021 1:00,21.6,61,0,5
6/26/2021 2:00,21.3,63,0,5
6/26/2021 3:00,20.6,69,0,4
6/26/2021 4:00,19.6,76,0,5
6/26/2021 5:00,19.2,78,0.2,4
6/26/2021 6:00,19,79,0.3,5
6/26/2021 7:00,18,88,1.5,5
6/26/2021 8:00,17.8,91,1.6,6
6/26/2021 9:00,18,92,1.8,4
6/26/2021 10:00,18,94,4.6,7
6/26/2021 11:00,18.2,94,1.2,7
6/26/2021 12:00,18.9,95,3.2,7
6/26/2021 13:00,19.9,94,0.2,6
6/26/2021 14:00,21.2,89,0,6
6/26/2021 15:00,22.6,85,0,4
6/26/2021 16:00,22.8,88,0.3,7
6/26/2021 17:00,24,79,0,7
6/26/2021 18:00,24.3,76,0,7
6/26/2021 19:00,22.1,91,6.1,3
6/26/2021 20:00,21.8,94,1.9,2
6/26/2021 21:00,21.8,95,3.9,6
6/26/2021 22:00,21.7,95,0.9,4
6/26/2021 23:00,21.5,95,0,3
6/27/2021 0:00,21.7,93,0,4
6/27/2021 1:00,21.6,92,0,5
6/27/2021 2:00,21.8,89,0,7
6/27/2021 3:00,22.2,85,0,5
6/27/2021 4:00,21.9,86,0,6
6/27/2021 5:00,22.3,83,0,6
6/27/2021 6:00,23.3,79,0,6
6/27/2021 7:00,24.7,73,0,6
6/27/2021 8:00,26.9,63,0,9
6/27/2021 9:00,27.6,60,0,9
6/27/2021 10:00,29.1,56,0,11
6/27/2021 11:00,30.3,54,0,11
6/27/2021 12:00,30.2,53,0,16
6/27/2021 13:00,30.6,53,0,10
6/27/2021 14:00,31.8,52,0,10
6/27/2021 15:00,31.7,52,0,11
6/27/2021 16:00,31.9,50,0,9
6/27/2021 17:00,31.3,50,0,10
6/27/2021 18:00,30.6,52,0,10
6/27/2021 19:00,29.2,55,0,8
6/27/2021 20:00,29,55,0,9
6/27/2021 21:00,28,59,0,9
6/27/2021 22:00,27.1,64,0,8
6/27/2021 23:00,26.6,66,0,6
6/28/2021 0:00,26.1,69,0,6
6/28/2021 1:00,25.4,72,0,6
6/28/2021 2:00,25.2,73,0,5
6/28/2021 3:00,25.2,74,0,4
6/28/2021 4:00,25,75,0,2
6/28/2021 5:00,24.5,81,0,4
6/28/2021 6:00,24.8,77,0,5
6/28/2021 7:00,26.1,70,0,6
6/28/2021 8:00,26.7,68,0,6
6/28/2021 9:00,27.9,66,0,6
6/28/2021 10:00,27.9,63,0,5
6/28/2021 11:00,28.9,63,0,8
6/28/2021 12:00,29.6,63,0,8
6/28/2021 13:00,29.6,60,0,8
6/28/2021 14:00,30,57,0,5
6/28/2021 15:00,26.2,80,0,6
6/28/2021 16:00,29.9,68,0.3,5
6/28/2021 17:00,29.4,68,0,5
6/28/2021 18:00,29.9,64,0,7
6/28/2021 19:00,28.9,64,0,6
6/28/2021 20:00,26.8,71,0,4
6/28/2021 21:00,26.6,72,0,3
6/28/2021 22:00,26.5,73,0,4
6/28/2021 23:00,26,77,0,2
6/29/2021 0:00,25,83,0,5
6/29/2021 1:00,24.2,88,0,4
6/29/2021 2:00,23.9,88,0,3
6/29/2021 3:00,23.9,82,0,4
6/29/2021 4:00,23.8,80,0,3
6/29/2021 5:00,23.5,82,0,2
6/29/2021 6:00,24.3,81,0,5
6/29/2021 7:00,25.4,76,0,5
6/29/2021 8:00,26.2,70,0,6
6/29/2021 9:00,26.8,67,0,5
6/29/2021 10:00,27.9,64,0,6
6/29/2021 11:00,28.2,58,0,9
6/29/2021 12:00,28.5,59,0,6
6/29/2021 13:00,28.4,60,0,5
6/29/2021 14:00,28.2,64,0,2
6/29/2021 15:00,26.8,71,0,8
6/29/2021 16:00,25.4,76,0,5
6/29/2021 17:00,26,67,0,6
6/29/2021 18:00,26.4,61,0,5
6/29/2021 19:00,25.5,67,0,5
6/29/2021 20:00,24.6,74,0,4
6/29/2021 21:00,24.1,77,0,3
6/29/2021 22:00,23.5,81,0,3
6/29/2021 23:00,23.2,83,0,3
6/30/2021 0:00,23.2,80,0,3
6/30/2021 1:00,23.4,77,0,4
6/30/2021 2:00,23.3,78,0,5
6/30/2021 3:00,23.2,82,0,4
6/30/2021 4:00,23.5,86,0,6
6/30/2021 5:00,23.6,86,0,6
6/30/2021 6:00,23.6,84,0,6
6/30/2021 7:00,23.5,83,0,5
6/30/2021 8:00,23,86,0.2,5
6/30/2021 9:00,24,82,0,8
6/30/2021 10:00,25.4,75,0,6
6/30/2021 11:00,26.8,67,0,11
6/30/2021 12:00,22.6,88,5.2,4
6/30/2021 13:00,24.6,78,0,5
6/30/2021 14:00,24.3,82,0.4,5
6/30/2021 15:00,25.1,81,0.8,7
6/30/2021 16:00,21.8,84,3.5,5
6/30/2021 17:00,22.1,87,0,4
6/30/2021 18:00,22.8,84,0,5
6/30/2021 19:00,22.3,89,0,4
6/30/2021 20:00,22.5,84,0,3
6/30/2021 21:00,22.1,77,0,7
6/30/2021 22:00,21.1,73,0,13
6/30/2021 23:00,19.9,76,0,9
7/1/2021 0:00,19.5,78,0,10
7/1/2021 1:00,19.2,73,0,10
7/1/2021 2:00,18.9,73,0,9
7/1/2021 3:00,18.6,72,0,9
7/1/2021 4:00,18,74,0,7
7/1/2021 5:00,17.8,77,0,3
7/1/2021 6:00,18.9,71,0.2,5
7/1/2021 7:00,19.5,64,0,7
7/1/2021 8:00,21.6,59,0,3
7/1/2021 9:00,22.1,52,0,6
7/1/2021 10:00,22.7,47,0,6
7/1/2021 11:00,23.8,43,0,4
7/1/2021 12:00,23.9,49,0,4
7/1/2021 13:00,24,46,0,6
7/1/2021 14:00,24.6,43,0,8
7/1/2021 15:00,24.9,40,0,5
7/1/2021 16:00,24.4,40,0,4
7/1/2021 17:00,24,43,0,4
7/1/2021 18:00,23.9,47,0,3
7/1/2021 19:00,23.1,51,0,4
7/1/2021 20:00,22.4,51,0,4
7/1/2021 21:00,21.8,55,0,4
7/1/2021 22:00,19.2,81,0,8
7/1/2021 23:00,17.6,81,0,9
7/2/2021 0:00,16.4,80,0,12
7/2/2021 1:00,16.2,81,0,10
7/2/2021 2:00,15.6,80,0,12
7/2/2021 3:00,15.3,83,0,9
7/2/2021 4:00,14.8,85,0,14
7/2/2021 5:00,15.2,85,0,9
7/2/2021 6:00,15.3,81,0,10
7/2/2021 7:00,15.7,79,0,12
7/2/2021 8:00,16.3,77,0,11
7/2/2021 9:00,17.1,73,0,11
7/2/2021 10:00,17.5,71,0,10
7/2/2021 11:00,17.6,70,0,12
7/2/2021 12:00,18.2,67,0,10
7/2/2021 13:00,18,68,0,8
7/2/2021 14:00,18.3,66,0,13
7/2/2021 15:00,18.7,64,0,8
7/2/2021 16:00,18.8,63,0,10
7/2/2021 17:00,19,62,0,10
7/2/2021 18:00,18.7,64,0,8
7/2/2021 19:00,18.3,65,0,8
7/2/2021 20:00,18,65,0,8
7/2/2021 21:00,17.5,69,0,8
7/2/2021 22:00,16.9,72,0,6
7/2/2021 23:00,16.3,75,0,6
7/3/2021 0:00,15.8,77,0,5
7/3/2021 1:00,15.3,77,0,7
7/3/2021 2:00,14.5,80,0,11
7/3/2021 3:00,14.1,82,0,5
7/3/2021 4:00,13.8,83,0,10
7/3/2021 5:00,13.6,82,0,10
7/3/2021 6:00,13.5,82,0,10
7/3/2021 7:00,13.7,81,0,7
7/3/2021 8:00,14.3,81,0,8
7/3/2021 9:00,15.5,81,0,7
7/3/2021 10:00,16.9,71,0,10
7/3/2021 11:00,17.1,70,0,11
7/3/2021 12:00,18.2,68,0,8
7/3/2021 13:00,17.9,67,0,8
7/3/2021 14:00,17.7,67,0,8
7/3/2021 15:00,17.8,69,0,9
7/3/2021 16:00,18.2,69,0,8
7/3/2021 17:00,18.2,69,0,8
7/3/2021 18:00,18.5,66,0,7
7/3/2021 19:00,18.3,64,0,7
7/3/2021 20:00,18.1,66,0,5
7/3/2021 21:00,17.6,69,0,5
7/3/2021 22:00,17,72,0,6
7/3/2021 23:00,16,76,0,4
7/4/2021 0:00,15.1,78,0,7
7/4/2021 1:00,14.8,78,0,7
7/4/2021 2:00,14.8,78,0,6
7/4/2021 3:00,15.1,75,0,7
7/4/2021 4:00,14.7,77,0,6
7/4/2021 5:00,14.2,82,0,7
7/4/2021 6:00,14.9,77,0,8
7/4/2021 7:00,15.7,74,0,8
7/4/2021 8:00,17,67,0,10
7/4/2021 9:00,17.8,63,0,8
7/4/2021 10:00,19,61,0,8
7/4/2021 11:00,19.7,57,0,9
7/4/2021 12:00,21.1,53,0,9
7/4/2021 13:00,20.8,52,0,7
7/4/2021 14:00,22.2,51,0,8
7/4/2021 15:00,21.7,48,0,7
7/4/2021 16:00,22.3,44,0,8
7/4/2021 17:00,22.5,44,0,8
7/4/2021 18:00,22,47,0,8
7/4/2021 19:00,20.9,52,0,3
7/4/2021 20:00,20,59,0,4
7/4/2021 21:00,19.2,62,0,4
7/4/2021 22:00,18.6,69,0,6
7/4/2021 23:00,17.8,72,0,2
7/5/2021 0:00,17.1,76,0,4
7/5/2021 1:00,16,83,0,1
7/5/2021 2:00,15.6,86,0,2
7/5/2021 3:00,15.2,89,0,3
7/5/2021 4:00,14.9,90,0,3
7/5/2021 5:00,15.4,89,0,2
7/5/2021 6:00,17.6,80,0,5
7/5/2021 7:00,18.7,72,0,6
7/5/2021 8:00,20.2,66,0,6
7/5/2021 9:00,21.6,61,0,8
7/5/2021 10:00,22.7,54,0,8
7/5/2021 11:00,24.8,52,0,6
7/5/2021 12:00,24.9,47,0,10
7/5/2021 13:00,25.3,43,0,7
7/5/2021 14:00,26.4,40,0,8
7/5/2021 15:00,26.8,41,0,8
7/5/2021 16:00,26.8,38,0,6
7/5/2021 17:00,25.8,40,0,9
7/5/2021 18:00,25.4,49,0,7
7/5/2021 19:00,24.9,53,0,6
7/5/2021 20:00,24.4,54,0,6
7/5/2021 21:00,23.9,58,0,6
7/5/2021 22:00,23.5,62,0,6
7/5/2021 23:00,23,65,0,6
7/6/2021 0:00,23.4,65,0,8
7/6/2021 1:00,23.1,70,0,5
7/6/2021 2:00,22.2,76,0,5
7/6/2021 3:00,21.7,82,0,7
7/6/2021 4:00,21.7,81,0,7
7/6/2021 5:00,21.5,81,0,8
7/6/2021 6:00,21.7,81,0,7
7/6/2021 7:00,22.4,78,0,6
7/6/2021 8:00,22.9,77,0,5
7/6/2021 9:00,23.7,77,0,7
7/6/2021 10:00,24.2,76,0,6
7/6/2021 11:00,23.9,77,0,8
7/6/2021 12:00,23.5,81,0,5
7/6/2021 13:00,24.7,75,0,6
7/6/2021 14:00,25.9,73,0,8
7/6/2021 15:00,27,68,0,6
7/6/2021 16:00,28,63,0,6
7/6/2021 17:00,22.7,84,1.1,9
7/6/2021 18:00,23.4,86,4.8,2
7/6/2021 19:00,24.3,77,0.2,3
7/6/2021 20:00,22.4,82,0,3
7/6/2021 21:00,22.4,76,0,3
7/6/2021 22:00,22.4,63,0,3
7/6/2021 23:00,21.4,61,0,8
7/7/2021 0:00,20.4,61,0,8
7/7/2021 1:00,19,65,0,5
7/7/2021 2:00,18.2,66,0,7
7/7/2021 3:00,17.1,67,0,9
7/7/2021 4:00,15.6,63,0,9
7/7/2021 5:00,15.5,59,0,11
7/7/2021 6:00,15.6,60,0,9
7/7/2021 7:00,16.4,58,0,10
7/7/2021 8:00,17.1,47,0,8
7/7/2021 9:00,17.3,45,0,5
7/7/2021 10:00,18.6,37,0,5
7/7/2021 11:00,19.4,37,0,5
7/7/2021 12:00,19.7,34,0,5
7/7/2021 13:00,19.3,46,0,5
7/7/2021 14:00,18.8,50,0,5
7/7/2021 15:00,19.7,42,0,6
7/7/2021 16:00,19.6,37,0,7
7/7/2021 17:00,19.3,45,0,6
7/7/2021 18:00,19,50,0,2
7/7/2021 19:00,18.3,51,0,3
7/7/2021 20:00,17.5,59,0,3
7/7/2021 21:00,16.7,65,0,2
7/7/2021 22:00,16.1,68,0,3
7/7/2021 23:00,16,70,0,3
7/8/2021 0:00,15,71,0,2
7/8/2021 1:00,15.7,72,0,2
7/8/2021 2:00,16.2,74,0,3
7/8/2021 3:00,15.9,70,0,6
7/8/2021 4:00,15.7,72,0,5
7/8/2021 5:00,14.7,76,0,9
7/8/2021 6:00,14.4,78,0,10
7/8/2021 7:00,14.2,77,0,9
7/8/2021 8:00,14.3,80,0,8
7/8/2021 9:00,15.3,76,0.3,8
7/8/2021 10:00,17.2,68,0,10
7/8/2021 11:00,18.6,61,0,8
7/8/2021 12:00,18.6,61,0,6
7/8/2021 13:00,18.5,69,0,6
7/8/2021 14:00,17.5,81,0,7
7/8/2021 15:00,17.1,87,0,6
7/8/2021 16:00,17.1,88,0,6
7/8/2021 17:00,16.9,92,0.5,5
7/8/2021 18:00,16.6,94,0.2,6
7/8/2021 19:00,16.7,94,0.2,6
7/8/2021 20:00,17.1,94,3.1,2
7/8/2021 21:00,17.8,96,8.2,6
7/8/2021 22:00,18.3,95,1.3,7
7/8/2021 23:00,18.5,95,0,7
7/9/2021 0:00,18.6,92,0,9
7/9/2021 1:00,18.2,90,0,6
7/9/2021 2:00,17,89,0,5
7/9/2021 3:00,16.7,88,0,4
7/9/2021 4:00,16.5,87,0,2
7/9/2021 5:00,16.4,88,0,2
7/9/2021 6:00,16.3,89,0,2
7/9/2021 7:00,16.4,87,0,1
7/9/2021 8:00,17.5,80,0,4
7/9/2021 9:00,18,78,0,4
7/9/2021 10:00,19.1,73,0,4
7/9/2021 11:00,19.5,72,0,6
7/9/2021 12:00,20,69,0,7
7/9/2021 13:00,20.9,68,0,6
7/9/2021 14:00,20.7,66,0,10
7/9/2021 15:00,20.1,67,0,9
7/9/2021 16:00,20,65,0,10
7/9/2021 17:00,20.5,62,0,6
7/9/2021 18:00,20.7,63,0,4
7/9/2021 19:00,19.4,70,0,3
7/9/2021 20:00,18.6,72,0,4
7/9/2021 21:00,18.3,73,0,3
7/9/2021 22:00,18,71,0,4
7/9/2021 23:00,17.2,75,0,3
7/10/2021 0:00,16.6,76,0,3
7/10/2021 1:00,16.3,77,0,2
7/10/2021 2:00,15.9,80,0,3
7/10/2021 3:00,15.2,80,0,2
7/10/2021 4:00,14.5,87,0,2
7/10/2021 5:00,15.1,87,0,1
7/10/2021 6:00,17,76,0,0
7/10/2021 7:00,19.3,70,0,1
7/10/2021 8:00,21.3,66,0,5
7/10/2021 9:00,22,56,0,6
7/10/2021 10:00,22.9,46,0,4
7/10/2021 11:00,23.4,51,0,2
7/10/2021 12:00,24.3,45,0,3
7/10/2021 13:00,25.6,45,0,6
7/10/2021 14:00,25.7,33,0,5
7/10/2021 15:00,25.7,32,0,5
7/10/2021 16:00,25.6,36,0,5
7/10/2021 17:00,26.3,36,0,4
7/10/2021 18:00,24.5,45,0,3
7/10/2021 19:00,22.5,50,0,3
7/10/2021 20:00,21.7,50,0,4
7/10/2021 21:00,20.9,54,0,3
7/10/2021 22:00,19.8,61,0,3
7/10/2021 23:00,19.3,62,0,3
7/11/2021 0:00,19.9,55,0,2
7/11/2021 1:00,20,56,0,3
7/11/2021 2:00,19.4,58,0,5
7/11/2021 3:00,17.7,66,0,1
7/11/2021 4:00,17.5,71,0,4
7/11/2021 5:00,18.4,70,0,4
7/11/2021 6:00,19.5,63,0,4
7/11/2021 7:00,21.1,59,0,3
7/11/2021 8:00,22.5,59,0,4
7/11/2021 9:00,23.5,54,0,4
7/11/2021 10:00,24,47,0,7
7/11/2021 11:00,24.9,43,0,5
7/11/2021 12:00,25.6,39,0,6
7/11/2021 13:00,26.5,43,0,6
7/11/2021 14:00,25.9,38,0,10
7/11/2021 15:00,26.1,35,0,6
7/11/2021 16:00,26,38,0,5
7/11/2021 17:00,25.4,45,0,7
7/11/2021 18:00,24.7,49,0,3
7/11/2021 19:00,23.9,51,0,2
7/11/2021 20:00,21.9,60,0,2
7/11/2021 21:00,21.3,60,0,1
7/11/2021 22:00,21.2,60,0,2
7/11/2021 23:00,21.6,61,0,4
7/12/2021 0:00,21.1,62,0,3
7/12/2021 1:00,20.8,64,0,3
7/12/2021 2:00,20.5,74,0,3
7/12/2021 3:00,19.8,76,0,2
7/12/2021 4:00,19.7,75,0,5
7/12/2021 5:00,19.7,78,0,6
7/12/2021 6:00,19.2,84,0,7
7/12/2021 7:00,19.2,84,0,8
7/12/2021 8:00,19.5,81,0,7
7/12/2021 9:00,20.8,74,0,7
7/12/2021 10:00,22.5,67,0,7
7/12/2021 11:00,24.2,61,0,6
7/12/2021 12:00,25.9,56,0,6
7/12/2021 13:00,26.4,54,0,7
7/12/2021 14:00,27.2,53,0,8
7/12/2021 15:00,27.7,51,0,4
7/12/2021 16:00,27.5,53,0,5
7/12/2021 17:00,27.9,51,0,5
7/12/2021 18:00,27.2,54,0,6
7/12/2021 19:00,25.7,63,0,9
7/12/2021 20:00,24.6,66,0,8
7/12/2021 21:00,23.9,68,0,5
7/12/2021 22:00,23.3,69,0,4
7/12/2021 23:00,22.8,73,0,2
7/13/2021 0:00,21.6,80,0,2
7/13/2021 1:00,22.4,70,0,5
7/13/2021 2:00,21.8,73,0,5
7/13/2021 3:00,21.4,74,0,3
7/13/2021 4:00,21.4,73,0,3
7/13/2021 5:00,21.2,74,0,4
7/13/2021 6:00,21.5,73,0,7
7/13/2021 7:00,21.7,73,0,6
7/13/2021 8:00,21.1,76,0,9
7/13/2021 9:00,20.4,82,0,10
7/13/2021 10:00,20.8,84,0,8
7/13/2021 11:00,22.3,77,0,9
7/13/2021 12:00,23,75,0,8
7/13/2021 13:00,23.6,71,0,8
7/13/2021 14:00,24.5,68,0,8
7/13/2021 15:00,24.5,70,0,6
7/13/2021 16:00,23.5,76,0,6
7/13/2021 17:00,22.9,85,1.3,7
7/13/2021 18:00,23.4,81,0,9
7/13/2021 19:00,21.9,85,0,8
7/13/2021 20:00,21.4,87,0.2,8
7/13/2021 21:00,21.4,88,0.2,7
7/13/2021 22:00,20.7,91,1.9,8
7/13/2021 23:00,20.9,90,1,7
7/14/2021 0:00,21.2,87,0,8
7/14/2021 1:00,21,91,0,4
7/14/2021 2:00,20.8,91,0,4
7/14/2021 3:00,20.7,91,0,5
7/14/2021 4:00,20.8,91,0,6
7/14/2021 5:00,21,89,0,4
7/14/2021 6:00,21.5,87,0,4
7/14/2021 7:00,22.2,84,0,5
7/14/2021 8:00,22.6,83,0,6
7/14/2021 9:00,22.5,85,0.2,4
7/14/2021 10:00,23.8,79,0,6
7/14/2021 11:00,25,75,0.6,8
7/14/2021 12:00,26.1,69,0,8
7/14/2021 13:00,26.2,69,0,8
7/14/2021 14:00,27,63,0,8
7/14/2021 15:00,26.8,67,0,7
7/14/2021 16:00,26.3,68,0,7
7/14/2021 17:00,27.1,63,0,9
7/14/2021 18:00,26.8,64,0,5
7/14/2021 19:00,25.8,68,0,3
7/14/2021 20:00,25.1,71,0,3
7/14/2021 21:00,24.5,73,0,3
7/14/2021 22:00,24,76,0,3
7/14/2021 23:00,23.2,81,0,4
7/15/2021 0:00,22.6,84,0,5
7/15/2021 1:00,22,84,0,4
7/15/2021 2:00,21.6,85,0,8
7/15/2021 3:00,20.9,89,0,4
7/15/2021 4:00,20.6,89,0,8
7/15/2021 5:00,20.8,86,0,6
7/15/2021 6:00,21.5,83,0,7
7/15/2021 7:00,22.7,79,0,6
7/15/2021 8:00,24.2,73,0,6
7/15/2021 9:00,,,,
7/15/2021 10:00,,,,
7/15/2021 11:00,27.9,60,0,7
7/15/2021 12:00,28.4,56,0,8
7/15/2021 13:00,28.1,58,0,8
7/15/2021 14:00,28.7,55,0,5
7/15/2021 15:00,29.8,52,0,7
7/15/2021 16:00,28.8,52,0,7
7/15/2021 17:00,28.5,54,0,6
7/15/2021 18:00,28.2,58,0,6
7/15/2021 19:00,27.6,61,0,4
7/15/2021 20:00,26.3,66,0,4
7/15/2021 21:00,25.6,68,0,5
7/15/2021 22:00,25.1,70,0,5
7/15/2021 23:00,25.3,69,0,5
7/16/2021 0:00,23.6,80,0,3
7/16/2021 1:00,22.3,91,5.8,12
7/16/2021 2:00,22.1,90,0,9
7/16/2021 3:00,22.1,89,0,7
7/16/2021 4:00,22.1,89,0,6
7/16/2021 5:00,21.9,87,0,6
7/16/2021 6:00,21.9,86,0,3
7/16/2021 7:00,22.3,76,0,3
7/16/2021 8:00,21.9,76,0,4
7/16/2021 9:00,22.3,74,0,2
7/16/2021 10:00,21.1,73,0,9
7/16/2021 11:00,22.4,65,0,6
7/16/2021 12:00,23.4,62,0,9
7/16/2021 13:00,23.7,54,0,5
7/16/2021 14:00,24.7,50,0,6
7/16/2021 15:00,24.6,54,0,5
7/16/2021 16:00,25.4,54,0,5
7/16/2021 17:00,24.6,55,0,4
7/16/2021 18:00,23.8,61,0,3
7/16/2021 19:00,22.7,66,0,6
7/16/2021 20:00,21.8,72,0,5
7/16/2021 21:00,21.4,73,0,9
7/16/2021 22:00,21.1,74,0,7
7/16/2021 23:00,21,73,0,9
7/17/2021 0:00,20.9,67,0,2
7/17/2021 1:00,21.1,64,0,4
7/17/2021 2:00,20.6,66,0,3
7/17/2021 3:00,20.1,67,0,2
7/17/2021 4:00,20.3,66,0,3
7/17/2021 5:00,19.1,76,0,1
7/17/2021 6:00,20.1,79,0,0
7/17/2021 7:00,21.8,74,0,3
7/17/2021 8:00,23,72,0,4
7/17/2021 9:00,23.7,66,0,5
7/17/2021 10:00,24.5,64,0,6
7/17/2021 11:00,24.3,62,0,4
7/17/2021 12:00,25.5,56,0,5
7/17/2021 13:00,25.2,57,0,3
7/17/2021 14:00,25.3,57,0,4
7/17/2021 15:00,25.2,54,0,4
7/17/2021 16:00,25.8,50,0,4
7/17/2021 17:00,25.4,53,0,3
7/17/2021 18:00,25,51,0,4
7/17/2021 19:00,23.4,58,0,3
7/17/2021 20:00,22.7,64,0,3
7/17/2021 21:00,23,68,0,3
7/17/2021 22:00,22.4,70,0,3
7/17/2021 23:00,21.6,69,0,2
7/18/2021 0:00,21.6,68,0,2
7/18/2021 1:00,21.3,68,0,2
7/18/2021 2:00,21.3,72,0,2
7/18/2021 3:00,20.9,77,0,2
7/18/2021 4:00,20.7,78,0,2
7/18/2021 5:00,20.5,86,0,3
7/18/2021 6:00,19.4,90,0,4
7/18/2021 7:00,19.8,89,0,2
7/18/2021 8:00,20,83,0.8,7
7/18/2021 9:00,20.7,83,0.2,5
7/18/2021 10:00,22.1,69,0.4,3
7/18/2021 11:00,22.8,65,0.3,6
7/18/2021 12:00,23.8,65,0,3
7/18/2021 13:00,23.6,68,0,4
7/18/2021 14:00,23.8,67,0,4
7/18/2021 15:00,24.3,63,0,5
7/18/2021 16:00,25,57,0,5
7/18/2021 17:00,24.4,61,0,4
7/18/2021 18:00,24.2,64,0,3
7/18/2021 19:00,23.7,71,0,3
7/18/2021 20:00,22.3,79,0,4
7/18/2021 21:00,21.8,76,0,4
7/18/2021 22:00,21.6,73,0,3
7/18/2021 23:00,20.5,75,0,2
7/19/2021 0:00,20.4,76,0,3
7/19/2021 1:00,20.2,76,0,2
7/19/2021 2:00,20.5,75,0,2
7/19/2021 3:00,19.7,76,0,3
7/19/2021 4:00,19.1,82,0,1
7/19/2021 5:00,19.8,82,0,2
7/19/2021 6:00,20.3,82,0,5
7/19/2021 7:00,21.9,75,0,3
7/19/2021 8:00,23.5,67,0,6
7/19/2021 9:00,24.7,64,0,6
7/19/2021 10:00,25,64,0,4
7/19/2021 11:00,26.1,61,0,5
7/19/2021 12:00,27.6,59,0,8
7/19/2021 13:00,27.7,60,0,7
7/19/2021 14:00,28.1,62,0,5
7/19/2021 15:00,28.2,59,0,6
7/19/2021 16:00,28.2,59,0,6
7/19/2021 17:00,28.1,63,0,2
7/19/2021 18:00,26.9,67,0,4
7/19/2021 19:00,26.3,71,0,5
7/19/2021 20:00,25.5,76,0,2
7/19/2021 21:00,25.2,69,0,7
7/19/2021 22:00,24.7,67,0,7
7/19/2021 23:00,23.7,71,0,8
7/20/2021 0:00,22.8,74,0,8
7/20/2021 1:00,22.4,74,0,8
7/20/2021 2:00,21.8,77,0,10
7/20/2021 3:00,21.6,76,0,6
7/20/2021 4:00,21.2,78,0,8
7/20/2021 5:00,21.4,75,0,7
7/20/2021 6:00,21.2,77,0,6
7/20/2021 7:00,21.3,70,0,8
7/20/2021 8:00,20.6,73,0,6
7/20/2021 9:00,21.1,70,0,7
7/20/2021 10:00,22,64,0,8
7/20/2021 11:00,22.7,64,0,7
7/20/2021 12:00,23.7,61,0,5
7/20/2021 13:00,24.3,59,0,6
7/20/2021 14:00,24.2,58,0,5
7/20/2021 15:00,24.9,54,0,5
7/20/2021 16:00,24.8,54,0,5
7/20/2021 17:00,24.1,60,0,6
7/20/2021 18:00,22.2,68,0,8
7/20/2021 19:00,19.7,84,3.9,8
7/20/2021 20:00,19.6,86,1.2,6
7/20/2021 21:00,18.8,87,0,10
7/20/2021 22:00,17.4,88,0.7,10
7/20/2021 23:00,16.4,85,1.3,11
7/21/2021 0:00,16.3,84,0.5,12
7/21/2021 1:00,16.6,82,0,10
7/21/2021 2:00,16.5,78,0,12
7/21/2021 3:00,16.3,78,0,10
7/21/2021 4:00,16.4,81,0,10
7/21/2021 5:00,16.4,83,0,11
7/21/2021 6:00,16.6,79,0,10
7/21/2021 7:00,16.9,79,0,11
7/21/2021 8:00,17.6,74,0,11
7/21/2021 9:00,18.9,69,0,7
7/21/2021 10:00,19.7,61,0,10
7/21/2021 11:00,20.1,62,0,7
7/21/2021 12:00,20.5,61,0,9
7/21/2021 13:00,21.5,56,0,7
7/21/2021 14:00,22.6,53,0,6
7/21/2021 15:00,23.5,47,0,3
7/21/2021 16:00,24,50,0,2
7/21/2021 17:00,23.6,52,0,4
7/21/2021 18:00,19.6,76,2.9,5
7/21/2021 19:00,19.1,85,0,2
7/21/2021 20:00,19.1,82,0,3
7/21/2021 21:00,18.5,80,0,4
7/21/2021 22:00,18.1,78,0,1
7/21/2021 23:00,17.6,81,0,5
7/22/2021 0:00,16.6,88,0.4,2
7/22/2021 1:00,16,90,0,5
7/22/2021 2:00,15.9,88,0,5
7/22/2021 3:00,15.7,91,0,4
7/22/2021 4:00,14.9,93,0,1
7/22/2021 5:00,15.2,93,0,2
7/22/2021 6:00,17.4,82,0.3,3
7/22/2021 7:00,17.7,79,0,3
7/22/2021 8:00,19.6,75,0,6
7/22/2021 9:00,21,70,0,4
7/22/2021 10:00,21.3,54,0,6
7/22/2021 11:00,22.5,45,0,6
7/22/2021 12:00,23.8,44,0,9
7/22/2021 13:00,24,43,0,4
7/22/2021 14:00,24.8,37,0,7
7/22/2021 15:00,25.1,37,0,5
7/22/2021 16:00,25.4,36,0,6
7/22/2021 17:00,24.7,35,0,7
7/22/2021 18:00,24.4,38,0,3
7/22/2021 19:00,22.7,47,0,4
7/22/2021 20:00,21.7,51,0,6
7/22/2021 21:00,20.5,59,0,3
7/22/2021 22:00,19.6,64,0,4
7/22/2021 23:00,19.2,66,0,5
7/23/2021 0:00,19,67,0,7
7/23/2021 1:00,18.3,70,0,7
7/23/2021 2:00,18.3,69,0,6
7/23/2021 3:00,18.5,68,0,5
7/23/2021 4:00,17.8,70,0,6
7/23/2021 5:00,17.1,82,0,6
7/23/2021 6:00,17.4,82,0,4
7/23/2021 7:00,18.8,75,0,7
7/23/2021 8:00,20.3,65,0,3
7/23/2021 9:00,21.6,57,0,5
7/23/2021 10:00,23.5,47,0,5
7/23/2021 11:00,24.2,42,0,7
7/23/2021 12:00,24.5,40,0,6
7/23/2021 13:00,24.5,36,0,7
7/23/2021 14:00,25.1,42,0,5
7/23/2021 15:00,26,40,0,7
7/23/2021 16:00,25.1,43,0,4
7/23/2021 17:00,25,44,0,10
7/23/2021 18:00,24.2,44,0,7
7/23/2021 19:00,22.4,56,0,3
7/23/2021 20:00,21.3,59,0,2
7/23/2021 21:00,20.5,62,0,3
7/23/2021 22:00,21.7,56,0,9
7/23/2021 23:00,21.6,54,0,10
7/24/2021 0:00,21.4,50,0,8
7/24/2021 1:00,20.3,59,0,6
7/24/2021 2:00,19.8,69,0,5
7/24/2021 3:00,19.1,72,0,4
7/24/2021 4:00,17.3,78,0,2
7/24/2021 5:00,17.7,85,0,4
7/24/2021 6:00,19.1,80,0,3
7/24/2021 7:00,21,70,0,6
7/24/2021 8:00,23.4,61,0,6
7/24/2021 9:00,24.2,59,0,6
7/24/2021 10:00,25.5,51,0,4
7/24/2021 11:00,26,43,0,8
7/24/2021 12:00,27,41,0,6
7/24/2021 13:00,27.4,44,0,9
7/24/2021 14:00,28.1,41,0,7
7/24/2021 15:00,27.9,35,0,7
7/24/2021 16:00,26.9,32,0,8
7/24/2021 17:00,26.3,37,0,10
7/24/2021 18:00,25.8,39,0,8
7/24/2021 19:00,25,44,0,5
7/24/2021 20:00,24.1,45,0,6
7/24/2021 21:00,23.3,48,0,6
7/24/2021 22:00,22.6,51,0,5
7/24/2021 23:00,22.4,54,0,6
7/25/2021 0:00,22.1,59,0,6
7/25/2021 1:00,21.1,69,0,7
7/25/2021 2:00,19.8,81,0.4,7
7/25/2021 3:00,18.3,93,7.8,8
7/25/2021 4:00,18.4,95,9,8
7/25/2021 5:00,18.6,93,0,7
7/25/2021 6:00,18.9,92,0,6
7/25/2021 7:00,19.3,95,0.3,9
7/25/2021 8:00,21.2,89,0,6
7/25/2021 9:00,23.4,78,0,5
7/25/2021 10:00,24.3,68,0,5
7/25/2021 11:00,25.1,62,0,6
7/25/2021 12:00,26,57,0,6
7/25/2021 13:00,26.4,56,0,8
7/25/2021 14:00,26.6,60,0,11
7/25/2021 15:00,26.4,61,0,7
7/25/2021 16:00,26.2,62,0,6
7/25/2021 17:00,26.1,59,0,5
7/25/2021 18:00,25.4,61,0,5
7/25/2021 19:00,24.7,63,0,3
7/25/2021 20:00,23.6,67,0,3
7/25/2021 21:00,23.1,70,0,2
7/25/2021 22:00,23.4,75,0,3
7/25/2021 23:00,22.5,72,0,8
7/26/2021 0:00,21.5,68,0,2
7/26/2021 1:00,21.2,70,0,7
7/26/2021 2:00,20,78,0,4
7/26/2021 3:00,19.5,86,0,4
7/26/2021 4:00,19.4,85,0,4
7/26/2021 5:00,19.5,89,0,6
7/26/2021 6:00,19.2,89,0,6
7/26/2021 7:00,19.9,84,0,6
7/26/2021 8:00,21.1,78,0,6
7/26/2021 9:00,22.1,72,0,5
7/26/2021 10:00,23.4,72,0,6
7/26/2021 11:00,25,66,0,6
7/26/2021 12:00,25.2,65,0,8
7/26/2021 13:00,26.4,61,0,10
7/26/2021 14:00,26.8,60,0,10
7/26/2021 15:00,27.9,51,0,7
7/26/2021 16:00,27.8,49,0,4
7/26/2021 17:00,27.4,48,0,7
7/26/2021 18:00,26.5,50,0,6
7/26/2021 19:00,25.8,53,0,3
7/26/2021 20:00,22.9,64,0,6
7/26/2021 21:00,22,63,0,5
7/26/2021 22:00,21.3,69,0,4
7/26/2021 23:00,20.8,74,0,7
7/27/2021 0:00,20.3,77,0,6
7/27/2021 1:00,20.1,65,0,5
7/27/2021 2:00,19.6,76,0,6
7/27/2021 3:00,19.6,66,0,8
7/27/2021 4:00,18.6,69,0,8
7/27/2021 5:00,18.3,69,0,6
7/27/2021 6:00,18.9,69,0,4
7/27/2021 7:00,19.8,65,0,4
7/27/2021 8:00,20.1,64,0,5
7/27/2021 9:00,21.6,62,0,4
7/27/2021 10:00,21.7,59,0,6
7/27/2021 11:00,21.7,59,0,5
7/27/2021 12:00,21.1,57,0,4
7/27/2021 13:00,19.2,82,0.4,2
7/27/2021 14:00,18.9,81,0,2
7/27/2021 15:00,19.6,75,0.2,2
7/27/2021 16:00,20.8,70,0,4
7/27/2021 17:00,20.2,67,0,3
7/27/2021 18:00,19.1,74,0,4
7/27/2021 19:00,19.3,72,0,3
7/27/2021 20:00,18.3,81,0,4
7/27/2021 21:00,17.9,85,0,4
7/27/2021 22:00,17.8,85,0,6
7/27/2021 23:00,17.8,85,0,2
7/28/2021 0:00,17.2,88,0,1
7/28/2021 1:00,17.2,90,0,2
7/28/2021 2:00,17.7,88,0,4
7/28/2021 3:00,17.2,90,0,4
7/28/2021 4:00,16.8,93,0,7
7/28/2021 5:00,15.5,88,0,8
7/28/2021 6:00,16.2,77,0,6
7/28/2021 7:00,17.1,70,0,6
7/28/2021 8:00,19.1,58,0,4
7/28/2021 9:00,20.7,55,0,6
7/28/2021 10:00,20.5,44,0,6
7/28/2021 11:00,21.4,41,0,6
7/28/2021 12:00,21.4,41,0,5
7/28/2021 13:00,23,41,0,5
7/28/2021 14:00,23.4,38,0,7
7/28/2021 15:00,22.2,41,0,6
7/28/2021 16:00,22.9,42,0,3
7/28/2021 17:00,23.7,42,0,4
7/28/2021 18:00,22.2,48,0,5
7/28/2021 19:00,21.2,55,0,3
7/28/2021 20:00,19.8,61,0,2
7/28/2021 21:00,19.5,63,0,2
7/28/2021 22:00,19.1,67,0,2
7/28/2021 23:00,19.4,66,0,7
7/29/2021 0:00,18.6,69,0,2
7/29/2021 1:00,17.3,75,0,3
7/29/2021 2:00,16.6,76,0,3
7/29/2021 3:00,16.1,76,0,5
7/29/2021 4:00,15.9,79,0,6
7/29/2021 5:00,15.6,79,0,8
7/29/2021 6:00,15.7,76,0,7
7/29/2021 7:00,18.2,67,0,5
7/29/2021 8:00,19.6,63,0,5
7/29/2021 9:00,21,55,0,6
7/29/2021 10:00,21.1,57,0,4
7/29/2021 11:00,20.7,64,0,4
7/29/2021 12:00,18,78,0,5
7/29/2021 13:00,17.6,77,0.2,2
7/29/2021 14:00,17.7,79,0.3,4
7/29/2021 15:00,17.8,83,0.2,4
7/29/2021 16:00,18.1,83,0,4
7/29/2021 17:00,18.8,80,0.2,3
7/29/2021 18:00,18.7,80,0,2
7/29/2021 19:00,18.3,84,0,4
7/29/2021 20:00,18,85,0,8
7/29/2021 21:00,17.5,90,0,4
7/29/2021 22:00,17.4,91,0,7
7/29/2021 23:00,17.1,92,0,7
7/30/2021 0:00,17.1,91,0,6
7/30/2021 1:00,16.9,91,0,3
7/30/2021 2:00,16.6,90,0,1
7/30/2021 3:00,16.8,87,0,5
7/30/2021 4:00,16.7,86,0,7
7/30/2021 5:00,16.7,83,0,9
7/30/2021 6:00,16.4,81,0,11
7/30/2021 7:00,16.6,80,0,9
7/30/2021 8:00,17.4,68,0,12
7/30/2021 9:00,17,68,0,15
7/30/2021 10:00,17.3,61,0,12
7/30/2021 11:00,18.4,56,0,11
7/30/2021 12:00,17.5,62,0,12
7/30/2021 13:00,18.7,50,0,8
7/30/2021 14:00,17.7,48,0,12
7/30/2021 15:00,18.4,47,0,6
7/30/2021 16:00,18.1,44,0,12
7/30/2021 17:00,16.7,50,0,13
7/30/2021 18:00,16.6,51,0,13
7/30/2021 19:00,16.2,52,0,9
7/30/2021 20:00,15.8,55,0,8
7/30/2021 21:00,15.4,56,0,10
7/30/2021 22:00,14.8,59,0,5
7/30/2021 23:00,14.5,61,0,6
7/31/2021 0:00,14.4,63,0,6
7/31/2021 1:00,14,65,0,2
7/31/2021 2:00,13.5,68,0,2
7/31/2021 3:00,12.9,74,0,2
7/31/2021 4:00,12.4,80,0,2
7/31/2021 5:00,12.5,72,0,7
7/31/2021 6:00,12.9,72,0,6
7/31/2021 7:00,13.8,71,0,4
7/31/2021 8:00,15.7,63,0,6
7/31/2021 9:00,18.8,48,0,4
7/31/2021 10:00,20,40,0,6
7/31/2021 11:00,20.6,47,0,7
7/31/2021 12:00,21.2,46,0,6
7/31/2021 13:00,20.7,42,0,6
7/31/2021 14:00,22,41,0,6
7/31/2021 15:00,22.1,39,0,9
7/31/2021 16:00,22.3,41,0,7
7/31/2021 17:00,21.5,45,0,5
7/31/2021 18:00,20.6,47,0,5
7/31/2021 19:00,20.2,48,0,3
7/31/2021 20:00,18.9,54,0,2
7/31/2021 21:00,18.6,59,0,2
7/31/2021 22:00,18.3,61,0,5
7/31/2021 23:00,17.7,67,0,3
8/1/2021 0:00,17.2,68,0,3
8/1/2021 1:00,16.7,69,0,6
8/1/2021 2:00,16.3,72,0,7
8/1/2021 3:00,15.8,80,0,7
8/1/2021 4:00,15.4,82,0,3
8/1/2021 5:00,15.3,80,0,4
8/1/2021 6:00,16.9,75,0,5
8/1/2021 7:00,17.1,75,0.2,4
8/1/2021 8:00,17.6,73,0,4
8/1/2021 9:00,18,64,0,6
8/1/2021 10:00,18.6,60,0,3
8/1/2021 11:00,18.8,67,0,5
8/1/2021 12:00,19.2,62,0,9
8/1/2021 13:00,19.5,64,0,4
8/1/2021 14:00,18.7,68,0,4
8/1/2021 15:00,18.7,70,0,2
8/1/2021 16:00,19,64,0,4
8/1/2021 17:00,18.5,69,0,5
8/1/2021 18:00,18.5,71,0,2
8/1/2021 19:00,18.4,72,0,3
8/1/2021 20:00,18.2,76,0,4
8/1/2021 21:00,17.9,79,0,5
8/1/2021 22:00,17.7,77,0,7
8/1/2021 23:00,17.7,79,0,3
8/2/2021 0:00,17.4,81,0,7
8/2/2021 1:00,17.2,82,0,3
8/2/2021 2:00,17.1,84,0,3
8/2/2021 3:00,16.7,84,0,4
8/2/2021 4:00,15.8,85,0,6
8/2/2021 5:00,15.5,86,0,5
8/2/2021 6:00,16,77,0,10
8/2/2021 7:00,16.5,67,0,11
8/2/2021 8:00,17.5,62,0,12
8/2/2021 9:00,18.6,61,0,11
8/2/2021 10:00,20.4,58,0,12
8/2/2021 11:00,20.3,52,0,7
8/2/2021 12:00,21.9,48,0,7
8/2/2021 13:00,21,53,0,6
8/2/2021 14:00,22.3,44,0,7
8/2/2021 15:00,23.5,38,0,6
8/2/2021 16:00,22.5,36,0,7
8/2/2021 17:00,22.4,38,0,6
8/2/2021 18:00,22.1,39,0,3
8/2/2021 19:00,21,43,0,2
8/2/2021 20:00,19.5,51,0,1
8/2/2021 21:00,19.7,53,0,3
8/2/2021 22:00,19,60,0,5
8/2/2021 23:00,18.7,65,0,4
8/3/2021 0:00,17.8,67,0,5
8/3/2021 1:00,17,75,0,4
8/3/2021 2:00,16.8,77,0,5
8/3/2021 3:00,16.6,82,0,6
8/3/2021 4:00,16.2,86,0,7
8/3/2021 5:00,16.1,85,0,5
8/3/2021 6:00,17.1,79,0,9
8/3/2021 7:00,18.3,70,0,8
8/3/2021 8:00,19.5,65,0,11
8/3/2021 9:00,21,58,0,8
8/3/2021 10:00,22.3,57,0,11
8/3/2021 11:00,23.5,53,0,13
8/3/2021 12:00,24.4,48,0,12
8/3/2021 13:00,25.5,45,0,8
8/3/2021 14:00,25.4,46,0,13
8/3/2021 15:00,24.8,48,0,10
8/3/2021 16:00,25.3,48,0,8
8/3/2021 17:00,24.9,51,0,9
8/3/2021 18:00,24.1,54,0,6
8/3/2021 19:00,23.2,57,0,5
8/3/2021 20:00,22.6,60,0,5
8/3/2021 21:00,22.1,64,0,4
8/3/2021 22:00,21.3,69,0,4
8/3/2021 23:00,20.6,73,0,5
8/4/2021 0:00,20.6,68,0,5
8/4/2021 1:00,20.4,65,0,5
8/4/2021 2:00,19.6,68,0,4
8/4/2021 3:00,19.2,69,0,5
8/4/2021 4:00,18.6,72,0,5
8/4/2021 5:00,17.6,79,0,3
8/4/2021 6:00,18.4,75,0,5
8/4/2021 7:00,19.7,71,0,6
8/4/2021 8:00,21,66,0,5
8/4/2021 9:00,21.3,66,0,8
8/4/2021 10:00,22.8,61,0,8
8/4/2021 11:00,24.3,57,0,7
8/4/2021 12:00,25.9,52,0,6
8/4/2021 13:00,26,51,0,6
8/4/2021 14:00,25.8,47,0,5
8/4/2021 15:00,26.3,43,0,4
8/4/2021 16:00,26.2,43,0,6
8/4/2021 17:00,26.2,43,0,5
8/4/2021 18:00,24.8,51,0,3
8/4/2021 19:00,23,57,0,3
8/4/2021 20:00,22,60,0,3
8/4/2021 21:00,21.2,65,0,2
8/4/2021 22:00,21.4,62,0,3
8/4/2021 23:00,20.9,66,0,2
8/5/2021 0:00,20.5,70,0,2
8/5/2021 1:00,20.4,73,0,3
8/5/2021 2:00,20.2,73,0,4
8/5/2021 3:00,19.6,78,0,5
8/5/2021 4:00,18.7,76,0,3
8/5/2021 5:00,18.3,80,0,3
8/5/2021 6:00,19.7,77,0,0
8/5/2021 7:00,21.5,73,0,2
8/5/2021 8:00,22.7,66,0,5
8/5/2021 9:00,23.7,59,0,5
8/5/2021 10:00,26.5,47,0,6
8/5/2021 11:00,28.2,43,0,7
8/5/2021 12:00,27.2,44,0,5
8/5/2021 13:00,28.6,43,0,7
8/5/2021 14:00,29.1,44,0,8
8/5/2021 15:00,28.7,39,0,6
8/5/2021 16:00,29.2,40,0,5
8/5/2021 17:00,28,44,0,5
8/5/2021 18:00,26.7,48,0,2
8/5/2021 19:00,24.6,54,0,2
8/5/2021 20:00,23.5,60,0,2
8/5/2021 21:00,23,63,0,3
8/5/2021 22:00,22.6,65,0,2
8/5/2021 23:00,22.6,65,0,2
8/6/2021 0:00,23.1,62,0,5
8/6/2021 1:00,22.9,66,0,7
8/6/2021 2:00,21.6,75,0,9
8/6/2021 3:00,21,78,0,7
8/6/2021 4:00,20.6,78,0,9
8/6/2021 5:00,20.2,79,0,11
8/6/2021 6:00,20.4,76,0,10
8/6/2021 7:00,21.3,71,0,7
8/6/2021 8:00,22.6,64,0,6
8/6/2021 9:00,25.1,57,0,6
8/6/2021 10:00,25.8,53,0,9
8/6/2021 11:00,27.5,44,0,10
8/6/2021 12:00,28.9,36,0,8
8/6/2021 13:00,29.4,34,0,10
8/6/2021 14:00,29.6,31,0,9
8/6/2021 15:00,30.1,34,0,7
8/6/2021 16:00,29.8,33,0,7
8/6/2021 17:00,29.3,36,0,6
8/6/2021 18:00,28.2,41,0,4
8/6/2021 19:00,26.8,46,0,3
8/6/2021 20:00,24.2,56,0,1
8/6/2021 21:00,25.3,52,0,4
8/6/2021 22:00,24.2,56,0,4
8/6/2021 23:00,23.6,57,0,4
8/7/2021 0:00,23,62,0,5
8/7/2021 1:00,22,66,0,5
8/7/2021 2:00,22,66,0,6
8/7/2021 3:00,22,65,0,3
8/7/2021 4:00,22.2,63,0,3
8/7/2021 5:00,20.7,72,0,2
8/7/2021 6:00,21.1,72,0,1
8/7/2021 7:00,22.9,65,0,4
8/7/2021 8:00,25,57,0,4
8/7/2021 9:00,25.8,54,0,6
8/7/2021 10:00,26.1,56,0,10
8/7/2021 11:00,25.7,62,0,5
8/7/2021 12:00,27.1,58,0,9
8/7/2021 13:00,28.1,55,0,4
8/7/2021 14:00,28.2,54,0,4
8/7/2021 15:00,27.6,55,0,8
8/7/2021 16:00,26.8,57,0,4
8/7/2021 17:00,26.5,58,0,5
8/7/2021 18:00,26.1,60,0,2
8/7/2021 19:00,24.5,71,0,5
8/7/2021 20:00,24.1,75,0,5
8/7/2021 21:00,24,74,0,5
8/7/2021 22:00,22.8,82,0,7
8/7/2021 23:00,21.6,82,0,7
8/8/2021 0:00,20.8,79,0,8
8/8/2021 1:00,20.5,77,0,7
8/8/2021 2:00,19.9,77,0,5
8/8/2021 3:00,19.5,78,0,7
8/8/2021 4:00,19.3,80,0,6
8/8/2021 5:00,19,81,0,9
8/8/2021 6:00,19,75,0,9
8/8/2021 7:00,19.2,72,0,8
8/8/2021 8:00,20.3,69,0,9
8/8/2021 9:00,21.1,64,0,6
8/8/2021 10:00,22.9,59,0,7
8/8/2021 11:00,23.9,55,0,8
8/8/2021 12:00,25.3,52,0,9
8/8/2021 13:00,25.6,55,0,7
8/8/2021 14:00,26.9,52,0,8
8/8/2021 15:00,27.1,50,0,7
8/8/2021 16:00,26.7,52,0,7
8/8/2021 17:00,26.8,52,0,5
8/8/2021 18:00,25.8,58,0,5
8/8/2021 19:00,25.2,61,0,4
8/8/2021 20:00,24.7,62,0,4
8/8/2021 21:00,23.9,65,0,5
8/8/2021 22:00,23.5,68,0,6
8/8/2021 23:00,22.9,72,0,5
8/9/2021 0:00,22.1,75,0,4
8/9/2021 1:00,22,76,0,7
8/9/2021 2:00,21.2,79,0,3
8/9/2021 3:00,20.9,81,0,1
8/9/2021 4:00,21.6,82,0,3
8/9/2021 5:00,21.6,89,0,3
8/9/2021 6:00,22,90,0,3
8/9/2021 7:00,22.2,88,0,4
8/9/2021 8:00,22.6,87,0,6
8/9/2021 9:00,23.2,83,0,7
8/9/2021 10:00,24.5,75,0,4
8/9/2021 11:00,26.9,60,0,8
8/9/2021 12:00,29.1,49,0,7
8/9/2021 13:00,28.9,49,0,5
8/9/2021 14:00,30.6,45,0,7
8/9/2021 15:00,29.7,51,0,5
8/9/2021 16:00,30,53,0,4
8/9/2021 17:00,30,52,0,6
8/9/2021 18:00,28.7,56,0,2
8/9/2021 19:00,27.7,61,0,6
8/9/2021 20:00,26.2,64,0,1
8/9/2021 21:00,26.1,65,0,3
8/9/2021 22:00,25.7,68,0,5
8/9/2021 23:00,24.7,73,0,4
8/10/2021 0:00,24,75,0,6
8/10/2021 1:00,23.6,77,0,5
8/10/2021 2:00,23,79,0,5
8/10/2021 3:00,22.6,80,0,6
8/10/2021 4:00,22.2,81,0,5
8/10/2021 5:00,21.9,83,0,5
8/10/2021 6:00,22.7,81,0,5
8/10/2021 7:00,23.7,75,0,6
8/10/2021 8:00,25.8,68,0,6
8/10/2021 9:00,26.7,65,0,10
8/10/2021 10:00,28.6,59,0,8
8/10/2021 11:00,29.2,56,0,10
8/10/2021 12:00,29.4,56,0,10
8/10/2021 13:00,30.2,54,0,9
8/10/2021 14:00,30.4,53,0,9
8/10/2021 15:00,30.5,52,0,7
8/10/2021 16:00,31,52,0,7
8/10/2021 17:00,29.9,55,0,5
8/10/2021 18:00,28.6,60,0,6
8/10/2021 19:00,28.3,61,0,7
8/10/2021 20:00,27.6,64,0,7
8/10/2021 21:00,24,86,0,5
8/10/2021 22:00,23.9,89,0.2,4
8/10/2021 23:00,24,87,0,2
8/11/2021 0:00,24.7,84,0,3
8/11/2021 1:00,23,92,1.9,7
8/11/2021 2:00,22.9,93,0,5
8/11/2021 3:00,23.2,92,1.3,2
8/11/2021 4:00,22.9,93,0,6
8/11/2021 5:00,23,91,0,4
8/11/2021 6:00,23.1,92,0,6
8/11/2021 7:00,23.2,91,0,6
8/11/2021 8:00,22.9,94,0.9,6
8/11/2021 9:00,23.6,93,0,5
8/11/2021 10:00,25.4,86,0,7
8/11/2021 11:00,27.8,74,0,7
8/11/2021 12:00,29.2,66,0,10
8/11/2021 13:00,29.9,61,0,9
8/11/2021 14:00,31.2,53,0,7
8/11/2021 15:00,31.4,54,0,9
8/11/2021 16:00,31.1,54,0,10
8/11/2021 17:00,30.7,57,0,5
8/11/2021 18:00,29.3,64,0,4
8/11/2021 19:00,28.4,70,0,2
8/11/2021 20:00,27.5,73,0,3
8/11/2021 21:00,26.9,75,0,4
8/11/2021 22:00,27.2,69,0,6
8/11/2021 23:00,26.4,71,0,5
8/12/2021 0:00,25.7,75,0,5
8/12/2021 1:00,25.1,77,0,4
8/12/2021 2:00,24.8,78,0,6
8/12/2021 3:00,24.1,82,0,4
8/12/2021 4:00,24.6,80,0,6
8/12/2021 5:00,25.4,77,0,7
8/12/2021 6:00,25.9,75,0,5
8/12/2021 7:00,26.1,73,0,8
8/12/2021 8:00,26.2,68,0,12
8/12/2021 9:00,28.4,58,0,10
8/12/2021 10:00,28.7,60,0,10
8/12/2021 11:00,28.8,58,0,10
8/12/2021 12:00,28.6,62,0,4
8/12/2021 13:00,28.9,64,0,6
8/12/2021 14:00,29.1,59,0,8
8/12/2021 15:00,29.3,61,0,9
8/12/2021 16:00,29.1,61,0,9
8/12/2021 17:00,29,62,0,9
8/12/2021 18:00,28.2,64,0,7
8/12/2021 19:00,27.1,66,0,5
8/12/2021 20:00,26.8,70,0,2
8/12/2021 21:00,26,73,0,6
8/12/2021 22:00,25.3,77,0,6
8/12/2021 23:00,24.9,78,0,7
8/13/2021 0:00,24.2,82,0,6
8/13/2021 1:00,23.5,83,0,5
8/13/2021 2:00,23.1,86,0,4
8/13/2021 3:00,22.9,87,0,5
8/13/2021 4:00,22.9,88,0,8
8/13/2021 5:00,23,86,0,8
8/13/2021 6:00,23.5,83,0,5
8/13/2021 7:00,24.6,77,0,6
8/13/2021 8:00,26.5,68,0,8
8/13/2021 9:00,28.7,64,0,6
8/13/2021 10:00,29.2,62,0,8
8/13/2021 11:00,29.5,59,0,8
8/13/2021 12:00,29.9,59,0,7
8/13/2021 13:00,31.7,53,0,5
8/13/2021 14:00,31.5,50,0,9
8/13/2021 15:00,32.4,48,0,6
8/13/2021 16:00,31.1,54,0,6
8/13/2021 17:00,30.7,56,0,8
8/13/2021 18:00,29.2,61,0,5
8/13/2021 19:00,28,67,0,3
8/13/2021 20:00,27.6,70,0,4
8/13/2021 21:00,26.7,61,0,4
8/13/2021 22:00,25.3,69,0,7
8/13/2021 23:00,25.5,71,0,6
8/14/2021 0:00,24.9,71,0,3
8/14/2021 1:00,24.5,78,0,4
8/14/2021 2:00,24,84,0,4
8/14/2021 3:00,24.1,84,0,3
8/14/2021 4:00,23.6,83,0,3
8/14/2021 5:00,23.6,78,0,3
8/14/2021 6:00,22.9,79,0,3
8/14/2021 7:00,21.6,76,0,4
8/14/2021 8:00,22.2,70,0,3
8/14/2021 9:00,23.4,63,0,6
8/14/2021 10:00,24.9,53,0,8
8/14/2021 11:00,25.5,48,0,6
8/14/2021 12:00,26.4,41,0,8
8/14/2021 13:00,27.6,37,0,8
8/14/2021 14:00,26.4,35,0,8
8/14/2021 15:00,26.1,34,0,7
8/14/2021 16:00,25.7,35,0,6
8/14/2021 17:00,24.9,34,0,4
8/14/2021 18:00,23.2,40,0,3
8/14/2021 19:00,22.2,42,0,3
8/14/2021 20:00,21,46,0,3
8/14/2021 21:00,20.5,49,0,5
8/14/2021 22:00,19.5,53,0,5
8/14/2021 23:00,18.9,54,0,6
8/15/2021 0:00,18.1,58,0,6
8/15/2021 1:00,17.5,61,0,7
8/15/2021 2:00,16.7,63,0,5
8/15/2021 3:00,16.4,64,0,4
8/15/2021 4:00,15.7,65,0,7
8/15/2021 5:00,15.3,64,0,7
8/15/2021 6:00,15.4,63,0,7
8/15/2021 7:00,17.1,56,0,6
8/15/2021 8:00,18.5,48,0,9
8/15/2021 9:00,19.8,42,0,11
8/15/2021 10:00,20.9,37,0,11
8/15/2021 11:00,21.6,34,0,7
8/15/2021 12:00,22.4,34,0,9
8/15/2021 13:00,22.9,34,0,4
8/15/2021 14:00,23.4,35,0,8
8/15/2021 15:00,23.9,35,0,7
8/15/2021 16:00,23.5,35,0,7
8/15/2021 17:00,23.4,37,0,5
8/15/2021 18:00,22.2,41,0,5
8/15/2021 19:00,20.5,49,0,2
8/15/2021 20:00,19.4,55,0,3
8/15/2021 21:00,19.1,55,0,4
8/15/2021 22:00,18.5,59,0,4
8/15/2021 23:00,18,63,0,5
8/16/2021 0:00,18.9,61,0,5
8/16/2021 1:00,18.7,67,0,7
8/16/2021 2:00,18.2,68,0,7
8/16/2021 3:00,18.2,59,0,8
8/16/2021 4:00,16.1,67,0,2
8/16/2021 5:00,16.1,73,0,3
8/16/2021 6:00,17.6,62,0,1
8/16/2021 7:00,19.7,57,0,4
8/16/2021 8:00,21.1,45,0,6
8/16/2021 9:00,23.2,39,0,3
8/16/2021 10:00,23.9,37,0,6
8/16/2021 11:00,24.3,39,0,5
8/16/2021 12:00,25.1,38,0,8
8/16/2021 13:00,25.4,36,0,8
8/16/2021 14:00,25.9,35,0,7
8/16/2021 15:00,25.8,34,0,7
8/16/2021 16:00,25.9,34,0,5
8/16/2021 17:00,25.5,36,0,4
8/16/2021 18:00,23.9,42,0,2
8/16/2021 19:00,21.8,50,0,3
8/16/2021 20:00,21,57,0,1
8/16/2021 21:00,20.5,61,0,3
8/16/2021 22:00,19.9,63,0,3
8/16/2021 23:00,20.4,62,0,3
8/17/2021 0:00,19.9,65,0,2
8/17/2021 1:00,19.9,66,0,2
8/17/2021 2:00,20,70,0,3
8/17/2021 3:00,19,74,0,1
8/17/2021 4:00,18.5,77,0,3
8/17/2021 5:00,18.2,79,0.3,3
8/17/2021 6:00,18.5,78,0,1
8/17/2021 7:00,20.4,70,0.3,4
8/17/2021 8:00,21.3,66,0,6
8/17/2021 9:00,22.6,64,0,4
8/17/2021 10:00,23.4,65,0,5
8/17/2021 11:00,22.8,66,0,8
8/17/2021 12:00,23.3,65,0,5
8/17/2021 13:00,25.3,60,0,8
8/17/2021 14:00,24.9,63,0,6
8/17/2021 15:00,24,69,0,6
8/17/2021 16:00,22.9,75,0,9
8/17/2021 17:00,22.9,75,0,7
8/17/2021 18:00,21.6,87,0,5
8/17/2021 19:00,21.7,87,0,6
8/17/2021 20:00,21.7,88,0,5
8/17/2021 21:00,21.2,93,0,4
8/17/2021 22:00,21.5,91,0,5
8/17/2021 23:00,21.5,90,0,5
8/18/2021 0:00,21.5,90,0,5
8/18/2021 1:00,21.5,91,0,4
8/18/2021 2:00,21.4,91,0,3
8/18/2021 3:00,21.3,92,0,4
8/18/2021 4:00,21.4,91,0,2
8/18/2021 5:00,21.5,92,0,4
8/18/2021 6:00,21.7,92,0,2
8/18/2021 7:00,22.2,90,0,2
8/18/2021 8:00,23.7,84,0,4
8/18/2021 9:00,24.5,80,0,5
8/18/2021 10:00,26.7,69,0,5
8/18/2021 11:00,26.6,67,0,4
8/18/2021 12:00,28.9,60,0,5
8/18/2021 13:00,28.6,59,0,6
8/18/2021 14:00,29.5,56,0,8
8/18/2021 15:00,30.2,52,0,7
8/18/2021 16:00,29.4,56,0,4
8/18/2021 17:00,28.3,59,0,7
8/18/2021 18:00,27.5,62,0,6
8/18/2021 19:00,26.1,77,0,4
8/18/2021 20:00,25,82,0,6
8/18/2021 21:00,24.5,84,0,4
8/18/2021 22:00,23.5,86,0,4
8/18/2021 23:00,23.3,89,0,4
8/19/2021 0:00,23.4,89,0,3
8/19/2021 1:00,23.3,90,0,2
8/19/2021 2:00,23.7,88,0,6
8/19/2021 3:00,23.2,88,0,1
8/19/2021 4:00,22.2,93,0,3
8/19/2021 5:00,22.5,93,0,1
8/19/2021 6:00,22.7,91,0,2
8/19/2021 7:00,23.4,89,0,3
8/19/2021 8:00,23.2,88,0,2
8/19/2021 9:00,23.4,88,0,5
8/19/2021 10:00,23.7,86,0,4
8/19/2021 11:00,23.8,87,0,4
8/19/2021 12:00,24.6,86,0.2,3
8/19/2021 13:00,25.1,79,0,2
8/19/2021 14:00,25.5,77,0.2,4
8/19/2021 15:00,25.6,77,0,2
8/19/2021 16:00,24.9,81,0,3
8/19/2021 17:00,24.2,89,0.3,3
8/19/2021 18:00,23.6,90,0.5,6
8/19/2021 19:00,23.3,91,0,3
8/19/2021 20:00,23.1,93,0,1
8/19/2021 21:00,23.5,85,0,3
8/19/2021 22:00,23.7,86,0,2
8/19/2021 23:00,24.1,79,0,7
8/20/2021 0:00,23.7,87,0,7
8/20/2021 1:00,23.5,86,0,9
8/20/2021 2:00,23,89,0,8
8/20/2021 3:00,23.7,78,0,5
8/20/2021 4:00,22.2,82,0,3
8/20/2021 5:00,22.3,81,0,3
8/20/2021 6:00,22.6,79,0,3
8/20/2021 7:00,23.6,72,0,3
8/20/2021 8:00,24.5,71,0,5
8/20/2021 9:00,25.8,67,0,6
8/20/2021 10:00,26.8,62,0,7
8/20/2021 11:00,28.3,53,0,4
8/20/2021 12:00,30.5,47,0,5
8/20/2021 13:00,31.8,47,0,5
8/20/2021 14:00,33,46,0,6
8/20/2021 15:00,31.7,49,0,4
8/20/2021 16:00,31.9,46,0,7
8/20/2021 17:00,31.4,46,0,5
8/20/2021 18:00,29.9,56,0,2
8/20/2021 19:00,28.3,64,0,2
8/20/2021 20:00,27.5,70,0,4
8/20/2021 21:00,27.2,72,0,4
8/20/2021 22:00,27.1,72,0,1
8/20/2021 23:00,26.3,75,0,3
8/21/2021 0:00,25.6,78,0,3
8/21/2021 1:00,24.4,80,0,2
8/21/2021 2:00,24.7,78,0,4
8/21/2021 3:00,23.9,78,0,3
8/21/2021 4:00,24,77,0,5
8/21/2021 5:00,23.3,85,0,7
8/21/2021 6:00,23.1,87,0,7
8/21/2021 7:00,23.2,85,0,7
8/21/2021 8:00,25,77,0,7
8/21/2021 9:00,27.1,67,0,4
8/21/2021 10:00,28.1,63,0,3
8/21/2021 11:00,31.2,56,0,4
8/21/2021 12:00,33.3,51,0,5
8/21/2021 13:00,33.2,47,0,6
8/21/2021 14:00,34.5,41,0,9
8/21/2021 15:00,33.4,44,0,7
8/21/2021 16:00,33,43,0,5
8/21/2021 17:00,31.9,49,0,5
8/21/2021 18:00,31.1,51,0,7
8/21/2021 19:00,29.4,56,0,2
8/21/2021 20:00,28,67,0,5
8/21/2021 21:00,27.5,68,0,5
8/21/2021 22:00,26.7,66,0,5
8/21/2021 23:00,25.8,71,0,4
8/22/2021 0:00,25.2,78,0,4
8/22/2021 1:00,25.1,79,0,4
8/22/2021 2:00,24.6,81,0,4
8/22/2021 3:00,24.5,81,0,6
8/22/2021 4:00,24.1,83,0,5
8/22/2021 5:00,23.7,84,0,4
8/22/2021 6:00,24.2,81,0,4
8/22/2021 7:00,25.5,75,0,4
8/22/2021 8:00,25.5,76,0,3
8/22/2021 9:00,26.2,73,0,4
8/22/2021 10:00,29.5,64,0,5
8/22/2021 11:00,29.6,60,0,6
8/22/2021 12:00,30.4,58,0,8
8/22/2021 13:00,31.3,52,0,8
8/22/2021 14:00,33,47,0,9
8/22/2021 15:00,32,48,0,9
8/22/2021 16:00,31.5,47,0,6
8/22/2021 17:00,30.8,48,0,7
8/22/2021 18:00,29.2,52,0,6
8/22/2021 19:00,28.4,56,0,6
8/22/2021 20:00,26.7,64,0,8
8/22/2021 21:00,25.4,68,0,5
8/22/2021 22:00,25,68,0,5
8/22/2021 23:00,24.6,69,0,8
8/23/2021 0:00,24.5,71,0,7
8/23/2021 1:00,23.7,74,0,6
8/23/2021 2:00,23,77,0,5
8/23/2021 3:00,22.8,78,0,4
8/23/2021 4:00,22.3,81,0,5
8/23/2021 5:00,21.9,83,0,6
8/23/2021 6:00,22,83,0,5
8/23/2021 7:00,23.5,76,0,4
8/23/2021 8:00,24.7,72,0,7
8/23/2021 9:00,25.6,68,0,7
8/23/2021 10:00,26.5,62,0,6
8/23/2021 11:00,28.8,53,0,8
8/23/2021 12:00,29.1,50,0,6
8/23/2021 13:00,29.4,51,0,8
8/23/2021 14:00,29.2,53,0,6
8/23/2021 15:00,29.3,50,0,7
8/23/2021 16:00,29.6,53,0,9
8/23/2021 17:00,28.8,57,0,5
8/23/2021 18:00,28.2,56,0,5
8/23/2021 19:00,27.6,58,0,5
8/23/2021 20:00,26.8,61,0,4
8/23/2021 21:00,26.2,65,0,3
8/23/2021 22:00,25.9,68,0,4
8/23/2021 23:00,25.2,72,0,5
8/24/2021 0:00,24.2,76,0,3
8/24/2021 1:00,24.6,77,0,5
8/24/2021 2:00,24.5,77,0,5
8/24/2021 3:00,24,79,0,2
8/24/2021 4:00,22.9,83,0,1
8/24/2021 5:00,23,84,0,3
8/24/2021 6:00,23.9,79,0,5
8/24/2021 7:00,25.8,71,0,3
8/24/2021 8:00,25.6,72,0,6
8/24/2021 9:00,26.8,68,0,6
8/24/2021 10:00,28.8,58,0,6
8/24/2021 11:00,29.6,47,0,9
8/24/2021 12:00,31.3,41,0,8
8/24/2021 13:00,31.7,39,0,6
8/24/2021 14:00,31.4,38,0,7
8/24/2021 15:00,31.4,38,0,9
8/24/2021 16:00,31.7,41,0,6
8/24/2021 17:00,31.1,38,0,4
8/24/2021 18:00,29.8,37,0,4
8/24/2021 19:00,28.7,41,0,4
8/24/2021 20:00,27.4,50,0,2
8/24/2021 21:00,26.4,54,0,4
8/24/2021 22:00,25.9,57,0,5
8/24/2021 23:00,25,64,0,5
8/25/2021 0:00,24.2,74,0,10
8/25/2021 1:00,23.8,78,0,8
8/25/2021 2:00,23,82,0,7
8/25/2021 3:00,22.8,77,0,9
8/25/2021 4:00,22.5,75,0,9
8/25/2021 5:00,22.3,71,0,11
8/25/2021 6:00,22.8,71,0,3
8/25/2021 7:00,24.4,65,0,7
8/25/2021 8:00,25.9,60,0,5
8/25/2021 9:00,27.1,56,0,6
8/25/2021 10:00,28.7,53,0,9
8/25/2021 11:00,30.4,49,0,11
8/25/2021 12:00,31.1,48,0,5
8/25/2021 13:00,32.3,41,0,9
8/25/2021 14:00,31.1,41,0,6
8/25/2021 15:00,32.6,43,0,6
8/25/2021 16:00,31.9,46,0,5
8/25/2021 17:00,31.7,45,0,5
8/25/2021 18:00,29.8,52,0,3
8/25/2021 19:00,28.9,59,0,3
8/25/2021 20:00,28.5,61,0,1
8/25/2021 21:00,28.1,63,0,5
8/25/2021 22:00,27.6,66,0,5
8/25/2021 23:00,26.9,69,0,4
8/26/2021 0:00,26.3,73,0,5
8/26/2021 1:00,25.7,76,0,7
8/26/2021 2:00,25.3,77,0,5
8/26/2021 3:00,25.2,79,0,6
8/26/2021 4:00,24.8,81,0,6
8/26/2021 5:00,24.7,82,0,6
8/26/2021 6:00,24.9,81,0,5
8/26/2021 7:00,25.7,78,0,6
8/26/2021 8:00,26.9,73,0,7
8/26/2021 9:00,28.7,66,0,7
8/26/2021 10:00,28.3,65,0,6
8/26/2021 11:00,29.3,60,0,8
8/26/2021 12:00,30.7,51,0,7
8/26/2021 13:00,32.2,38,0,8
8/26/2021 14:00,32.2,36,0,9
8/26/2021 15:00,32.4,36,0,8
8/26/2021 16:00,32.1,31,0,6
8/26/2021 17:00,31.4,32,0,5
8/26/2021 18:00,29.8,38,0,4
8/26/2021 19:00,28.4,43,0,2
8/26/2021 20:00,26.3,51,0,2
8/26/2021 21:00,25.5,54,0,1
8/26/2021 22:00,26,48,0,3
8/26/2021 23:00,26,49,0,3
8/27/2021 0:00,24.6,53,0,9
8/27/2021 1:00,23.7,48,0,13
8/27/2021 2:00,22.9,48,0,8
8/27/2021 3:00,22.1,51,0,11
8/27/2021 4:00,20.8,57,0,10
8/27/2021 5:00,19.8,60,0,12
8/27/2021 6:00,19.1,65,0,6
8/27/2021 7:00,18.6,62,0,9
8/27/2021 8:00,18.6,60,0,11
8/27/2021 9:00,19.4,53,0,9
8/27/2021 10:00,20.4,49,0,9
8/27/2021 11:00,20.2,49,0,11
8/27/2021 12:00,21.3,44,0,13
8/27/2021 13:00,21.7,42,0,9
8/27/2021 14:00,22.4,40,0,8
8/27/2021 15:00,22.9,41,0,9
8/27/2021 16:00,22.5,41,0,9
8/27/2021 17:00,22.2,44,0,7
8/27/2021 18:00,21.5,44,0,5
8/27/2021 19:00,21,46,0,7
8/27/2021 20:00,20.6,48,0,4
8/27/2021 21:00,20.5,48,0,5
8/27/2021 22:00,19.9,51,0,1
8/27/2021 23:00,20.1,50,0,6
8/28/2021 0:00,19.2,46,0,6
8/28/2021 1:00,18.1,50,0,7
8/28/2021 2:00,17.3,56,0,9
8/28/2021 3:00,16.8,58,0,5
8/28/2021 4:00,17,60,0,5
8/28/2021 5:00,16.7,64,0,5
8/28/2021 6:00,16.6,66,0,4
8/28/2021 7:00,16.3,70,0,5
8/28/2021 8:00,16.9,64,0,5
8/28/2021 9:00,17.4,64,0,6
8/28/2021 10:00,16.3,70,0,7
8/28/2021 11:00,16.8,73,0,6
8/28/2021 12:00,17.5,71,0,5
8/28/2021 13:00,19.4,64,0,6
8/28/2021 14:00,19.7,65,0,4
8/28/2021 15:00,18.3,78,0.6,5
8/28/2021 16:00,17.6,85,0.4,6
8/28/2021 17:00,17.7,87,0,4
8/28/2021 18:00,17.8,84,0,6
8/28/2021 19:00,17.9,83,0,5
8/28/2021 20:00,17.6,83,0,4
8/28/2021 21:00,17.5,82,0,5
8/28/2021 22:00,17.3,82,0,4
8/28/2021 23:00,17.4,80,0,5
8/29/2021 0:00,17.1,84,0,3
8/29/2021 1:00,17.3,82,0,4
8/29/2021 2:00,17.4,85,0,4
8/29/2021 3:00,17.2,89,0,0
8/29/2021 4:00,16.9,93,0.2,2
8/29/2021 5:00,16.6,95,0.2,5
8/29/2021 6:00,16.9,96,0.2,2
8/29/2021 7:00,16.4,96,0,5
8/29/2021 8:00,17.3,97,0,2
8/29/2021 9:00,19.7,92,0,4
8/29/2021 10:00,21.2,85,0,5
8/29/2021 11:00,21.2,83,0,4
8/29/2021 12:00,21.4,84,0,2
8/29/2021 13:00,21.6,85,0,2
8/29/2021 14:00,21.4,91,2.5,8
8/29/2021 15:00,21.5,88,0,7
8/29/2021 16:00,22.2,85,0,8
8/29/2021 17:00,21.4,92,0,5
8/29/2021 18:00,21.5,91,0,6
8/29/2021 19:00,21.3,90,0,6
8/29/2021 20:00,21.3,90,0,7
8/29/2021 21:00,21.1,91,0,6
8/29/2021 22:00,20.9,92,0,6
8/29/2021 23:00,20.9,92,0,6
8/30/2021 0:00,21,91,0,5
8/30/2021 1:00,21.1,91,0,5
8/30/2021 2:00,21.3,91,0,7
8/30/2021 3:00,21.6,90,0,7
8/30/2021 4:00,21.5,91,0,6
8/30/2021 5:00,21.4,95,5.6,3
8/30/2021 6:00,21.4,95,0,6
8/30/2021 7:00,21.4,95,4.2,7
8/30/2021 8:00,22.4,94,0.5,7
8/30/2021 9:00,23.2,91,0.2,5
8/30/2021 10:00,25.7,75,0,5
8/30/2021 11:00,27.3,57,0,6
8/30/2021 12:00,28.2,44,0,8
8/30/2021 13:00,27.6,44,0,8
8/30/2021 14:00,28.8,39,0,6
8/30/2021 15:00,28.4,35,0,10
8/30/2021 16:00,27.7,39,0,8
8/30/2021 17:00,27,41,0,7
8/30/2021 18:00,25.7,45,0,4
8/30/2021 19:00,23.7,54,0,2
8/30/2021 20:00,22.8,59,0,2
8/30/2021 21:00,22.6,64,0,3
8/30/2021 22:00,22.8,66,0,5
8/30/2021 23:00,22.2,72,0,5
8/31/2021 0:00,21.7,69,0,5
8/31/2021 1:00,20.9,70,0,6
8/31/2021 2:00,20.3,72,0,6
8/31/2021 3:00,19.7,75,0,6
8/31/2021 4:00,19.3,78,0,5
8/31/2021 5:00,18.6,79,0,9
8/31/2021 6:00,18.3,80,0,7
8/31/2021 7:00,19.5,76,0,7
8/31/2021 8:00,21.2,70,0,5
8/31/2021 9:00,22.2,63,0,8
8/31/2021 10:00,23.4,55,0,7
8/31/2021 11:00,22.8,55,0,7
8/31/2021 12:00,24.9,45,0,8
8/31/2021 13:00,25.2,44,0,7
8/31/2021 14:00,24.8,43,0,6
8/31/2021 15:00,25.6,38,0,5
8/31/2021 16:00,25,39,0,9
8/31/2021 17:00,24.7,38,0,3
8/31/2021 18:00,23.3,40,0,3
8/31/2021 19:00,22.6,43,0,2
8/31/2021 20:00,21.8,48,0,1
8/31/2021 21:00,20.8,52,0,3
8/31/2021 22:00,19.6,58,0,1
8/31/2021 23:00,19.7,55,0,8
9/1/2021 0:00,17.6,63,0,3
9/1/2021 1:00,17.8,60,0,7
9/1/2021 2:00,16.8,61,0,4
9/1/2021 3:00,16.3,60,0,3
9/1/2021 4:00,16,61,0,4
9/1/2021 5:00,15,68,0,3
9/1/2021 6:00,16,65,0,3
9/1/2021 7:00,16.8,61,0,6
9/1/2021 8:00,17.2,57,0,8
9/1/2021 9:00,18.7,55,0,7
9/1/2021 10:00,19,50,0,9
9/1/2021 11:00,20.6,45,0,9
9/1/2021 12:00,21.6,42,0,6
9/1/2021 13:00,22.7,37,0,7
9/1/2021 14:00,22.8,36,0,5
9/1/2021 15:00,23,34,0,4
9/1/2021 16:00,22.5,35,0,4
9/1/2021 17:00,22.1,32,0,4
9/1/2021 18:00,21.3,33,0,5
9/1/2021 19:00,20,39,0,3
9/1/2021 20:00,18.9,44,0,4
9/1/2021 21:00,19.1,43,0,4
9/1/2021 22:00,19.3,39,0,8
9/1/2021 23:00,18.2,42,0,11
9/2/2021 0:00,16.5,52,0,9
9/2/2021 1:00,15.5,57,0,11
9/2/2021 2:00,14.9,59,0,11
9/2/2021 3:00,14,63,0,11
9/2/2021 4:00,13.3,66,0,12
9/2/2021 5:00,12.6,70,0,11
9/2/2021 6:00,12.4,72,0,13
9/2/2021 7:00,13,68,0,12
9/2/2021 8:00,14.7,61,0,11
9/2/2021 9:00,16.6,58,0,9
9/2/2021 10:00,17.8,53,0,11
9/2/2021 11:00,18.3,49,0,9
9/2/2021 12:00,18.4,49,0,10
9/2/2021 13:00,19.2,45,0,7
9/2/2021 14:00,19.1,48,0,6
9/2/2021 15:00,19.7,46,0,7
9/2/2021 16:00,19.4,48,0,9
9/2/2021 17:00,18.4,55,0,7
9/2/2021 18:00,17.9,59,0,10
9/2/2021 19:00,17,63,0,11
9/2/2021 20:00,16.1,68,0,7
9/2/2021 21:00,15.5,71,0,6
9/2/2021 22:00,15.1,73,0,4
9/2/2021 23:00,14.9,75,0,7
9/3/2021 0:00,14.8,77,0,7
9/3/2021 1:00,14.9,77,0,8
9/3/2021 2:00,14.3,82,0,8
9/3/2021 3:00,14.5,80,0,11
9/3/2021 4:00,14.2,81,0,9
9/3/2021 5:00,14.3,81,0,11
9/3/2021 6:00,14.6,80,0,8
9/3/2021 7:00,15.9,76,0,8
9/3/2021 8:00,16.9,71,0,7
9/3/2021 9:00,17.7,67,0,5
9/3/2021 10:00,18.7,63,0,8
9/3/2021 11:00,20.2,58,0,2
9/3/2021 12:00,20.5,57,0,5
9/3/2021 13:00,21.9,50,0,9
9/3/2021 14:00,23.6,47,0,4
9/3/2021 15:00,22.7,46,0,6
9/3/2021 16:00,21.8,55,0,8
9/3/2021 17:00,21.5,56,0,6
9/3/2021 18:00,21.1,55,0,4
9/3/2021 19:00,20.1,59,0,1
9/3/2021 20:00,19.8,60,0,4
9/3/2021 21:00,18.8,63,0,6
9/3/2021 22:00,18.1,66,0,4
9/3/2021 23:00,17.4,69,0,5
9/4/2021 0:00,16.8,71,0,8
9/4/2021 1:00,16.1,74,0,6
9/4/2021 2:00,15.7,75,0,10
9/4/2021 3:00,15.7,73,0,8
9/4/2021 4:00,15.9,70,0,4
9/4/2021 5:00,14.8,76,0,8
9/4/2021 6:00,15.5,73,0,3
9/4/2021 7:00,16.8,67,0,2
9/4/2021 8:00,17.7,60,0,3
9/4/2021 9:00,19.6,52,0,3
9/4/2021 10:00,20.8,44,0,4
9/4/2021 11:00,21.9,49,0,5
9/4/2021 12:00,22.8,39,0,5
9/4/2021 13:00,23.8,38,0,7
9/4/2021 14:00,24.1,35,0,9
9/4/2021 15:00,24.3,34,0,6
9/4/2021 16:00,23.9,39,0,7
9/4/2021 17:00,23,46,0,4
9/4/2021 18:00,21.4,52,0,3
9/4/2021 19:00,20.5,57,0,4
9/4/2021 20:00,19.6,62,0,2
9/4/2021 21:00,18.3,68,0,2
9/4/2021 22:00,18.6,67,0,4
9/4/2021 23:00,18.4,66,0,4
9/5/2021 0:00,18.5,66,0,4
9/5/2021 1:00,18.7,64,0,3
9/5/2021 2:00,17.9,72,0,5
9/5/2021 3:00,17.2,77,0,5
9/5/2021 4:00,17,82,0,5
9/5/2021 5:00,16.7,84,0,6
9/5/2021 6:00,16.7,86,0,4
9/5/2021 7:00,17.3,85,0,6
9/5/2021 8:00,17.6,84,0,4
9/5/2021 9:00,18.2,82,0,4
9/5/2021 10:00,19.5,74,0,4
9/5/2021 11:00,20.7,68,0,7
9/5/2021 12:00,21.9,62,0,6
9/5/2021 13:00,22.7,61,0,7
9/5/2021 14:00,21.1,72,0,1
9/5/2021 15:00,19.3,90,3.9,4
9/5/2021 16:00,18.3,93,4.2,2
9/5/2021 17:00,18,93,0.7,5
9/5/2021 18:00,18,94,0,5
9/5/2021 19:00,17.9,94,0,4
9/5/2021 20:00,17.9,94,0.6,6
9/5/2021 21:00,16.7,92,0.2,4
9/5/2021 22:00,17.3,89,0,4
9/5/2021 23:00,18.1,93,0,4
9/6/2021 0:00,18.5,91,0,6
9/6/2021 1:00,17.7,94,0,3
9/6/2021 2:00,17.8,94,0,4
9/6/2021 3:00,17.6,93,0,5
9/6/2021 4:00,17.1,90,0,4
9/6/2021 5:00,16.8,90,0,3
9/6/2021 6:00,17.4,89,0,5
9/6/2021 7:00,17.1,86,0,4
9/6/2021 8:00,17.2,85,0,4
9/6/2021 9:00,18.3,83,0,4
9/6/2021 10:00,19.6,78,0,5
9/6/2021 11:00,20,74,0,3
9/6/2021 12:00,16.5,83,3.6,3
9/6/2021 13:00,15.8,90,0.5,9
9/6/2021 14:00,17.1,85,0.2,5
9/6/2021 15:00,18,79,0,8
9/6/2021 16:00,17.6,76,0,4
9/6/2021 17:00,17.7,75,0,4
9/6/2021 18:00,17.4,78,0,4
9/6/2021 19:00,17,80,0,6
9/6/2021 20:00,17,81,0,6
9/6/2021 21:00,16.4,83,0,5
9/6/2021 22:00,16.3,79,0,3
9/6/2021 23:00,15.8,81,0,4
9/7/2021 0:00,15.3,83,0,5
9/7/2021 1:00,15,84,0,4
9/7/2021 2:00,14.7,87,0,4
9/7/2021 3:00,14.5,88,0,4
9/7/2021 4:00,14.2,89,0,6
9/7/2021 5:00,14,90,0,4
9/7/2021 6:00,13.9,90,0,4
9/7/2021 7:00,15.3,83,0,5
9/7/2021 8:00,16.7,76,0,7
9/7/2021 9:00,17.8,69,0,7
9/7/2021 10:00,17.7,67,0,8
9/7/2021 11:00,19.5,59,0,5
9/7/2021 12:00,20.1,53,0,8
9/7/2021 13:00,20.1,52,0,4
9/7/2021 14:00,21.3,49,0,8
9/7/2021 15:00,22.1,45,0,6
9/7/2021 16:00,21.4,51,0,2
9/7/2021 17:00,21.1,51,0,4
9/7/2021 18:00,18.5,67,0,3
9/7/2021 19:00,17.8,69,0,4
9/7/2021 20:00,17.7,71,0,3
9/7/2021 21:00,18,72,0,3
9/7/2021 22:00,17.4,74,0,3
9/7/2021 23:00,17.9,69,0,3
9/8/2021 0:00,17.7,72,0,6
9/8/2021 1:00,16.9,84,0,5
9/8/2021 2:00,17.2,86,0,6
9/8/2021 3:00,17.8,83,0,6
9/8/2021 4:00,17.6,82,0,6
9/8/2021 5:00,17.5,85,0,6
9/8/2021 6:00,17.5,83,0,7
9/8/2021 7:00,18.5,81,0,7
9/8/2021 8:00,18.8,78,0,4
9/8/2021 9:00,17.8,85,0,3
9/8/2021 10:00,18,89,0,3
9/8/2021 11:00,18.7,88,0.2,6
9/8/2021 12:00,19.4,86,0.2,4
9/8/2021 13:00,20.4,81,0.2,5
9/8/2021 14:00,20.3,85,0,4
9/8/2021 15:00,20.2,84,0,4
9/8/2021 16:00,20.7,81,0,4
9/8/2021 17:00,20.1,71,0,5
9/8/2021 18:00,19.9,74,0,5
9/8/2021 19:00,18.7,82,0,5
9/8/2021 20:00,18.1,90,0,6
9/8/2021 21:00,18.1,92,0,4
9/8/2021 22:00,17.9,91,0,5
9/8/2021 23:00,17.5,93,0,5
9/9/2021 0:00,17.4,91,0,6
9/9/2021 1:00,17.1,91,0,6
9/9/2021 2:00,16.3,93,0,3
9/9/2021 3:00,15.9,93,0,3
9/9/2021 4:00,15.8,91,0,4
9/9/2021 5:00,15.9,89,0,2
9/9/2021 6:00,17.4,81,0,3
9/9/2021 7:00,17.7,81,0,4
9/9/2021 8:00,19.4,75,0,6
9/9/2021 9:00,20.5,70,0,4
9/9/2021 10:00,22.2,63,0,7
9/9/2021 11:00,21,69,0,6
9/9/2021 12:00,22.6,66,0,5
9/9/2021 13:00,21.5,73,0,8
9/9/2021 14:00,21.4,67,0,7
9/9/2021 15:00,22.4,57,0,6
9/9/2021 16:00,20.5,70,0,6
9/9/2021 17:00,20.1,70,0,6
9/9/2021 18:00,20.4,68,0,4
9/9/2021 19:00,19.4,72,0,3
9/9/2021 20:00,19.9,69,0,5
9/9/2021 21:00,18,78,0,10
9/9/2021 22:00,17.2,87,2.7,6
9/9/2021 23:00,17.1,88,4.1,6
9/10/2021 0:00,16.6,87,0,7
9/10/2021 1:00,16,85,0,9
9/10/2021 2:00,15.4,88,1.3,7
9/10/2021 3:00,15.5,87,0,5
9/10/2021 4:00,15.2,85,0,8
9/10/2021 5:00,14.7,84,0,7
9/10/2021 6:00,14.8,82,0,8
9/10/2021 7:00,15.1,82,0,9
9/10/2021 8:00,15.6,75,0,10
9/10/2021 9:00,16,72,0,9
9/10/2021 10:00,15.9,69,0,7
9/10/2021 11:00,16.8,67,0,12
9/10/2021 12:00,17.6,57,0,7
9/10/2021 13:00,18.1,52,0,9
9/10/2021 14:00,19.3,51,0,6
9/10/2021 15:00,19.3,50,0,6
9/10/2021 16:00,19.2,44,0,8
9/10/2021 17:00,18.9,43,0,6
9/10/2021 18:00,18.1,45,0,3
9/10/2021 19:00,16.9,51,0,1
9/10/2021 20:00,16.3,54,0,2
9/10/2021 21:00,16.2,56,0,3
9/10/2021 22:00,15.8,57,0,3
9/10/2021 23:00,15.2,62,0,2
9/11/2021 0:00,15,65,0,3
9/11/2021 1:00,15.1,66,0,4
9/11/2021 2:00,15.2,65,0,2
9/11/2021 3:00,15,73,0,3
9/11/2021 4:00,15.2,75,0,9
9/11/2021 5:00,15.3,73,0,5
9/11/2021 6:00,15.4,77,0,2
9/11/2021 7:00,15.8,71,0,6
9/11/2021 8:00,17.2,71,0,9
9/11/2021 9:00,17.8,70,0,11
9/11/2021 10:00,19.6,63,0,9
9/11/2021 11:00,20.9,61,0,8
9/11/2021 12:00,21.8,53,0,7
9/11/2021 13:00,21.5,48,0,9
9/11/2021 14:00,21.1,51,0,6
9/11/2021 15:00,21.6,52,0,8
9/11/2021 16:00,22.1,49,0,7
9/11/2021 17:00,21.7,53,0,7
9/11/2021 18:00,20.9,61,0,5
9/11/2021 19:00,20,65,0,5
9/11/2021 20:00,19.7,63,0,8
9/11/2021 21:00,19.3,63,0,6
9/11/2021 22:00,19,63,0,6
9/11/2021 23:00,19.4,60,0,7
9/12/2021 0:00,18.8,64,0,8
9/12/2021 1:00,18.8,65,0,8
9/12/2021 2:00,18.8,67,0,6
9/12/2021 3:00,19.1,67,0,5
9/12/2021 4:00,18.8,75,0,5
9/12/2021 5:00,18.4,87,0.2,6
9/12/2021 6:00,19.2,80,0,8
9/12/2021 7:00,20.3,77,0,6
9/12/2021 8:00,20.9,75,0,4
9/12/2021 9:00,21.3,70,0,6
9/12/2021 10:00,21.9,59,0,7
9/12/2021 11:00,22.4,56,0,7
9/12/2021 12:00,23.4,40,0,7
9/12/2021 13:00,22.9,41,0,6
9/12/2021 14:00,23.4,40,0,7
9/12/2021 15:00,23.3,42,0,6
9/12/2021 16:00,22.6,45,0,6
9/12/2021 17:00,21.6,48,0,4
9/12/2021 18:00,20.8,51,0,4
9/12/2021 19:00,19.5,56,0,3
9/12/2021 20:00,19.3,58,0,2
9/12/2021 21:00,18.2,57,0,3
9/12/2021 22:00,17.5,57,0,3
9/12/2021 23:00,16.6,60,0,4
9/13/2021 0:00,17.1,59,0,4
9/13/2021 1:00,17.3,61,0,4
9/13/2021 2:00,17,62,0,4
9/13/2021 3:00,16.6,63,0,3
9/13/2021 4:00,16.7,70,0,6
9/13/2021 5:00,16.3,65,0,6
9/13/2021 6:00,16.2,63,0,5
9/13/2021 7:00,16.1,66,0,9
9/13/2021 8:00,16.8,64,0,7
9/13/2021 9:00,17.7,59,0,8
9/13/2021 10:00,18.4,56,0,9
9/13/2021 11:00,19.6,43,0,11
9/13/2021 12:00,20.9,42,0,13
9/13/2021 13:00,20.1,45,0,9
9/13/2021 14:00,20.1,46,0,13
9/13/2021 15:00,20.2,45,0,9
9/13/2021 16:00,20.2,44,0,9
9/13/2021 17:00,19,46,0,8
9/13/2021 18:00,17.6,49,0,6
9/13/2021 19:00,17.3,49,0,6
9/13/2021 20:00,16.1,54,0,4
9/13/2021 21:00,15.6,56,0,4
9/13/2021 22:00,15.5,60,0,5
9/13/2021 23:00,15.5,61,0,5
9/14/2021 0:00,15.2,64,0,5
9/14/2021 1:00,15.3,64,0,2
9/14/2021 2:00,14.7,66,0,4
9/14/2021 3:00,13.6,71,0,5
9/14/2021 4:00,12.9,75,0,4
9/14/2021 5:00,12.7,77,0,7
9/14/2021 6:00,12.4,80,0,6
9/14/2021 7:00,13.6,68,0,7
9/14/2021 8:00,14.3,66,0,7
9/14/2021 9:00,15.7,62,0,5
9/14/2021 10:00,16.9,60,0,7
9/14/2021 11:00,19.2,56,0,5
9/14/2021 12:00,19.1,50,0,4
9/14/2021 13:00,21.4,47,0,6
9/14/2021 14:00,21.3,47,0,6
9/14/2021 15:00,21.1,47,0,9
9/14/2021 16:00,20.9,50,0,8
9/14/2021 17:00,20.7,52,0,6
9/14/2021 18:00,20.7,54,0,3
9/14/2021 19:00,20.8,57,0,4
9/14/2021 20:00,20.1,65,0,6
9/14/2021 21:00,20.1,71,0,7
9/14/2021 22:00,20.2,72,0,7
9/14/2021 23:00,20.5,74,0,7
9/15/2021 0:00,20.8,75,0,9
9/15/2021 1:00,20.9,77,0,9
9/15/2021 2:00,20.8,80,0,9
9/15/2021 3:00,20.7,83,0,8
9/15/2021 4:00,19.2,94,7.7,5
9/15/2021 5:00,18.9,96,0.3,5
9/15/2021 6:00,18.7,96,1.4,6
9/15/2021 7:00,19,94,0,6
9/15/2021 8:00,20.1,90,0,6
9/15/2021 9:00,20.9,87,0,5
9/15/2021 10:00,21,79,0,5
9/15/2021 11:00,21.4,70,0,5
9/15/2021 12:00,20.9,66,0,6
9/15/2021 13:00,20.8,70,0,5
9/15/2021 14:00,21.5,60,0,5
9/15/2021 15:00,20.9,59,0,6
9/15/2021 16:00,20.2,61,0,4
9/15/2021 17:00,19.3,59,0,4
9/15/2021 18:00,17.7,61,0,5
9/15/2021 19:00,16.9,63,0,4
9/15/2021 20:00,16.2,67,0,3
9/15/2021 21:00,16,67,0,5
9/15/2021 22:00,15.6,71,0,4
9/15/2021 23:00,15.5,72,0,4
9/16/2021 0:00,15.4,72,0,3
9/16/2021 1:00,15.1,76,0,3
9/16/2021 2:00,14.9,76,0,3
9/16/2021 3:00,14,79,0,2
9/16/2021 4:00,13.2,89,0,2
9/16/2021 5:00,13.3,88,0,0
9/16/2021 6:00,12.9,91,0,0
9/16/2021 7:00,16.2,77,0,2
9/16/2021 8:00,18.2,69,0,3
9/16/2021 9:00,,,,
9/16/2021 10:00,,,,
9/16/2021 11:00,,,,
9/16/2021 12:00,,,,
9/16/2021 13:00,,,,
9/16/2021 14:00,,,,
9/16/2021 15:00,,,,
9/16/2021 16:00,,,,
9/16/2021 17:00,21.4,44,0,3
9/16/2021 18:00,20.5,48,0,3
9/16/2021 19:00,17.8,62,0,1
9/16/2021 20:00,17.6,65,0,1
9/16/2021 21:00,17.1,67,0,2
9/16/2021 22:00,16.7,67,0,1
9/16/2021 23:00,17.3,66,0,2
9/17/2021 0:00,16.7,69,0,4
9/17/2021 1:00,15.8,76,0,2
9/17/2021 2:00,15.6,79,0,4
9/17/2021 3:00,15.3,83,0,5
9/17/2021 4:00,15,85,0,5
9/17/2021 5:00,14.8,88,0,4
9/17/2021 6:00,15.2,88,0,5
9/17/2021 7:00,17.7,77,0,3
9/17/2021 8:00,19.1,70,0,4
9/17/2021 9:00,21.1,70,0,6
9/17/2021 10:00,23.2,64,0,6
9/17/2021 11:00,24.9,60,0,6
9/17/2021 12:00,25.9,57,0,8
9/17/2021 13:00,26.6,54,0,7
9/17/2021 14:00,26,56,0,7
9/17/2021 15:00,27.4,58,0,4
9/17/2021 16:00,25.6,62,0,7
9/17/2021 17:00,24.1,69,0,6
9/17/2021 18:00,23.1,74,0,6
9/17/2021 19:00,22.2,76,0,6
9/17/2021 20:00,21.4,80,0,5
9/17/2021 21:00,21.3,80,0,4
9/17/2021 22:00,20.8,81,0,5
9/17/2021 23:00,20.3,83,0,5
9/18/2021 0:00,20.2,83,0,4
9/18/2021 1:00,19.6,84,0,6
9/18/2021 2:00,19.4,86,0,5
9/18/2021 3:00,19,87,0,5
9/18/2021 4:00,18.6,90,0,5
9/18/2021 5:00,19.2,88,0,4
9/18/2021 6:00,19.7,88,0,5
9/18/2021 7:00,20.2,87,0,3
9/18/2021 8:00,20.3,86,0,8
9/18/2021 9:00,19.2,70,0,11
9/18/2021 10:00,18.9,58,0,10
9/18/2021 11:00,20.1,58,0,6
9/18/2021 12:00,20.5,54,0,4
9/18/2021 13:00,21.6,38,0,9
9/18/2021 14:00,22.5,38,0,11
9/18/2021 15:00,22.9,35,0,10
9/18/2021 16:00,22.6,35,0,5
9/18/2021 17:00,21.9,35,0,4
9/18/2021 18:00,20.3,41,0,3
9/18/2021 19:00,19.3,46,0,5
9/18/2021 20:00,18.7,48,0,6
9/18/2021 21:00,18.2,50,0,9
9/18/2021 22:00,17.1,54,0,10
9/18/2021 23:00,15.8,59,0,8
9/19/2021 0:00,15,61,0,11
9/19/2021 1:00,14.2,64,0,12
9/19/2021 2:00,13.4,67,0,11
9/19/2021 3:00,13.1,67,0,10
9/19/2021 4:00,12.4,69,0,9
9/19/2021 5:00,11.7,71,0,8
9/19/2021 6:00,11.6,70,0,9
9/19/2021 7:00,12.5,65,0,9
9/19/2021 8:00,13.6,61,0,9
9/19/2021 9:00,14.8,58,0,11
9/19/2021 10:00,16.8,53,0,7
9/19/2021 11:00,17.4,48,0,10
9/19/2021 12:00,18.2,44,0,9
9/19/2021 13:00,18.9,40,0,6
9/19/2021 14:00,19.5,39,0,5
9/19/2021 15:00,20.9,34,0,6
9/19/2021 16:00,20.7,39,0,2
9/19/2021 17:00,18.3,45,0,5
9/19/2021 18:00,16.9,53,0,3
9/19/2021 19:00,16.6,53,0,5
9/19/2021 20:00,16.3,54,0,4
9/19/2021 21:00,16.5,49,0,3
9/19/2021 22:00,15,54,0,2
9/19/2021 23:00,14.5,60,0,1
9/20/2021 0:00,14,63,0,2
9/20/2021 1:00,13.9,62,0,3
9/20/2021 2:00,13.5,65,0,3
9/20/2021 3:00,12.2,70,0,1
9/20/2021 4:00,12.5,78,0,3
9/20/2021 5:00,12.2,82,0,4
9/20/2021 6:00,12,88,0,3
9/20/2021 7:00,13.9,84,0,4
9/20/2021 8:00,15.6,74,0,5
9/20/2021 9:00,16.7,67,0,7
9/20/2021 10:00,18.9,59,0,5
9/20/2021 11:00,21,52,0,5
9/20/2021 12:00,22.2,48,0,7
9/20/2021 13:00,23.5,45,0,5
9/20/2021 14:00,24,40,0,6
9/20/2021 15:00,24.4,39,0,5
9/20/2021 16:00,24.5,41,0,5
9/20/2021 17:00,22.6,44,0,5
9/20/2021 18:00,21.5,53,0,4
9/20/2021 19:00,20.7,57,0,2
9/20/2021 20:00,20.2,56,0,5
9/20/2021 21:00,19.1,61,0,3
9/20/2021 22:00,18.5,67,0,6
9/20/2021 23:00,17.9,72,0,5
9/21/2021 0:00,17.6,75,0,6
9/21/2021 1:00,17.4,77,0,6
9/21/2021 2:00,16.9,80,0,6
9/21/2021 3:00,16.5,84,0,6
9/21/2021 4:00,16.2,86,0,5
9/21/2021 5:00,16,88,0,6
9/21/2021 6:00,16,88,0,6
9/21/2021 7:00,17.5,80,0,6
9/21/2021 8:00,19.1,72,0,8
9/21/2021 9:00,20.7,66,0,10
9/21/2021 10:00,21.5,60,0,8
9/21/2021 11:00,21.6,57,0,9
9/21/2021 12:00,22.5,55,0,7
9/21/2021 13:00,21.9,57,0,7
9/21/2021 14:00,23.4,50,0,10
9/21/2021 15:00,23.3,51,0,7
9/21/2021 16:00,22.7,49,0,6
9/21/2021 17:00,22.4,50,0,5
9/21/2021 18:00,21.7,52,0,6
9/21/2021 19:00,20.7,55,0,5
9/21/2021 20:00,19.8,60,0,6
9/21/2021 21:00,19.2,64,0,5
9/21/2021 22:00,18.5,67,0,6
9/21/2021 23:00,18,72,0,7
9/22/2021 0:00,17.7,74,0,5
9/22/2021 1:00,17.8,74,0,5
9/22/2021 2:00,17.6,76,0,4
9/22/2021 3:00,17.7,77,0,6
9/22/2021 4:00,17.9,78,0,5
9/22/2021 5:00,18.1,79,0,5
9/22/2021 6:00,18.5,79,0,5
9/22/2021 7:00,18.8,79,0,6
9/22/2021 8:00,19.2,78,0,5
9/22/2021 9:00,19.9,77,0,5
9/22/2021 10:00,20.9,75,0,7
9/22/2021 11:00,23,69,0,5
9/22/2021 12:00,24,68,0,8
9/22/2021 13:00,23.9,68,0,8
9/22/2021 14:00,24.5,67,0,6
9/22/2021 15:00,24,70,0,6
9/22/2021 16:00,24.5,68,0,5
9/22/2021 17:00,24.6,68,0,6
9/22/2021 18:00,24.2,70,0,5
9/22/2021 19:00,23.7,71,0,4
9/22/2021 20:00,23.1,74,0,3
9/22/2021 21:00,22,81,0,5
9/22/2021 22:00,21.1,89,0,3
9/22/2021 23:00,22.1,80,0,5
9/23/2021 0:00,21.3,81,0.2,4
9/23/2021 1:00,21.4,79,0,5
9/23/2021 2:00,20.4,88,0.9,4
9/23/2021 3:00,20,93,1,2
9/23/2021 4:00,21,84,0,6
9/23/2021 5:00,21,81,0,6
9/23/2021 6:00,21.2,81,0,4
9/23/2021 7:00,21.3,83,0,3
9/23/2021 8:00,22.1,78,0,5
9/23/2021 9:00,24.1,67,0,5
9/23/2021 10:00,26.6,57,0,11
9/23/2021 11:00,26.2,57,0,11
9/23/2021 12:00,26.9,54,0,12
9/23/2021 13:00,28.4,50,0,9
9/23/2021 14:00,29.2,45,0,9
9/23/2021 15:00,28.3,47,0,7
9/23/2021 16:00,27.3,49,0,5
9/23/2021 17:00,26.5,54,0,6
9/23/2021 18:00,26,56,0,4
9/23/2021 19:00,25.1,61,0,5
9/23/2021 20:00,24.4,65,0,5
9/23/2021 21:00,22.9,73,0,4
9/23/2021 22:00,23,71,0,4
9/23/2021 23:00,21.8,79,0.4,2
9/24/2021 0:00,21.1,84,0.5,2
9/24/2021 1:00,21.2,84,1.6,5
9/24/2021 2:00,18.4,92,6.7,3
9/24/2021 3:00,18.1,96,9.6,6
9/24/2021 4:00,17.8,96,6.4,5
9/24/2021 5:00,15.7,93,5.7,3
9/24/2021 6:00,15.7,95,5.2,3
9/24/2021 7:00,15.5,91,0.7,5
9/24/2021 8:00,14.7,90,2.5,3
9/24/2021 9:00,15.8,83,0,4
9/24/2021 10:00,16.6,69,0,5
9/24/2021 11:00,18.8,57,0,6
9/24/2021 12:00,19.7,57,0,6
9/24/2021 13:00,20.9,49,0,7
9/24/2021 14:00,20.9,49,0,7
9/24/2021 15:00,20,47,0,4
9/24/2021 16:00,19.5,49,0,10
9/24/2021 17:00,17.6,57,0,5
9/24/2021 18:00,17.2,59,0,5
9/24/2021 19:00,17.2,60,0,8
9/24/2021 20:00,17.2,61,0,6
9/24/2021 21:00,17,63,0,6
9/24/2021 22:00,16.7,67,0,8
9/24/2021 23:00,16.6,67,0,7
9/25/2021 0:00,16.5,67,0,7
9/25/2021 1:00,16,69,0,4
9/25/2021 2:00,15.9,67,0,1
9/25/2021 3:00,14.4,76,0,3
9/25/2021 4:00,12.9,88,0,2
9/25/2021 5:00,12.6,89,0,1
9/25/2021 6:00,13.3,89,0,4
9/25/2021 7:00,15.3,80,0,2
9/25/2021 8:00,16.4,72,0,1
9/25/2021 9:00,17.8,64,0,4
9/25/2021 10:00,18.2,62,0,5
9/25/2021 11:00,19.7,56,0,4
9/25/2021 12:00,20.2,50,0,5
9/25/2021 13:00,21,47,0,7
9/25/2021 14:00,21.6,48,0,7
9/25/2021 15:00,21.2,47,0,6
9/25/2021 16:00,20.9,50,0,4
9/25/2021 17:00,20.2,51,0,7
9/25/2021 18:00,19.5,55,0,3
9/25/2021 19:00,19.1,61,0,5
9/25/2021 20:00,18,66,0,1
9/25/2021 21:00,17.8,67,0,3
9/25/2021 22:00,17.6,69,0,4
9/25/2021 23:00,17,74,0,4
9/26/2021 0:00,16.2,80,0,4
9/26/2021 1:00,15.6,82,0,3
9/26/2021 2:00,16.3,74,0,5
9/26/2021 3:00,16,77,0,5
9/26/2021 4:00,14.9,82,0,5
9/26/2021 5:00,14.2,84,0,6
9/26/2021 6:00,14,81,0,4
9/26/2021 7:00,14.1,77,0,4
9/26/2021 8:00,14.8,72,0,5
9/26/2021 9:00,15.5,66,0,7
9/26/2021 10:00,17.3,56,0,5
9/26/2021 11:00,18.3,51,0,4
9/26/2021 12:00,18.6,45,0,9
9/26/2021 13:00,18.6,46,0,6
9/26/2021 14:00,19.3,43,0,7
9/26/2021 15:00,18.2,50,0,8
9/26/2021 16:00,18.3,47,0,7
9/26/2021 17:00,17.1,51,0,5
9/26/2021 18:00,16.3,55,0,4
9/26/2021 19:00,15.7,57,0,4
9/26/2021 20:00,15.1,59,0,3
9/26/2021 21:00,13.2,71,0,1
9/26/2021 22:00,13.7,72,0,4
9/26/2021 23:00,14.1,68,0,4
9/27/2021 0:00,14.2,69,0,5
9/27/2021 1:00,13.2,82,0,7
9/27/2021 2:00,12.6,84,0,5
9/27/2021 3:00,13,78,0,6
9/27/2021 4:00,13.2,75,0,5
9/27/2021 5:00,13.3,74,0,4
9/27/2021 6:00,13.8,68,0,7
9/27/2021 7:00,14.1,70,0,6
9/27/2021 8:00,14.9,68,0,7
9/27/2021 9:00,15.2,70,0,5
9/27/2021 10:00,15.7,76,0,7
9/27/2021 11:00,16.8,73,0,6
9/27/2021 12:00,16.3,78,0,7
9/27/2021 13:00,15.5,88,0,6
9/27/2021 14:00,15.4,92,1,4
9/27/2021 15:00,15.6,91,0.2,5
9/27/2021 16:00,15.6,91,0,5
9/27/2021 17:00,15.6,90,0,6
9/27/2021 18:00,15.3,90,0,4
9/27/2021 19:00,14.9,91,0,4
9/27/2021 20:00,14.5,92,0,6
9/27/2021 21:00,14.5,92,0,9
9/27/2021 22:00,14.3,93,0,6
9/27/2021 23:00,14,90,0,8
9/28/2021 0:00,12.5,72,0,10
9/28/2021 1:00,11.3,74,0,7
9/28/2021 2:00,10.3,72,0,10
9/28/2021 3:00,10,70,0,7
9/28/2021 4:00,9.5,71,0,9
9/28/2021 5:00,9.1,72,0,7
9/28/2021 6:00,9.4,67,0,10
9/28/2021 7:00,9,71,0,9
9/28/2021 8:00,9.6,69,0,8
9/28/2021 9:00,10.6,64,0,8
9/28/2021 10:00,12.1,60,0,6
9/28/2021 11:00,12.9,55,0,6
9/28/2021 12:00,13.3,51,0,8
9/28/2021 13:00,14.4,49,0,7
9/28/2021 14:00,14.4,50,0,5
9/28/2021 15:00,14.8,49,0,7
9/28/2021 16:00,14.7,51,0,4
9/28/2021 17:00,13.5,60,0,4
9/28/2021 18:00,13.2,61,0,1
9/28/2021 19:00,13.4,54,0,5
9/28/2021 20:00,12.6,58,0,5
9/28/2021 21:00,12,59,0,5
9/28/2021 22:00,10.7,67,0,4
9/28/2021 23:00,12.6,56,0,6
9/29/2021 0:00,11.8,63,0,5
9/29/2021 1:00,10.8,74,0,4
9/29/2021 2:00,11,72,0,4
9/29/2021 3:00,10.7,72,0,3
9/29/2021 4:00,10.4,71,0,7
9/29/2021 5:00,10.2,70,0,7
9/29/2021 6:00,9.9,70,0,7
9/29/2021 7:00,10.4,68,0,5
9/29/2021 8:00,10.7,68,0,2
9/29/2021 9:00,11.5,66,0,5
9/29/2021 10:00,12.2,62,0,5
9/29/2021 11:00,12.2,64,0,6
9/29/2021 12:00,12.5,60,0,4
9/29/2021 13:00,12.1,64,0,5
9/29/2021 14:00,12.2,64,0,6
9/29/2021 15:00,12.8,61,0,9
9/29/2021 16:00,12.9,64,0,7
9/29/2021 17:00,12.3,70,0,6
9/29/2021 18:00,11.7,72,0,4
9/29/2021 19:00,11.9,72,0,3
9/29/2021 20:00,11.2,77,0,4
9/29/2021 21:00,11.6,75,0,4
9/29/2021 22:00,11.3,78,0,5
9/29/2021 23:00,11.1,80,0,5
9/30/2021 0:00,10.6,78,0,6
9/30/2021 1:00,10,79,0,7
9/30/2021 2:00,9.3,81,0,7
9/30/2021 3:00,8.8,83,0,7
9/30/2021 4:00,8.4,84,0,7
9/30/2021 5:00,8.7,84,0,8
9/30/2021 6:00,8.4,84,0,8
9/30/2021 7:00,8.9,80,0,8
9/30/2021 8:00,10.6,73,0,7
9/30/2021 9:00,11.2,67,0,9
9/30/2021 10:00,12.3,62,0,8
9/30/2021 11:00,13.8,61,0,6
9/30/2021 12:00,15,51,0,8
9/30/2021 13:00,12.6,75,0,8
9/30/2021 14:00,16.3,47,0,11
9/30/2021 15:00,15.4,52,0,8
9/30/2021 16:00,15.5,50,0,6
9/30/2021 17:00,14.9,52,0,6
9/30/2021 18:00,14.4,54,0,3
9/30/2021 19:00,13.6,63,0,4
9/30/2021 20:00,13.5,61,0,2
9/30/2021 21:00,13.1,64,0,3
9/30/2021 22:00,12.5,68,0,2
9/30/2021 23:00,12.1,70,0,6
10/1/2021 0:00,11.6,71,0,9
10/1/2021 1:00,10.9,74,0,9
10/1/2021 2:00,10.7,74,0,9
10/1/2021 3:00,10.2,75,0,6
10/1/2021 4:00,9.7,79,0,3
10/1/2021 5:00,10.1,76,0,4
10/1/2021 6:00,10.5,76,0,4
10/1/2021 7:00,10.4,80,0,8
10/1/2021 8:00,10.3,79,0,8
10/1/2021 9:00,10.6,79,0,8
10/1/2021 10:00,12.3,71,0,8
10/1/2021 11:00,14,65,0,4
10/1/2021 12:00,14.5,68,0,6
10/1/2021 13:00,16.1,55,0,3
10/1/2021 14:00,15.8,47,0,5
10/1/2021 15:00,16,53,0,5
10/1/2021 16:00,15.9,50,0,2
10/1/2021 17:00,15.6,49,0,3
10/1/2021 18:00,15.1,54,0,2
10/1/2021 19:00,14.5,58,0,3
10/1/2021 20:00,14.4,59,0,4
10/1/2021 21:00,14.1,60,0,2
10/1/2021 22:00,13.9,60,0,1
10/1/2021 23:00,13.5,66,0,1
10/2/2021 0:00,12.5,74,0,2
10/2/2021 1:00,11.9,83,0,2
10/2/2021 2:00,11.7,89,0,2
10/2/2021 3:00,11.7,95,1.3,1
10/2/2021 4:00,11.6,95,0.9,0
10/2/2021 5:00,11.5,95,1.6,4
10/2/2021 6:00,11.1,96,2.3,3
10/2/2021 7:00,11.3,96,0.6,4
10/2/2021 8:00,11.5,96,0.6,5
10/2/2021 9:00,11.4,95,0.3,5
10/2/2021 10:00,11.2,95,0.3,3
10/2/2021 11:00,11.3,95,0.6,5
10/2/2021 12:00,11.4,96,1.2,5
10/2/2021 13:00,11.8,93,1.1,3
10/2/2021 14:00,12,92,0.3,4
10/2/2021 15:00,12.2,92,0.3,5
10/2/2021 16:00,12.2,94,0,7
10/2/2021 17:00,12.2,94,0,3
10/2/2021 18:00,12.3,93,0,4
10/2/2021 19:00,12.2,92,0,4
10/2/2021 20:00,12.3,92,0,8
10/2/2021 21:00,12.3,92,0,5
10/2/2021 22:00,12.4,89,0,6
10/2/2021 23:00,12.3,85,0,6
10/3/2021 0:00,12.1,83,0,6
10/3/2021 1:00,11.8,85,0,5
10/3/2021 2:00,11.6,85,0,4
10/3/2021 3:00,11.3,86,0,6
10/3/2021 4:00,10.9,87,0,8
10/3/2021 5:00,10.5,87,0,8
10/3/2021 6:00,10.4,88,0,6
10/3/2021 7:00,10.2,88,0,9
10/3/2021 8:00,10.6,85,0,10
10/3/2021 9:00,11.4,82,0,10
10/3/2021 10:00,12.1,79,0,8
10/3/2021 11:00,13.2,75,0,6
10/3/2021 12:00,14.2,69,0,7
10/3/2021 13:00,15,64,0,7
10/3/2021 14:00,15.9,61,0,7
10/3/2021 15:00,16.3,56,0,5
10/3/2021 16:00,16.4,58,0,6
10/3/2021 17:00,16,58,0,7
10/3/2021 18:00,15.4,60,0,6
10/3/2021 19:00,14.7,60,0,5
10/3/2021 20:00,13.9,62,0,5
10/3/2021 21:00,13.3,66,0,7
10/3/2021 22:00,11.7,74,0,10
10/3/2021 23:00,9.9,85,0,10
10/4/2021 0:00,9.1,86,0,13
10/4/2021 1:00,8.9,83,0,10
10/4/2021 2:00,8.8,83,0,13
10/4/2021 3:00,8.9,82,0,11
10/4/2021 4:00,8.4,82,0,10
10/4/2021 5:00,8.5,81,0,10
10/4/2021 6:00,8.2,80,0,10
10/4/2021 7:00,8.5,79,0,12
10/4/2021 8:00,9,79,0,9
10/4/2021 9:00,10,77,0,9
10/4/2021 10:00,11,75,0,9
10/4/2021 11:00,12.3,72,0,7
10/4/2021 12:00,13.7,71,0,7
10/4/2021 13:00,15,70,0,4
10/4/2021 14:00,15.9,68,0,6
10/4/2021 15:00,16.4,68,0,4
10/4/2021 16:00,16.8,68,0,4
10/4/2021 17:00,16.9,70,0,4
10/4/2021 18:00,16.7,72,0,3
10/4/2021 19:00,16.3,77,0,3
10/4/2021 20:00,15.7,77,0,2
10/4/2021 21:00,15.4,80,0,1
10/4/2021 22:00,15.1,77,0,3
10/4/2021 23:00,15,74,0,2
10/5/2021 0:00,14,81,0,4
10/5/2021 1:00,13.1,81,0,5
10/5/2021 2:00,12.6,81,0,9
10/5/2021 3:00,12.5,84,0,7
10/5/2021 4:00,12,82,0,7
10/5/2021 5:00,11.7,83,0,9
10/5/2021 6:00,11.7,84,0,9
10/5/2021 7:00,11.6,85,0,7
10/5/2021 8:00,11.9,83,0,9
10/5/2021 9:00,12.4,82,0,7
10/5/2021 10:00,13,78,0,6
10/5/2021 11:00,14.5,77,0,5
10/5/2021 12:00,15,73,0,7
10/5/2021 13:00,15.4,71,0,4
10/5/2021 14:00,15.7,70,0,6
10/5/2021 15:00,16,70,0,4
10/5/2021 16:00,16.7,68,0,1
10/5/2021 17:00,16.6,70,0,4
10/5/2021 18:00,14.8,80,0,2
10/5/2021 19:00,13.8,84,0,3
10/5/2021 20:00,13.6,87,0,3
10/5/2021 21:00,12.8,88,0,2
10/5/2021 22:00,12.8,90,0,3
10/5/2021 23:00,12.1,92,0,2
10/6/2021 0:00,11.7,95,0,1
10/6/2021 1:00,11.7,94,0,1
10/6/2021 2:00,11.7,96,0,2
10/6/2021 3:00,11.3,97,0,2
10/6/2021 4:00,10.9,95,0,2
10/6/2021 5:00,10.7,97,0,1
10/6/2021 6:00,11.8,96,0,4
10/6/2021 7:00,12,97,0,0
10/6/2021 8:00,14.9,80,0,2
10/6/2021 9:00,15.8,77,0,3
10/6/2021 10:00,17.2,71,0,4
10/6/2021 11:00,18.2,66,0,6
10/6/2021 12:00,19.9,60,0,5
10/6/2021 13:00,21,57,0,4
10/6/2021 14:00,20.4,51,0,3
10/6/2021 15:00,20.8,46,0,4
10/6/2021 16:00,20,53,0,2
10/6/2021 17:00,17.6,59,0,3
10/6/2021 18:00,16.4,59,0,4
10/6/2021 19:00,15.9,58,0,4
10/6/2021 20:00,15.3,67,0,3
10/6/2021 21:00,15.2,65,0,4
10/6/2021 22:00,15,66,0,3
10/6/2021 23:00,15.8,70,0,4
10/7/2021 0:00,14.3,80,0,2
10/7/2021 1:00,12.8,88,0,2
10/7/2021 2:00,11.8,89,0,1
10/7/2021 3:00,11.2,95,0,0
10/7/2021 4:00,11.2,96,0,2
10/7/2021 5:00,12,96,0,3
10/7/2021 6:00,11.9,94,0,6
10/7/2021 7:00,12.2,91,0,7
10/7/2021 8:00,14.9,78,0,3
10/7/2021 9:00,17.5,68,0,4
10/7/2021 10:00,19.1,64,0,5
10/7/2021 11:00,20.8,59,0,5
10/7/2021 12:00,21.4,47,0,6
10/7/2021 13:00,21.6,48,0,7
10/7/2021 14:00,20.9,49,0,5
10/7/2021 15:00,21.7,48,0,3
10/7/2021 16:00,20.9,52,0,3
10/7/2021 17:00,18.4,63,0,1
10/7/2021 18:00,18.2,65,0,2
10/7/2021 19:00,18.1,66,0,6
10/7/2021 20:00,17.6,69,0,5
10/7/2021 21:00,17,70,0,4
10/7/2021 22:00,17.1,70,0,6
10/7/2021 23:00,16.7,72,0,6
10/8/2021 0:00,16.4,75,0,6
10/8/2021 1:00,16,77,0,2
10/8/2021 2:00,13.6,87,0,1
10/8/2021 3:00,13.1,91,0,2
10/8/2021 4:00,12.4,90,0,1
10/8/2021 5:00,12.6,92,0,2
10/8/2021 6:00,12.1,90,0,1
10/8/2021 7:00,13.6,91,0,2
10/8/2021 8:00,15.7,77,0.2,3
10/8/2021 9:00,16.9,73,0,3
10/8/2021 10:00,17.8,63,0,4
10/8/2021 11:00,19.7,61,0,4
10/8/2021 12:00,19.8,56,0,5
10/8/2021 13:00,20.9,59,0,5
10/8/2021 14:00,21.9,52,0,6
10/8/2021 15:00,21.9,53,0,5
10/8/2021 16:00,20.9,58,0,7
10/8/2021 17:00,19.6,65,0,8
10/8/2021 18:00,18.5,71,0,6
10/8/2021 19:00,17.3,77,0,5
10/8/2021 20:00,16.3,76,0,8
10/8/2021 21:00,15.4,78,0,9
10/8/2021 22:00,14.3,80,0,9
10/8/2021 23:00,13.2,82,0,9
10/9/2021 0:00,12.3,82,0,9
10/9/2021 1:00,11.5,83,0,6
10/9/2021 2:00,10.8,87,0,4
10/9/2021 3:00,10.8,89,0,4
10/9/2021 4:00,10.5,89,0,3
10/9/2021 5:00,10.8,90,0,3
10/9/2021 6:00,11.2,90,0,1
10/9/2021 7:00,12.7,84,0,4
10/9/2021 8:00,14.8,75,0,8
10/9/2021 9:00,16.2,67,0,10
10/9/2021 10:00,17.7,62,0,11
10/9/2021 11:00,19,55,0,9
10/9/2021 12:00,19.5,54,0,11
10/9/2021 13:00,20,51,0,10
10/9/2021 14:00,20.8,49,0,8
10/9/2021 15:00,20.2,50,0,7
10/9/2021 16:00,18.5,55,0,9
10/9/2021 17:00,17.6,61,0,5
10/9/2021 18:00,16.6,63,0,7
10/9/2021 19:00,15.8,65,0,6
10/9/2021 20:00,15,68,0,6
10/9/2021 21:00,14.6,71,0,5
10/9/2021 22:00,14.3,73,0,8
10/9/2021 23:00,13.9,76,0,6
10/10/2021 0:00,13.5,77,0,6
10/10/2021 1:00,13.2,80,0,6
10/10/2021 2:00,13.2,81,0,5
10/10/2021 3:00,13.4,82,0,4
10/10/2021 4:00,13.2,83,0,5
10/10/2021 5:00,13.2,82,0,7
10/10/2021 6:00,13.4,82,0,6
10/10/2021 7:00,13.7,81,0,6
10/10/2021 8:00,14.1,79,0,8
10/10/2021 9:00,14.2,82,0,6
10/10/2021 10:00,14.4,84,0,6
10/10/2021 11:00,15,82,0,4
10/10/2021 12:00,15.6,76,0,7
10/10/2021 13:00,16.6,72,0,7
10/10/2021 14:00,18,64,0,6
10/10/2021 15:00,18.5,62,0,5
10/10/2021 16:00,18.4,63,0,7
10/10/2021 17:00,17.9,64,0,7
10/10/2021 18:00,17.3,67,0,5
10/10/2021 19:00,16.8,72,0,4
10/10/2021 20:00,16.8,72,0,3
10/10/2021 21:00,16.4,74,0,4
10/10/2021 22:00,16.3,76,0,5
10/10/2021 23:00,16.1,77,0,5
10/11/2021 0:00,16.3,77,0,4
10/11/2021 1:00,16.3,77,0,5
10/11/2021 2:00,16.2,78,0,5
10/11/2021 3:00,16.1,79,0,5
10/11/2021 4:00,15.9,80,0,4
10/11/2021 5:00,15.9,81,0,5
10/11/2021 6:00,15.7,83,0,4
10/11/2021 7:00,15.9,83,0,5
10/11/2021 8:00,16.1,82,0,6
10/11/2021 9:00,17,77,0,5
10/11/2021 10:00,18.4,72,0,5
10/11/2021 11:00,19.4,69,0,5
10/11/2021 12:00,20,66,0,4
10/11/2021 13:00,20.1,66,0,4
10/11/2021 14:00,20.6,64,0,3
10/11/2021 15:00,20.8,63,0,7
10/11/2021 16:00,20.4,63,0,7
10/11/2021 17:00,19.8,65,0,3
10/11/2021 18:00,19.1,68,0,4
10/11/2021 19:00,18.6,71,0,3
10/11/2021 20:00,18.5,72,0,3
10/11/2021 21:00,18,74,0,5
10/11/2021 22:00,17.4,78,0,6
10/11/2021 23:00,16.7,82,0,6
10/12/2021 0:00,16.3,85,0,6
10/12/2021 1:00,15.9,86,0,5
10/12/2021 2:00,15.4,89,0,3
10/12/2021 3:00,15.6,89,0,4
10/12/2021 4:00,15.1,89,0,4
10/12/2021 5:00,14.9,91,0,4
10/12/2021 6:00,15,90,0,6
10/12/2021 7:00,15.7,87,0,6
10/12/2021 8:00,16.2,84,0,5
10/12/2021 9:00,18.5,73,0,4
10/12/2021 10:00,20.7,66,0,5
10/12/2021 11:00,21.5,60,0,4
10/12/2021 12:00,22.7,59,0,5
10/12/2021 13:00,22.5,57,0,5
10/12/2021 14:00,23.4,56,0,6
10/12/2021 15:00,23.2,56,0,9
10/12/2021 16:00,22.5,54,0,3
10/12/2021 17:00,21.3,59,0,3
10/12/2021 18:00,20.5,65,0,2
10/12/2021 19:00,20.2,68,0,4
10/12/2021 20:00,19.6,72,0,3
10/12/2021 21:00,19.6,70,0,6
10/12/2021 22:00,18.6,72,0,6
10/12/2021 23:00,17.7,77,0,5
10/13/2021 0:00,16.8,82,0,3
10/13/2021 1:00,16.4,85,0,4
10/13/2021 2:00,16.2,87,0,4
10/13/2021 3:00,16,87,0,4
10/13/2021 4:00,15.1,91,0,3
10/13/2021 5:00,15,90,0,2
10/13/2021 6:00,15.4,88,0,3
10/13/2021 7:00,16,82,0,5
10/13/2021 8:00,16.7,81,0,4
10/13/2021 9:00,18.4,73,0.2,7
10/13/2021 10:00,20,66,0,4
10/13/2021 11:00,20.7,67,0,3
10/13/2021 12:00,20.9,67,0,4
10/13/2021 13:00,20.3,69,0,4
10/13/2021 14:00,19.8,74,0,4
10/13/2021 15:00,18.5,85,0,3
10/13/2021 16:00,18.5,87,0,2
10/13/2021 17:00,18.6,85,0,4
10/13/2021 18:00,18.5,85,0,3
10/13/2021 19:00,18,87,0,2
10/13/2021 20:00,18.4,85,0,2
10/13/2021 21:00,18.5,84,0,4
10/13/2021 22:00,18.5,82,0,1
10/13/2021 23:00,17.7,87,0,3
10/14/2021 0:00,17.7,90,0,1
10/14/2021 1:00,17.3,92,0,1
10/14/2021 2:00,18,90,0,3
10/14/2021 3:00,17.9,90,0,0
10/14/2021 4:00,17.7,92,0,2
10/14/2021 5:00,17.2,96,0,2
10/14/2021 6:00,17.5,93,0,3
10/14/2021 7:00,17.3,94,0,4
10/14/2021 8:00,17.1,96,0,3
10/14/2021 9:00,17.9,90,0,3
10/14/2021 10:00,17.8,91,0,4
10/14/2021 11:00,18.2,88,0,5
10/14/2021 12:00,18.5,87,0,6
10/14/2021 13:00,19.3,83,0,3
10/14/2021 14:00,19.9,81,0,4
10/14/2021 15:00,19.9,79,0,4
10/14/2021 16:00,19.7,80,0,1
10/14/2021 17:00,19.5,81,0,2
10/14/2021 18:00,18.9,81,0,1
10/14/2021 19:00,18.8,83,0,2
10/14/2021 20:00,18.8,85,0,0
10/14/2021 21:00,18.6,85,0,4
10/14/2021 22:00,18.3,88,0,3
10/14/2021 23:00,18.4,87,0,2
10/15/2021 0:00,18,90,0,4
10/15/2021 1:00,17.7,92,0,2
10/15/2021 2:00,17.2,92,0,3
10/15/2021 3:00,16.8,94,0,3
10/15/2021 4:00,16.4,94,0,4
10/15/2021 5:00,16.1,94,0,4
10/15/2021 6:00,15.7,96,0,3
10/15/2021 7:00,16,97,0.3,3
10/15/2021 8:00,16.8,94,0,1
10/15/2021 9:00,16.7,93,0,5
10/15/2021 10:00,16.2,94,0.3,5
10/15/2021 11:00,17,92,0,4
10/15/2021 12:00,19.1,83,0.2,1
10/15/2021 13:00,19.8,78,0,2
10/15/2021 14:00,20,78,0,3
10/15/2021 15:00,19.1,85,0,6
10/15/2021 16:00,18.8,85,0,5
10/15/2021 17:00,17.8,88,0,6
10/15/2021 18:00,17.5,90,0,5
10/15/2021 19:00,17.3,90,0,3
10/15/2021 20:00,17.2,91,0,4
10/15/2021 21:00,17.2,91,0,4
10/15/2021 22:00,17.1,92,0,2
10/15/2021 23:00,17.3,91,0,3
10/16/2021 0:00,17.5,91,0,1
10/16/2021 1:00,17.2,93,0,4
10/16/2021 2:00,16.5,96,0.3,5
10/16/2021 3:00,16.6,97,0.2,2
10/16/2021 4:00,17.1,95,0.2,2
10/16/2021 5:00,17.4,97,0,4
10/16/2021 6:00,18.3,97,0,6
10/16/2021 7:00,18.5,95,0,6
10/16/2021 8:00,18.8,95,0,6
10/16/2021 9:00,19.5,92,0,4
10/16/2021 10:00,20.1,90,0,8
10/16/2021 11:00,19.6,93,1.4,9
10/16/2021 12:00,19.4,95,3.8,7
10/16/2021 13:00,19.7,94,0.9,8
10/16/2021 14:00,19,95,4.7,10
10/16/2021 15:00,19.2,95,1.4,6
10/16/2021 16:00,18.3,92,1.7,6
10/16/2021 17:00,16.5,91,1.9,6
10/16/2021 18:00,15.9,92,1.3,12
10/16/2021 19:00,15.7,91,0,8
10/16/2021 20:00,15.4,86,0,11
10/16/2021 21:00,14.2,91,0,7
10/16/2021 22:00,13.6,87,0,6
10/16/2021 23:00,12.9,83,0,7
10/17/2021 0:00,12,82,0,7
10/17/2021 1:00,11.8,81,0,7
10/17/2021 2:00,11.3,82,0,5
10/17/2021 3:00,11.2,78,0,6
10/17/2021 4:00,10.8,78,0,5
10/17/2021 5:00,10.2,79,0,4
10/17/2021 6:00,9.5,82,0,6
10/17/2021 7:00,8.7,87,0,4
10/17/2021 8:00,9.9,80,0,4
10/17/2021 9:00,10.7,76,0,5
10/17/2021 10:00,11.3,72,0,4
10/17/2021 11:00,12,64,0,6
10/17/2021 12:00,13.2,60,0,4
10/17/2021 13:00,12.8,60,0,5
10/17/2021 14:00,13.1,58,0,4
10/17/2021 15:00,13.3,64,0,4
10/17/2021 16:00,10.2,84,2.1,4
10/17/2021 17:00,11.5,77,0,1
10/17/2021 18:00,11.1,73,0,1
10/17/2021 19:00,11,73,0,2
10/17/2021 20:00,10.5,78,0,1
10/17/2021 21:00,10.3,79,0,3
10/17/2021 22:00,9.8,80,0,5
10/17/2021 23:00,9.4,85,0,4
10/18/2021 0:00,9,85,0,3
10/18/2021 1:00,8.5,89,0.2,3
10/18/2021 2:00,8.4,88,0,3
10/18/2021 3:00,8.1,88,0.2,2
10/18/2021 4:00,7.9,91,0.5,2
10/18/2021 5:00,7.7,89,0,2
10/18/2021 6:00,7.7,88,0.2,4
10/18/2021 7:00,8,86,0,7
10/18/2021 8:00,8.3,80,0,9
10/18/2021 9:00,8.5,83,0,5
10/18/2021 10:00,8.6,82,0,5
10/18/2021 11:00,9.9,73,0,8
10/18/2021 12:00,10.3,65,0,9
10/18/2021 13:00,9.5,78,0.8,5
10/18/2021 14:00,9.8,70,0.2,4
10/18/2021 15:00,10.3,70,0,2
10/18/2021 16:00,10.4,65,0,3
10/18/2021 17:00,10.5,58,0,5
10/18/2021 18:00,9.5,63,0,3
10/18/2021 19:00,9.4,63,0,2
10/18/2021 20:00,9,68,0,3
10/18/2021 21:00,8.8,69,0,4
10/18/2021 22:00,8.2,71,0,4
10/18/2021 23:00,8,72,0,3
10/19/2021 0:00,7.3,82,0.2,3
10/19/2021 1:00,7,82,0,2
10/19/2021 2:00,6.7,80,0,3
10/19/2021 3:00,6.4,79,0,3
10/19/2021 4:00,6.7,76,0,3
10/19/2021 5:00,6.9,73,0,4
10/19/2021 6:00,6.9,72,0,5
10/19/2021 7:00,7,72,0,6
10/19/2021 8:00,6.8,74,0,6
10/19/2021 9:00,7.1,74,0,4
10/19/2021 10:00,7.2,73,0,7
10/19/2021 11:00,7.8,72,0,5
10/19/2021 12:00,8.7,68,0,7
10/19/2021 13:00,9.2,61,0,5
10/19/2021 14:00,9.9,61,0,4
10/19/2021 15:00,10.2,60,0,7
10/19/2021 16:00,10.1,62,0,3
10/19/2021 17:00,10.1,65,0,6
10/19/2021 18:00,10,64,0,3
10/19/2021 19:00,9.7,65,0,4
10/19/2021 20:00,11.1,58,0,6
10/19/2021 21:00,10.8,60,0,6
10/19/2021 22:00,11.1,58,0,5
10/19/2021 23:00,11.3,57,0,4
10/20/2021 0:00,11.8,56,0,4
10/20/2021 1:00,11.2,62,0,6
10/20/2021 2:00,10.3,66,0,7
10/20/2021 3:00,11.3,60,0,8
10/20/2021 4:00,10.8,62,0,8
10/20/2021 5:00,10.3,63,0,8
10/20/2021 6:00,9.4,67,0,4
10/20/2021 7:00,8.9,76,0,1
10/20/2021 8:00,10.8,64,0,4
10/20/2021 9:00,11.3,61,0,3
10/20/2021 10:00,13,53,0,3
10/20/2021 11:00,13.6,50,0,3
10/20/2021 12:00,15.2,48,0,4
10/20/2021 13:00,16.3,48,0,6
10/20/2021 14:00,17.2,48,0,4
10/20/2021 15:00,17.2,53,0,6
10/20/2021 16:00,17.5,56,0,7
10/20/2021 17:00,16.6,62,0,1
10/20/2021 18:00,15.6,70,0,2
10/20/2021 19:00,15.6,71,0,1
10/20/2021 20:00,14.9,70,0,5
10/20/2021 21:00,14.5,74,0,4
10/20/2021 22:00,13.6,82,0,3
10/20/2021 23:00,14.2,83,0,3
10/21/2021 0:00,13.9,84,0,3
10/21/2021 1:00,14.1,82,0,5
10/21/2021 2:00,14.1,83,0,4
10/21/2021 3:00,12.4,81,0,10
10/21/2021 4:00,12.1,80,0,3
10/21/2021 5:00,11.9,73,0,5
10/21/2021 6:00,11.5,72,0,5
10/21/2021 7:00,11.2,75,0,5
10/21/2021 8:00,10.8,75,0,7
10/21/2021 9:00,10.7,76,0,7
10/21/2021 10:00,9.9,85,0.5,7
10/21/2021 11:00,9.4,92,2.8,5
10/21/2021 12:00,9.3,93,1.4,4
10/21/2021 13:00,10,94,0,3
10/21/2021 14:00,10.5,95,0,3
10/21/2021 15:00,11,94,0,5
10/21/2021 16:00,11.4,93,0,3
10/21/2021 17:00,11.1,95,0,6
10/21/2021 18:00,11,96,0,4
10/21/2021 19:00,11.1,97,0,3
10/21/2021 20:00,11,97,0,0
10/21/2021 21:00,13.4,95,0,4
10/21/2021 22:00,13.1,95,0,2
10/21/2021 23:00,14.1,89,0,3
10/22/2021 0:00,14.2,89,0.2,4
10/22/2021 1:00,14.2,90,0,5
10/22/2021 2:00,13.6,93,3.2,2
10/22/2021 3:00,13.5,96,5.3,5
10/22/2021 4:00,13.5,97,2.2,4
10/22/2021 5:00,13.6,97,3.5,5
10/22/2021 6:00,13.6,96,1.8,5
10/22/2021 7:00,13,92,0.6,6
10/22/2021 8:00,10.4,89,0,8
10/22/2021 9:00,9.9,87,0,5
10/22/2021 10:00,8.4,82,0,7
10/22/2021 11:00,7.9,80,0,7
10/22/2021 12:00,7.6,78,0,6
10/22/2021 13:00,7.1,75,0,6
10/22/2021 14:00,7.1,74,0,3
10/22/2021 15:00,7.1,72,0,5
10/22/2021 16:00,7.1,71,0,4
10/22/2021 17:00,7,68,0,4
10/22/2021 18:00,6.8,66,0,3
10/22/2021 19:00,6.5,67,0,2
10/22/2021 20:00,6.2,71,0,4
10/22/2021 21:00,6,72,0,4
10/22/2021 22:00,5.7,70,0,3
10/22/2021 23:00,5.3,72,0,4
10/23/2021 0:00,5,68,0,3
10/23/2021 1:00,4.5,72,0,4
10/23/2021 2:00,3.9,73,0,5
10/23/2021 3:00,4.2,70,0,5
10/23/2021 4:00,3.8,74,0,8
10/23/2021 5:00,3.5,74,0,6
10/23/2021 6:00,3.1,74,0,8
10/23/2021 7:00,2.9,74,0,8
10/23/2021 8:00,3.2,75,0,7
10/23/2021 9:00,4.1,74,0,5
10/23/2021 10:00,5.1,69,0,5
10/23/2021 11:00,6.3,62,0,5
10/23/2021 12:00,6.5,57,0,5
10/23/2021 13:00,7.3,52,0,6
10/23/2021 14:00,7.3,57,0,5
10/23/2021 15:00,7,54,0,6
10/23/2021 16:00,6.7,58,0,3
10/23/2021 17:00,5.3,70,0,3
10/23/2021 18:00,6,63,0,2
10/23/2021 19:00,6,60,0,6
10/23/2021 20:00,5.6,59,0,5
10/23/2021 21:00,5.3,62,0,6
10/23/2021 22:00,4.9,64,0,4
10/23/2021 23:00,4.1,65,0,3
10/24/2021 0:00,4,64,0,3
10/24/2021 1:00,4.5,63,0,5
10/24/2021 2:00,4.9,59,0,3
10/24/2021 3:00,5.1,60,0,4
10/24/2021 4:00,5.5,66,0,4
10/24/2021 5:00,5.6,65,0,3
10/24/2021 6:00,5.6,67,0,3
10/24/2021 7:00,5.5,72,0,2
10/24/2021 8:00,6.2,70,0,3
10/24/2021 9:00,7.5,58,0,6
10/24/2021 10:00,9.1,48,0,7
10/24/2021 11:00,9.5,49,0,5
10/24/2021 12:00,10.8,46,0,9
10/24/2021 13:00,10.8,47,0,5
10/24/2021 14:00,11.6,48,0,5
10/24/2021 15:00,11.2,45,0,5
10/24/2021 16:00,10.4,50,0,3
10/24/2021 17:00,8.4,61,0,3
10/24/2021 18:00,7.8,65,0,2
10/24/2021 19:00,7.9,64,0,4
10/24/2021 20:00,7.6,67,0,3
10/24/2021 21:00,6.7,69,0,2
10/24/2021 22:00,7.6,64,0,3
10/24/2021 23:00,6.8,71,0,3
10/25/2021 0:00,6.9,73,0,3
10/25/2021 1:00,7.4,73,0,1
10/25/2021 2:00,5.8,78,0,3
10/25/2021 3:00,6.6,76,0,3
10/25/2021 4:00,5.9,75,0,9
10/25/2021 5:00,6.1,74,0,7
10/25/2021 6:00,5.6,76,0,9
10/25/2021 7:00,6.2,74,0,6
10/25/2021 8:00,6.4,73,0,4
10/25/2021 9:00,6.2,76,0,6
10/25/2021 10:00,6.8,73,0,5
10/25/2021 11:00,7,74,0,6
10/25/2021 12:00,6.8,79,0,6
10/25/2021 13:00,7.5,81,0,7
10/25/2021 14:00,7.5,80,0,8
10/25/2021 15:00,7.6,76,0,9
10/25/2021 16:00,7.5,76,0,9
10/25/2021 17:00,7.3,76,0,9
10/25/2021 18:00,7,78,0,8
10/25/2021 19:00,6.5,78,0,10
10/25/2021 20:00,6.3,79,0,11
10/25/2021 21:00,6.5,80,0,7
10/25/2021 22:00,6.6,81,0,7
10/25/2021 23:00,6.9,81,0,8
10/26/2021 0:00,7.2,80,0,8
10/26/2021 1:00,7.4,80,0,9
10/26/2021 2:00,7.6,80,0,8
10/26/2021 3:00,7.7,80,0,9
10/26/2021 4:00,7.8,81,0,9
10/26/2021 5:00,7.9,83,0,9
10/26/2021 6:00,7.9,79,0,11
10/26/2021 7:00,7.7,82,0,11
10/26/2021 8:00,7.8,83,0,9
10/26/2021 9:00,7.9,83,0.2,11
10/26/2021 10:00,7.7,89,1.6,10
10/26/2021 11:00,8,87,0.2,12
10/26/2021 12:00,8.2,87,0.3,13
10/26/2021 13:00,8.8,83,0.3,15
10/26/2021 14:00,9.9,78,0,14
10/26/2021 15:00,9.6,83,0.2,13
10/26/2021 16:00,10,79,0.3,15
10/26/2021 17:00,10.6,74,0,16
10/26/2021 18:00,10.9,69,0,17
10/26/2021 19:00,11.1,65,0,17
10/26/2021 20:00,10.6,65,0,13
10/26/2021 21:00,10.1,62,0,16
10/26/2021 22:00,9.6,63,0,14
10/26/2021 23:00,9.2,61,0,15
10/27/2021 0:00,9,59,0,14
10/27/2021 1:00,8.9,59,0,15
10/27/2021 2:00,8.9,59,0,16
10/27/2021 3:00,8.6,58,0,14
10/27/2021 4:00,8.2,61,0,15
10/27/2021 5:00,7.8,64,0,16
10/27/2021 6:00,7.7,64,0,14
10/27/2021 7:00,7.3,67,0,13
10/27/2021 8:00,7.5,70,0,15
10/27/2021 9:00,8.1,66,0,13
10/27/2021 10:00,8.7,64,0,13
10/27/2021 11:00,10.2,60,0,12
10/27/2021 12:00,11.8,55,0,12
10/27/2021 13:00,11.5,57,0,15
10/27/2021 14:00,12.3,53,0,11
10/27/2021 15:00,12.3,53,0,10
10/27/2021 16:00,12.4,50,0,12
10/27/2021 17:00,11.8,51,0,12
10/27/2021 18:00,11.1,56,0,10
10/27/2021 19:00,10,60,0,9
10/27/2021 20:00,9,65,0,10
10/27/2021 21:00,8.1,68,0,13
10/27/2021 22:00,7.6,71,0,13
10/27/2021 23:00,7.1,72,0,11
10/28/2021 0:00,6.5,76,0,10
10/28/2021 1:00,6.2,79,0,10
10/28/2021 2:00,5.5,81,0,11
10/28/2021 3:00,5.1,83,0,9
10/28/2021 4:00,4.9,85,0,11
10/28/2021 5:00,4.9,85,0,12
10/28/2021 6:00,5.2,82,0,12
10/28/2021 7:00,5,80,0,11
10/28/2021 8:00,5.1,79,0,10
10/28/2021 9:00,5.9,71,0,9
10/28/2021 10:00,6.9,65,0,10
10/28/2021 11:00,8.6,62,0,10
10/28/2021 12:00,8.9,60,0,9
10/28/2021 13:00,9.7,56,0,12
10/28/2021 14:00,10.3,53,0,8
10/28/2021 15:00,10.3,52,0,6
10/28/2021 16:00,10,54,0,8
10/28/2021 17:00,9,65,0,6
10/28/2021 18:00,8.8,63,0,7
10/28/2021 19:00,8.5,65,0,9
10/28/2021 20:00,7.4,69,0,8
10/28/2021 21:00,6.6,73,0,5
10/28/2021 22:00,6,77,0,6
10/28/2021 23:00,5.2,80,0,7
10/29/2021 0:00,4.6,82,0,9
10/29/2021 1:00,4.3,83,0,11
10/29/2021 2:00,4,82,0,9
10/29/2021 3:00,3.6,83,0,8
10/29/2021 4:00,3,85,0,7
10/29/2021 5:00,2.7,87,0,8
10/29/2021 6:00,2.5,88,0,6
10/29/2021 7:00,2.4,89,0,8
10/29/2021 8:00,3.6,84,0,9
10/29/2021 9:00,5.2,78,0,9
10/29/2021 10:00,6.7,68,0,8
10/29/2021 11:00,8.1,65,0,8
10/29/2021 12:00,9.7,58,0,7
10/29/2021 13:00,11.3,52,0,7
10/29/2021 14:00,11.8,48,0,9
10/29/2021 15:00,12.3,53,0,9
10/29/2021 16:00,12.3,52,0,7
10/29/2021 17:00,11.4,55,0,8
10/29/2021 18:00,10.3,56,0,6
10/29/2021 19:00,9.5,56,0,9
10/29/2021 20:00,8.8,59,0,8
10/29/2021 21:00,8.1,62,0,10
10/29/2021 22:00,7.1,64,0,8
10/29/2021 23:00,6.1,67,0,10
10/30/2021 0:00,5.6,68,0,9
10/30/2021 1:00,5.2,67,0,9
10/30/2021 2:00,4.8,69,0,8
10/30/2021 3:00,4.1,75,0,6
10/30/2021 4:00,3.9,77,0,5
10/30/2021 5:00,4,76,0,7
10/30/2021 6:00,4.2,77,0,5
10/30/2021 7:00,4.6,80,0,7
10/30/2021 8:00,5.8,73,0,6
10/30/2021 9:00,7.1,73,0,6
10/30/2021 10:00,8.4,71,0,6
10/30/2021 11:00,9.7,70,0,7
10/30/2021 12:00,10.8,71,0,5
10/30/2021 13:00,11.2,73,0,7
10/30/2021 14:00,11.8,72,0,10
10/30/2021 15:00,11.8,77,0,7
10/30/2021 16:00,11.4,81,0,7
10/30/2021 17:00,10.8,86,0,7
10/30/2021 18:00,10.2,91,0,6
10/30/2021 19:00,10.1,92,0,10
10/30/2021 20:00,9.9,94,0,7
10/30/2021 21:00,10.1,95,0,7
10/30/2021 22:00,10.1,96,0.9,8
10/30/2021 23:00,10,96,0.8,7
10/31/2021 0:00,9.6,96,6.5,7
10/31/2021 1:00,8.4,96,4.8,8
10/31/2021 2:00,8.4,97,1.3,9
10/31/2021 3:00,8.5,96,0.4,7
10/31/2021 4:00,8.2,96,0.5,10
10/31/2021 5:00,8.1,96,0,8
10/31/2021 6:00,7.9,96,0.5,9
10/31/2021 7:00,7.9,95,2.1,11
10/31/2021 8:00,7.9,95,3.6,10
10/31/2021 9:00,7.9,95,3.6,13
10/31/2021 10:00,7.9,95,4.7,11
10/31/2021 11:00,8.3,95,2.7,8
10/31/2021 12:00,8.6,94,0.9,3
10/31/2021 13:00,8.8,94,0.8,3
10/31/2021 14:00,9,94,0.7,4
10/31/2021 15:00,9,96,2,8
10/31/2021 16:00,9.3,93,2.3,4
10/31/2021 17:00,9.1,93,1.9,4
10/31/2021 18:00,9.5,96,2.4,4
10/31/2021 19:00,10.4,94,2.6,7
10/31/2021 20:00,10.5,92,0.3,7
10/31/2021 21:00,10.7,89,0,7
10/31/2021 22:00,10.6,85,0,7
10/31/2021 23:00,10.9,82,0,7
11/1/2021 0:00,10.7,82,0,8
11/1/2021 1:00,9.8,79,0,9
11/1/2021 2:00,10.4,78,0,8
11/1/2021 3:00,10.1,79,0,5
11/1/2021 4:00,10.3,79,0,7
11/1/2021 5:00,9.9,73,0,10
11/1/2021 6:00,8.5,70,0,10
11/1/2021 7:00,7.3,69,0,7
11/1/2021 8:00,7.1,65,0,7
11/1/2021 9:00,7.9,57,0,8
11/1/2021 10:00,8.4,56,0,6
11/1/2021 11:00,9,46,0,10
11/1/2021 12:00,9.7,43,0,9
11/1/2021 13:00,10.5,36,0,7
11/1/2021 14:00,11,35,0,6
11/1/2021 15:00,10.6,37,0,7
11/1/2021 16:00,9.9,44,0,5
11/1/2021 17:00,9.1,57,0,7
11/1/2021 18:00,9.1,54,0,7
11/1/2021 19:00,7.9,62,0,6
11/1/2021 20:00,7.7,61,0,7
11/1/2021 21:00,6.6,64,0,7
11/1/2021 22:00,6.1,67,0,7
11/1/2021 23:00,5.4,71,0,9
11/2/2021 0:00,5.4,71,0,7
11/2/2021 1:00,4.8,75,0,6
11/2/2021 2:00,4.4,76,0,6
11/2/2021 3:00,4.3,77,0,5
11/2/2021 4:00,4.3,78,0,3
11/2/2021 5:00,4.5,79,0,4
11/2/2021 6:00,4.6,80,0,5
11/2/2021 7:00,4.3,82,0,3
11/2/2021 8:00,5.6,75,0,3
11/2/2021 9:00,6.5,66,0,5
11/2/2021 10:00,7.3,63,0,7
11/2/2021 11:00,8.4,61,0,11
11/2/2021 12:00,8.3,62,0,7
11/2/2021 13:00,8.1,61,0,10
11/2/2021 14:00,9.3,56,0,4
11/2/2021 15:00,7.9,60,0,7
11/2/2021 16:00,6.8,66,0,8
11/2/2021 17:00,5.6,66,0,5
11/2/2021 18:00,5.6,70,0,1
11/2/2021 19:00,4.6,85,0.3,4
11/2/2021 20:00,4.3,87,0.4,3
11/2/2021 21:00,4,86,0.7,4
11/2/2021 22:00,4.1,90,0.4,5
11/2/2021 23:00,4,89,0.7,4
11/3/2021 0:00,4.1,90,0,2
11/3/2021 1:00,3.6,90,0,3
11/3/2021 2:00,3.1,90,0,3
11/3/2021 3:00,3,91,0,5
11/3/2021 4:00,3.2,86,0,10
11/3/2021 5:00,3.1,81,0,6
11/3/2021 6:00,2.6,80,0,5
11/3/2021 7:00,2.7,82,0,5
11/3/2021 8:00,3.5,75,0,6
11/3/2021 9:00,3.6,62,0,6
11/3/2021 10:00,4.3,56,0.2,9
11/3/2021 11:00,5.5,47,0,7
11/3/2021 12:00,5.6,48,0,8
11/3/2021 13:00,5.7,44,0,8
11/3/2021 14:00,5.8,48,0,4
11/3/2021 15:00,5.3,46,0,6
11/3/2021 16:00,4.6,52,0,3
11/3/2021 17:00,3.9,54,0,2
11/3/2021 18:00,3,60,0,2
11/3/2021 19:00,2.9,49,0,3
11/3/2021 20:00,2.2,56,0,4
11/3/2021 21:00,1.6,60,0,5
11/3/2021 22:00,1.8,61,0,4
11/3/2021 23:00,1.5,63,0,5
11/4/2021 0:00,0.9,67,0,5
11/4/2021 1:00,0.8,69,0,5
11/4/2021 2:00,0.5,72,0,5
11/4/2021 3:00,0.3,73,0,3
11/4/2021 4:00,-0.4,78,0,3
11/4/2021 5:00,0.5,75,0,7
11/4/2021 6:00,0.3,76,0,6
11/4/2021 7:00,0.2,78,0,3
11/4/2021 8:00,1.8,72,0,0
11/4/2021 9:00,2.9,70,0,4
11/4/2021 10:00,4,62,0,6
11/4/2021 11:00,5.3,56,0,7
11/4/2021 12:00,5.8,54,0,9
11/4/2021 13:00,6.6,42,0,8
11/4/2021 14:00,6.1,40,0,4
11/4/2021 15:00,5.5,42,0,7
11/4/2021 16:00,4.8,46,0,4
11/4/2021 17:00,3.6,58,0,3
11/4/2021 18:00,4.1,56,0,2
11/4/2021 19:00,3.4,59,0,2
11/4/2021 20:00,2.6,64,0,2
11/4/2021 21:00,1.9,66,0,3
11/4/2021 22:00,1.5,65,0,5
11/4/2021 23:00,1.7,61,0,5
11/5/2021 0:00,1.7,65,0,2
11/5/2021 1:00,1.9,68,0,3
11/5/2021 2:00,1.3,72,0,2
11/5/2021 3:00,2.7,65,0,2
11/5/2021 4:00,2.7,68,0,3
11/5/2021 5:00,2.5,73,0,3
11/5/2021 6:00,2.7,65,0,2
11/5/2021 7:00,3,69,0,5
11/5/2021 8:00,3.3,71,0,4
11/5/2021 9:00,4.8,63,0,3
11/5/2021 10:00,5.4,67,0,6
11/5/2021 11:00,6.3,67,0,6
11/5/2021 12:00,6.4,61,0,6
11/5/2021 13:00,6.7,55,0,5
11/5/2021 14:00,7.3,51,0,5
11/5/2021 15:00,6.8,46,0,5
11/5/2021 16:00,6.5,47,0,4
11/5/2021 17:00,4.7,56,0,1
11/5/2021 18:00,4.5,56,0,3
11/5/2021 19:00,3.9,60,0,3
11/5/2021 20:00,4.3,59,0,5
11/5/2021 21:00,4.1,57,0,7
11/5/2021 22:00,3.5,62,0,5
11/5/2021 23:00,3.1,68,0,5
11/6/2021 0:00,2.3,72,0,5
11/6/2021 1:00,2.9,74,0,7
11/6/2021 2:00,3.2,75,0,6
11/6/2021 3:00,2.9,72,0,5
11/6/2021 4:00,3.4,69,0,5
11/6/2021 5:00,3.3,72,0,8
11/6/2021 6:00,3,78,0,3
11/6/2021 7:00,3,77,0,2
11/6/2021 8:00,4.2,74,0,6
11/6/2021 9:00,6.4,62,0,6
11/6/2021 10:00,7.7,61,0,6
11/6/2021 11:00,8.7,57,0,9
11/6/2021 12:00,9.8,53,0,8
11/6/2021 13:00,10,47,0,9
11/6/2021 14:00,10.1,48,0,9
11/6/2021 15:00,9.4,47,0,6
11/6/2021 16:00,8.7,49,0,2
11/6/2021 17:00,6.3,61,0,3
11/6/2021 18:00,7.1,60,0,5
11/6/2021 19:00,5.4,66,0,2
11/6/2021 20:00,5.9,65,0,4
11/6/2021 21:00,5.3,68,0,3
11/6/2021 22:00,6.1,60,0,4
11/6/2021 23:00,5.3,61,0,5
11/7/2021 0:00,5.8,62,0,5
11/7/2021 1:00,4.7,65,0,7
11/7/2021 2:00,3.7,67,0,4
11/7/2021 3:00,3.7,67,0,5
11/7/2021 4:00,3,73,0,3
11/7/2021 5:00,3.3,70,0,6
11/7/2021 6:00,3.1,72,0,6
11/7/2021 7:00,2.9,73,0,4
11/7/2021 8:00,3.7,70,0,6
11/7/2021 9:00,6.6,59,0,5
11/7/2021 10:00,8.4,53,0,7
11/7/2021 11:00,10.8,45,0,7
11/7/2021 12:00,11.5,43,0,8
11/7/2021 13:00,12.7,42,0,8
11/7/2021 14:00,13.1,41,0,7
11/7/2021 15:00,12.2,44,0,6
11/7/2021 16:00,11.8,45,0,5
11/7/2021 17:00,11.1,49,0,5
11/7/2021 18:00,10.4,49,0,5
11/7/2021 19:00,10,50,0,6
11/7/2021 20:00,10.8,52,0,5
11/7/2021 21:00,10.4,56,0,6
11/7/2021 22:00,9.8,61,0,7
11/7/2021 23:00,9.6,61,0,5
11/8/2021 0:00,9.1,67,0,4
11/8/2021 1:00,7.7,75,0,2
11/8/2021 2:00,9.3,72,0,2
11/8/2021 3:00,9,72,0,5
11/8/2021 4:00,9.7,69,0,4
11/8/2021 5:00,9.5,72,0,6
11/8/2021 6:00,9.6,72,0,5
11/8/2021 7:00,9.4,73,0,2
11/8/2021 8:00,9.7,73,0,2
11/8/2021 9:00,10.2,73,0,4
11/8/2021 10:00,12.3,65,0,7
11/8/2021 11:00,13.4,58,0,5
11/8/2021 12:00,13.1,57,0,4
11/8/2021 13:00,14.8,54,0,4
11/8/2021 14:00,14.9,53,0,6
11/8/2021 15:00,14.2,57,0,5
11/8/2021 16:00,13.4,61,0,2
11/8/2021 17:00,11.9,65,0,4
11/8/2021 18:00,10.9,70,0,6
11/8/2021 19:00,10.7,69,0,8
11/8/2021 20:00,10.7,68,0,8
11/8/2021 21:00,9.8,72,0,5
11/8/2021 22:00,10.1,72,0,4
11/8/2021 23:00,10.2,75,0,6
11/9/2021 0:00,9.3,76,0,7
11/9/2021 1:00,9.4,80,0,5
11/9/2021 2:00,10.3,77,0,4
11/9/2021 3:00,10.1,76,0,7
11/9/2021 4:00,10.1,75,0,9
11/9/2021 5:00,9.9,78,0,10
11/9/2021 6:00,9.6,81,0,12
11/9/2021 7:00,9.7,82,0,9
11/9/2021 8:00,10.2,80,0,6
11/9/2021 9:00,10.4,80,0,10
11/9/2021 10:00,11.3,77,0,6
11/9/2021 11:00,12.6,71,0,5
11/9/2021 12:00,13.7,66,0,8
11/9/2021 13:00,14,61,0,6
11/9/2021 14:00,14.7,57,0,6
11/9/2021 15:00,14.1,51,0,3
11/9/2021 16:00,13.3,54,0,2
11/9/2021 17:00,12.5,49,0,3
11/9/2021 18:00,12.3,40,0,4
11/9/2021 19:00,11.9,37,0,7
11/9/2021 20:00,11.6,36,0,8
11/9/2021 21:00,11.2,37,0,7
11/9/2021 22:00,9.6,45,0,3
11/9/2021 23:00,9.9,42,0,4
11/10/2021 0:00,9.4,43,0,7
11/10/2021 1:00,8.1,51,0,7
11/10/2021 2:00,7.7,55,0,6
11/10/2021 3:00,7.3,59,0,6
11/10/2021 4:00,6.6,64,0,5
11/10/2021 5:00,6.1,65,0,5
11/10/2021 6:00,5.3,65,0,4
11/10/2021 7:00,5.1,65,0,9
11/10/2021 8:00,5.2,64,0,6
11/10/2021 9:00,8.7,50,0,3
11/10/2021 10:00,8.9,48,0,4
11/10/2021 11:00,10.4,43,0,7
11/10/2021 12:00,11.3,40,0,7
11/10/2021 13:00,12.4,36,0,5
11/10/2021 14:00,12,35,0,6
11/10/2021 15:00,11.5,37,0,5
11/10/2021 16:00,10.7,34,0,3
11/10/2021 17:00,10,34,0,3
11/10/2021 18:00,8.4,41,0,1
11/10/2021 19:00,7.4,49,0,3
11/10/2021 20:00,7.9,45,0,2
11/10/2021 21:00,7.2,46,0,7
11/10/2021 22:00,7.3,46,0,7
11/10/2021 23:00,5.4,52,0,3
11/11/2021 0:00,4,60,0,3
11/11/2021 1:00,5.6,61,0,6
11/11/2021 2:00,4.5,62,0,0
11/11/2021 3:00,3.4,68,0,2
11/11/2021 4:00,3.8,60,0,5
11/11/2021 5:00,3.2,63,0,7
11/11/2021 6:00,2.8,66,0,8
11/11/2021 7:00,2.5,69,0,8
11/11/2021 8:00,3.1,69,0,7
11/11/2021 9:00,3.4,65,0,7
11/11/2021 10:00,4.7,57,0,8
11/11/2021 11:00,5.6,56,0,8
11/11/2021 12:00,6.2,52,0,7
11/11/2021 13:00,7.5,48,0,9
11/11/2021 14:00,7.3,49,0,6
11/11/2021 15:00,7.4,48,0,5
11/11/2021 16:00,7.1,52,0,8
11/11/2021 17:00,6.7,53,0,10
11/11/2021 18:00,6.6,51,0,8
11/11/2021 19:00,6.7,52,0,7
11/11/2021 20:00,6.6,54,0,8
11/11/2021 21:00,6.7,54,0,5
11/11/2021 22:00,6.8,55,0,6
11/11/2021 23:00,6.3,57,0,5
11/12/2021 0:00,7.6,51,0,4
11/12/2021 1:00,7.9,50,0,4
11/12/2021 2:00,8.2,51,0,4
11/12/2021 3:00,8.7,56,0,3
11/12/2021 4:00,9.2,65,0,4
11/12/2021 5:00,9,75,0.6,6
11/12/2021 6:00,9.6,66,0,6
11/12/2021 7:00,10.1,62,0,5
11/12/2021 8:00,9,74,0.7,5
11/12/2021 9:00,8.7,84,1.9,5
11/12/2021 10:00,9,88,3.2,5
11/12/2021 11:00,9.7,87,2.9,7
11/12/2021 12:00,9.5,92,4,5
11/12/2021 13:00,9.6,92,2,6
11/12/2021 14:00,9.6,95,2,5
11/12/2021 15:00,10,94,0.6,7
11/12/2021 16:00,9.7,93,0,7
11/12/2021 17:00,9.9,92,0,6
11/12/2021 18:00,9.8,92,0,6
11/12/2021 19:00,9.1,86,0,7
11/12/2021 20:00,8.5,77,0,7
11/12/2021 21:00,7.9,74,0,6
11/12/2021 22:00,7,75,0,6
11/12/2021 23:00,5.9,76,0,4
11/13/2021 0:00,6.5,63,0,5
11/13/2021 1:00,5.4,69,0,4
11/13/2021 2:00,5.4,70,0,4
11/13/2021 3:00,5.6,71,0,7
11/13/2021 4:00,5.4,76,0,6
11/13/2021 5:00,5.2,80,0,6
11/13/2021 6:00,5.7,76,0,7
11/13/2021 7:00,5.8,78,0,5
11/13/2021 8:00,6.1,77,0,5
11/13/2021 9:00,6.7,76,0,5
11/13/2021 10:00,6.4,86,0,2
11/13/2021 11:00,6.9,88,0.3,4
11/13/2021 12:00,7.5,87,0,7
11/13/2021 13:00,8,86,0,7
11/13/2021 14:00,7.6,91,2,6
11/13/2021 15:00,6.9,88,1.6,6
11/13/2021 16:00,6.2,89,0,5
11/13/2021 17:00,5.5,89,0,6
11/13/2021 18:00,5.1,87,0,5
11/13/2021 19:00,5.3,86,0,3
11/13/2021 20:00,5.1,84,0,6
11/13/2021 21:00,4.6,83,0,5
11/13/2021 22:00,4.5,81,0,7
11/13/2021 23:00,4.5,77,0,7
11/14/2021 0:00,3.7,79,0,6
11/14/2021 1:00,3.5,78,0,6
11/14/2021 2:00,3.4,83,0,7
11/14/2021 3:00,4.3,78,0,6
11/14/2021 4:00,4,79,0,6
11/14/2021 5:00,3.6,83,0,7
11/14/2021 6:00,3.7,78,0.2,7
11/14/2021 7:00,2.9,78,0,7
11/14/2021 8:00,2.3,79,0,7
11/14/2021 9:00,3.9,68,0,6
11/14/2021 10:00,3.5,68,0,7
11/14/2021 11:00,4.8,64,0,7
11/14/2021 12:00,4.7,58,0,7
11/14/2021 13:00,5.4,56,0,7
11/14/2021 14:00,5.7,51,0,5
11/14/2021 15:00,5.5,55,0,4
11/14/2021 16:00,5.2,56,0,4
11/14/2021 17:00,4.6,64,0,2
11/14/2021 18:00,4.7,64,0,2
11/14/2021 19:00,5.6,59,0,3
11/14/2021 20:00,5.5,63,0,8
11/14/2021 21:00,4.4,76,0,6
11/14/2021 22:00,3.4,87,0.6,5
11/14/2021 23:00,3.4,91,0.6,4
11/15/2021 0:00,2.7,92,0.9,7
11/15/2021 1:00,2.4,93,0.8,2
11/15/2021 2:00,2.7,94,0.6,3
11/15/2021 3:00,2.8,92,1.4,3
11/15/2021 4:00,2.5,93,2.1,2
11/15/2021 5:00,3.1,94,1.3,4
11/15/2021 6:00,3.3,92,0.2,7
11/15/2021 7:00,3.1,92,0,5
11/15/2021 8:00,2.9,92,0.2,2
11/15/2021 9:00,3.5,87,0,2
11/15/2021 10:00,3.4,90,0.2,3
11/15/2021 11:00,2.6,86,0,5
11/15/2021 12:00,2.6,87,0,6
11/15/2021 13:00,3.5,85,0,6
11/15/2021 14:00,3.7,83,0,4
11/15/2021 15:00,4,82,0,3
11/15/2021 16:00,3.7,84,0,3
11/15/2021 17:00,3.4,83,0,3
11/15/2021 18:00,2.3,90,0.6,7
11/15/2021 19:00,2.2,87,0.2,4
11/15/2021 20:00,1.8,81,0,6
11/15/2021 21:00,1.7,79,0,3
11/15/2021 22:00,1.3,75,0,3
11/15/2021 23:00,1.5,70,0,3
11/16/2021 0:00,1.4,74,0,4
11/16/2021 1:00,1.2,83,0,6
11/16/2021 2:00,1.4,81,0,5
11/16/2021 3:00,1.2,81,0,3
11/16/2021 4:00,1.2,84,0,5
11/16/2021 5:00,0.9,78,0,5
11/16/2021 6:00,1.4,67,0,3
11/16/2021 7:00,1.4,64,0,3
11/16/2021 8:00,1.5,69,0,6
11/16/2021 9:00,1.6,64,0,3
11/16/2021 10:00,1.7,65,0,5
11/16/2021 11:00,2.1,66,0,6
11/16/2021 12:00,0.7,81,0,8
11/16/2021 13:00,2.6,60,0.2,4
11/16/2021 14:00,1.8,54,0,5
11/16/2021 15:00,1.9,52,0,7
11/16/2021 16:00,1.3,57,0,6
11/16/2021 17:00,0.8,59,0,3
11/16/2021 18:00,0.3,61,0,2
11/16/2021 19:00,0.2,61,0,3
11/16/2021 20:00,0,62,0,3
11/16/2021 21:00,-0.3,62,0,3
11/16/2021 22:00,-0.4,63,0,4
11/16/2021 23:00,-0.5,63,0,5
11/17/2021 0:00,-0.9,65,0,2
11/17/2021 1:00,-1.1,64,0,2
11/17/2021 2:00,-1.2,65,0,6
11/17/2021 3:00,-1.5,68,0,8
11/17/2021 4:00,-1.8,72,0,6
11/17/2021 5:00,-2.8,79,0,2
11/17/2021 6:00,-2.7,82,0,1
11/17/2021 7:00,-2.4,82,0,2
11/17/2021 8:00,-1,78,0,1
11/17/2021 9:00,0.3,71,0,6
11/17/2021 10:00,0.8,68,0,7
11/17/2021 11:00,0.9,62,0,6
11/17/2021 12:00,0.9,67,0,9
11/17/2021 13:00,1.5,61,0,7
11/17/2021 14:00,1.4,64,0,8
11/17/2021 15:00,1.2,66,0,7
11/17/2021 16:00,1,70,0,9
11/17/2021 17:00,1.3,72,0,7
11/17/2021 18:00,1.5,72,0,5
11/17/2021 19:00,1.8,73,0,7
11/17/2021 20:00,1.5,84,0.4,8
11/17/2021 21:00,1.6,88,0,6
11/17/2021 22:00,1.4,92,0.3,7
11/17/2021 23:00,1.7,96,0.9,6
11/18/2021 0:00,2.2,97,0.6,6
11/18/2021 1:00,2.4,97,1.4,4
11/18/2021 2:00,3.2,97,0.6,2
11/18/2021 3:00,3.9,97,0.2,1
11/18/2021 4:00,4,95,0.2,0
11/18/2021 5:00,4.8,95,0,2
11/18/2021 6:00,4.9,93,0,1
11/18/2021 7:00,7.8,94,0,5
11/18/2021 8:00,9.2,90,0.5,6
11/18/2021 9:00,9.8,87,0,6
11/18/2021 10:00,10.1,90,0.3,7
11/18/2021 11:00,10.6,89,0,4
11/18/2021 12:00,9.6,94,0.8,2
11/18/2021 13:00,8.9,93,1.6,4
11/18/2021 14:00,7.9,91,0.5,5
11/18/2021 15:00,7.4,89,1,4
11/18/2021 16:00,7,87,0.8,4
11/18/2021 17:00,6.5,88,0.6,6
11/18/2021 18:00,6.2,89,0.4,8
11/18/2021 19:00,6,85,0,8
11/18/2021 20:00,6.3,84,0,6
11/18/2021 21:00,6.5,80,0,7
11/18/2021 22:00,5.5,77,0,6
11/18/2021 23:00,5,68,0,8
11/19/2021 0:00,3.8,72,0,5
11/19/2021 1:00,3.1,72,0,7
11/19/2021 2:00,2.3,75,0,7
11/19/2021 3:00,1.9,75,0,6
11/19/2021 4:00,2,77,0,3
11/19/2021 5:00,2,78,0,7
11/19/2021 6:00,1.8,80,0,4
11/19/2021 7:00,1.5,81,0,6
11/19/2021 8:00,1.7,82,0,6
11/19/2021 9:00,2.1,77,0,6
11/19/2021 10:00,2.6,71,0,5
11/19/2021 11:00,3.5,63,0,6
11/19/2021 12:00,2,77,0,5
11/19/2021 13:00,3.6,55,0.2,10
11/19/2021 14:00,1.7,74,0,7
11/19/2021 15:00,3.6,54,0.2,5
11/19/2021 16:00,2.7,60,0,5
11/19/2021 17:00,1.5,69,0,3
11/19/2021 18:00,1.3,73,0,3
11/19/2021 19:00,1.5,69,0,5
11/19/2021 20:00,0.8,71,0,4
11/19/2021 21:00,0.8,69,0,4
11/19/2021 22:00,0.5,68,0,4
11/19/2021 23:00,0.5,66,0,3
11/20/2021 0:00,0.3,64,0,3
11/20/2021 1:00,-0.3,67,0,2
11/20/2021 2:00,-0.6,68,0,3
11/20/2021 3:00,-0.8,70,0,3
11/20/2021 4:00,-1,71,0,2
11/20/2021 5:00,-1.4,75,0,2
11/20/2021 6:00,-2,79,0,4
11/20/2021 7:00,-2.1,82,0,3
11/20/2021 8:00,-1.2,83,0,6
11/20/2021 9:00,1.4,72,0,3
11/20/2021 10:00,1.3,70,0,6
11/20/2021 11:00,3.1,54,0,6
11/20/2021 12:00,3.9,52,0,9
11/20/2021 13:00,4,45,0,5
11/20/2021 14:00,4.4,46,0,4
11/20/2021 15:00,3.8,50,0,10
11/20/2021 16:00,3.5,55,0,7
11/20/2021 17:00,3.4,58,0,6
11/20/2021 18:00,3.4,57,0,5
11/20/2021 19:00,3.4,54,0,3
11/20/2021 20:00,3.4,54,0,5
11/20/2021 21:00,3.1,59,0,4
11/20/2021 22:00,3.3,61,0,5
11/20/2021 23:00,3.3,60,0,6
11/21/2021 0:00,3.5,58,0,7
11/21/2021 1:00,3.5,60,0,5
11/21/2021 2:00,3.4,60,0,5
11/21/2021 3:00,3.5,60,0,5
11/21/2021 4:00,2.3,88,0,7
11/21/2021 5:00,2.2,92,0.8,10
11/21/2021 6:00,2,94,0.6,8
11/21/2021 7:00,2.1,94,0.8,6
11/21/2021 8:00,2.4,93,0,7
11/21/2021 9:00,2.8,92,0,4
11/21/2021 10:00,3.2,87,0.2,4
11/21/2021 11:00,3.9,83,0,6
11/21/2021 12:00,4.5,78,0,6
11/21/2021 13:00,5.2,77,0,3
11/21/2021 14:00,6.3,56,0.2,7
11/21/2021 15:00,6.1,64,0,6
11/21/2021 16:00,5.9,66,0,7
11/21/2021 17:00,5,69,0,5
11/21/2021 18:00,4.7,70,0,3
11/21/2021 19:00,4.5,70,0,1
11/21/2021 20:00,5,70,0,5
11/21/2021 21:00,4.1,89,0.8,7
11/21/2021 22:00,4.6,91,0.5,9
11/21/2021 23:00,4.5,92,0.2,5
11/22/2021 0:00,4.3,90,0,5
11/22/2021 1:00,4.7,91,0,4
11/22/2021 2:00,5.7,84,0,5
11/22/2021 3:00,5.9,85,0,7
11/22/2021 4:00,5.8,88,0.3,5
11/22/2021 5:00,6.3,83,0,5
11/22/2021 6:00,6.6,81,0,6
11/22/2021 7:00,6.2,85,0.5,8
11/22/2021 8:00,4.9,84,1.6,8
11/22/2021 9:00,3.3,68,0.2,6
11/22/2021 10:00,3,44,0,9
11/22/2021 11:00,3.2,48,0,7
11/22/2021 12:00,3.4,45,0,8
11/22/2021 13:00,4.5,41,0,10
11/22/2021 14:00,3.8,43,0,7
11/22/2021 15:00,3.2,48,0,4
11/22/2021 16:00,2.7,51,0,7
11/22/2021 17:00,1.9,59,0,5
11/22/2021 18:00,1.6,62,0,6
11/22/2021 19:00,1,66,0,6
11/22/2021 20:00,0.4,67,0,3
11/22/2021 21:00,-0.1,63,0,3
11/22/2021 22:00,-0.8,61,0,4
11/22/2021 23:00,-0.9,61,0,3
11/23/2021 0:00,-1.3,60,0,3
11/23/2021 1:00,-1.8,64,0,4
11/23/2021 2:00,-2.1,62,0,3
11/23/2021 3:00,-2.5,58,0,5
11/23/2021 4:00,-3.1,62,0,3
11/23/2021 5:00,-3.5,65,0,2
11/23/2021 6:00,-3.8,69,0,6
11/23/2021 7:00,-3.7,71,0,5
11/23/2021 8:00,-3.2,75,0,6
11/23/2021 9:00,-3.5,62,0,12
11/23/2021 10:00,-3.9,62,0,9
11/23/2021 11:00,-3.4,59,0.2,7
11/23/2021 12:00,-2.3,52,0,10
11/23/2021 13:00,-2.3,48,0,8
11/23/2021 14:00,-2.4,49,0,9
11/23/2021 15:00,-2.4,52,0,8
11/23/2021 16:00,-2.5,49,0,7
11/23/2021 17:00,-2.3,50,0,11
11/23/2021 18:00,-2.7,51,0,9
11/23/2021 19:00,-3,56,0,3
11/23/2021 20:00,-3.1,60,0,3
11/23/2021 21:00,-3.7,65,0,3
11/23/2021 22:00,-4.1,68,0,2
11/23/2021 23:00,-4.2,68,0,6
11/24/2021 0:00,-4.4,69,0,6
11/24/2021 1:00,-4.8,71,0,4
11/24/2021 2:00,-4.9,72,0,5
11/24/2021 3:00,-5,71,0,4
11/24/2021 4:00,-4.9,75,0,4
11/24/2021 5:00,-5.4,82,0,3
11/24/2021 6:00,-5.1,80,0,4
11/24/2021 7:00,-5,78,0,3
11/24/2021 8:00,-4.4,75,0,6
11/24/2021 9:00,-2.7,64,0,4
11/24/2021 10:00,-1.3,61,0,4
11/24/2021 11:00,-0.6,58,0,7
11/24/2021 12:00,1.3,51,0,9
11/24/2021 13:00,2.1,51,0,4
11/24/2021 14:00,2.2,48,0,7
11/24/2021 15:00,1.6,52,0,6
11/24/2021 16:00,0.9,60,0,2
11/24/2021 17:00,0.4,63,0,3
11/24/2021 18:00,0.6,63,0,6
11/24/2021 19:00,0.4,66,0,4
11/24/2021 20:00,0.5,63,0,4
11/24/2021 21:00,0.3,65,0,6
11/24/2021 22:00,0.5,62,0,6
11/24/2021 23:00,0.2,62,0,4
11/25/2021 0:00,-0.1,64,0,4
11/25/2021 1:00,0.1,65,0,4
11/25/2021 2:00,0.3,64,0,6
11/25/2021 3:00,0.3,68,0,5
11/25/2021 4:00,0.4,70,0,6
11/25/2021 5:00,0.7,72,0,6
11/25/2021 6:00,0.8,72,0,6
11/25/2021 7:00,0.9,72,0,6
11/25/2021 8:00,1.4,72,0,4
11/25/2021 9:00,2,71,0,4
11/25/2021 10:00,2.7,69,0,3
11/25/2021 11:00,3.2,71,0,4
11/25/2021 12:00,3.3,72,0,0
11/25/2021 13:00,3.8,69,0,1
11/25/2021 14:00,3.9,75,0,3
11/25/2021 15:00,3.8,73,0,4
11/25/2021 16:00,3.7,74,0,6
11/25/2021 17:00,3.5,77,0,6
11/25/2021 18:00,3.7,75,0,2
11/25/2021 19:00,3.2,78,0,3
11/25/2021 20:00,2.2,88,0,2
11/25/2021 21:00,2.3,89,0.2,3
11/25/2021 22:00,2.7,87,0.4,3
11/25/2021 23:00,2.5,91,0,4
11/26/2021 0:00,2.6,92,0,3
11/26/2021 1:00,2.8,94,0.2,5
11/26/2021 2:00,2.8,96,0,4
11/26/2021 3:00,2.8,97,0.4,6
11/26/2021 4:00,2.7,97,0.6,6
11/26/2021 5:00,2.9,97,0,5
11/26/2021 6:00,3.1,97,0.2,5
11/26/2021 7:00,2.7,96,0.3,6
11/26/2021 8:00,2.6,96,1.3,4
11/26/2021 9:00,2.1,96,1.2,8
11/26/2021 10:00,2,96,0.7,6
11/26/2021 11:00,1.5,95,1.4,8
11/26/2021 12:00,0.9,95,1,9
11/26/2021 13:00,0.7,96,0.9,7
11/26/2021 14:00,0.7,96,0.7,7
11/26/2021 15:00,0.8,95,0.6,6
11/26/2021 16:00,0.8,95,0.9,4
11/26/2021 17:00,1,94,0.9,8
11/26/2021 18:00,0.9,94,1.1,9
11/26/2021 19:00,0.8,95,0.8,7
11/26/2021 20:00,0.6,94,0.5,10
11/26/2021 21:00,0.2,95,0.6,10
11/26/2021 22:00,-0.3,94,0.8,10
11/26/2021 23:00,-0.5,93,0.5,8
11/27/2021 0:00,-0.8,82,0,9
11/27/2021 1:00,-1.3,82,0,9
11/27/2021 2:00,-2.4,78,0,4
11/27/2021 3:00,-2.7,81,0,6
11/27/2021 4:00,-3.2,79,0,5
11/27/2021 5:00,-4,76,0,7
11/27/2021 6:00,-4,78,0,5
11/27/2021 7:00,-4,78,0,4
11/27/2021 8:00,-4.1,78,0,5
11/27/2021 9:00,-4,74,0,7
11/27/2021 10:00,-3.8,72,0.3,6
11/27/2021 11:00,-3.7,69,0,6
11/27/2021 12:00,-4,69,0,6
11/27/2021 13:00,-3.3,67,0,7
11/27/2021 14:00,-3.1,69,0,6
11/27/2021 15:00,-3,68,0,4
11/27/2021 16:00,-3.7,68,0,5
11/27/2021 17:00,-4.5,67,0,5
11/27/2021 18:00,-5,67,0,4
11/27/2021 19:00,-5,67,0,7
11/27/2021 20:00,-4.6,69,0,6
11/27/2021 21:00,-5.4,70,0,5
11/27/2021 22:00,-6,71,0,4
11/27/2021 23:00,-6.4,73,0,3
11/28/2021 0:00,-6.7,73,0,4
11/28/2021 1:00,-6.8,73,0,3
11/28/2021 2:00,-6.9,74,0,3
11/28/2021 3:00,-7.3,76,0,3
11/28/2021 4:00,-7.4,76,0,5
11/28/2021 5:00,-7.4,75,0,7
11/28/2021 6:00,-7.3,85,0,5
11/28/2021 7:00,-7.5,80,0,9
11/28/2021 8:00,-7.4,79,0,10
11/28/2021 9:00,-6.4,72,0,9
11/28/2021 10:00,-4,65,0,6
11/28/2021 11:00,-4,64,0.2,5
11/28/2021 12:00,-3.4,59,0,8
11/28/2021 13:00,-2.6,58,0,6
11/28/2021 14:00,-2.1,50,0,4
11/28/2021 15:00,-2.9,62,0,4
11/28/2021 16:00,-2.9,65,0,4
11/28/2021 17:00,-2.7,59,0,4
11/28/2021 18:00,-2.9,65,0,2
11/28/2021 19:00,-3,72,0,2
11/28/2021 20:00,-3.1,71,0,1
11/28/2021 21:00,-2.8,62,0,5
11/28/2021 22:00,-2.9,65,0,6
11/28/2021 23:00,-3.3,65,0,6
11/29/2021 0:00,-3.3,68,0,8
11/29/2021 1:00,-3.5,68,0,8
11/29/2021 2:00,-4.1,70,0,8
11/29/2021 3:00,-4.7,75,0,5
11/29/2021 4:00,-5.3,73,0,8
11/29/2021 5:00,-6.1,77,0,11
11/29/2021 6:00,-6.6,69,0,11
11/29/2021 7:00,-6.8,68,0,11
11/29/2021 8:00,-6.7,69,0,9
11/29/2021 9:00,-5.6,62,0,9
11/29/2021 10:00,-5.2,59,0,10
11/29/2021 11:00,-4.5,57,0,7
11/29/2021 12:00,-4.7,57,0,8
11/29/2021 13:00,-4.1,57,0,6
11/29/2021 14:00,-3.3,53,0,6
11/29/2021 15:00,-3.6,58,0,7
11/29/2021 16:00,-3.8,62,0,2
11/29/2021 17:00,-4.3,63,0,3
11/29/2021 18:00,-4,67,0,2
11/29/2021 19:00,-3.5,68,0,3
11/29/2021 20:00,-3.3,69,0,4
11/29/2021 21:00,-3.2,70,0,2
11/29/2021 22:00,-3.1,68,0,3
11/29/2021 23:00,-3.2,69,0,5
11/30/2021 0:00,-3.3,70,0,3
11/30/2021 1:00,-3.6,73,0,4
11/30/2021 2:00,-4.1,73,0,5
11/30/2021 3:00,-3.8,71,0,4
11/30/2021 4:00,-3.7,71,0,3
11/30/2021 5:00,-3.7,73,0,5
11/30/2021 6:00,-3.8,77,0,4
11/30/2021 7:00,-3.9,81,0,5
11/30/2021 8:00,-4,86,0,3
11/30/2021 9:00,-3.2,80,0,1
11/30/2021 10:00,-2.7,65,0.4,3
11/30/2021 11:00,-2.5,60,0,6
11/30/2021 12:00,-1.3,62,0,4
11/30/2021 13:00,-1.5,63,0,5
11/30/2021 14:00,-1.5,66,0,4
11/30/2021 15:00,-1.7,62,0,4
11/30/2021 16:00,-2.2,65,0,2
11/30/2021 17:00,-3.4,70,0,2
11/30/2021 18:00,-3.1,71,0,1
11/30/2021 19:00,-2.4,72,0,2
11/30/2021 20:00,-1.5,72,0,5
11/30/2021 21:00,-1.5,70,0,6
11/30/2021 22:00,-2,83,0,4
11/30/2021 23:00,-2,92,0,5
12/1/2021 0:00,-1.7,92,0,5
12/1/2021 1:00,-1.8,93,0,8
12/1/2021 2:00,-1.5,93,0,6
12/1/2021 3:00,-1,93,0,4
12/1/2021 4:00,-0.6,92,0,7
12/1/2021 5:00,0,94,0.3,5
12/1/2021 6:00,1,92,0,5
12/1/2021 7:00,0.8,81,0,6
12/1/2021 8:00,0.1,79,0,4
12/1/2021 9:00,0.2,67,0,6
12/1/2021 10:00,-0.4,52,0.2,6
12/1/2021 11:00,-0.2,55,0,6
12/1/2021 12:00,-0.1,59,0,5
12/1/2021 13:00,-0.8,60,0,7
12/1/2021 14:00,0.1,54,0,6
12/1/2021 15:00,-1.7,46,0,7
12/1/2021 16:00,-2.4,49,0,4
12/1/2021 17:00,-2.8,54,0,3
12/1/2021 18:00,-3.3,54,0,2
12/1/2021 19:00,-2.5,53,0,1
12/1/2021 20:00,-2.2,56,0,5
12/1/2021 21:00,-2.2,61,0,6
12/1/2021 22:00,-2.9,62,0,7
12/1/2021 23:00,-2.5,60,0,6
12/2/2021 0:00,-2.3,62,0,7
12/2/2021 1:00,-2.1,67,0,7
12/2/2021 2:00,-1,73,0,6
12/2/2021 3:00,-0.2,74,0,6
12/2/2021 4:00,0.3,72,0,8
12/2/2021 5:00,1.2,77,0,8
12/2/2021 6:00,0.8,94,0.6,8
12/2/2021 7:00,1.3,92,0,9
12/2/2021 8:00,2.1,91,0.3,8
12/2/2021 9:00,2.5,87,0,8
12/2/2021 10:00,2.9,85,0,7
12/2/2021 11:00,3,86,0,7
12/2/2021 12:00,3.4,88,0.2,6
12/2/2021 13:00,3.9,91,1.8,8
12/2/2021 14:00,4.1,93,0.4,5
12/2/2021 15:00,4.5,93,0.2,7
12/2/2021 16:00,4.2,95,2.2,9
12/2/2021 17:00,4.6,95,0.3,7
12/2/2021 18:00,5.4,82,0,13
12/2/2021 19:00,4.5,86,1,9
12/2/2021 20:00,4.8,82,0,7
12/2/2021 21:00,4.7,82,0,8
12/2/2021 22:00,4.3,79,0,5
12/2/2021 23:00,3.4,78,0,5
12/3/2021 0:00,2.4,76,0,6
12/3/2021 1:00,1.3,69,0,8
12/3/2021 2:00,0.5,68,0,5
12/3/2021 3:00,-0.2,63,0,10
12/3/2021 4:00,-0.8,61,0,12
12/3/2021 5:00,-1.5,58,0,12
12/3/2021 6:00,-1.6,66,0,4
12/3/2021 7:00,-2.5,58,0,11
12/3/2021 8:00,-3.3,56,0,7
12/3/2021 9:00,-3.1,55,0,10
12/3/2021 10:00,-3.1,52,0,8
12/3/2021 11:00,-3.2,48,0,5
12/3/2021 12:00,-3.1,42,0,7
12/3/2021 13:00,-3.4,36,0,7
12/3/2021 14:00,-3.5,42,0,6
12/3/2021 15:00,-4.2,44,0,4
12/3/2021 16:00,-4.6,42,0,6
12/3/2021 17:00,-5,45,0,5
12/3/2021 18:00,-5.2,44,0,5
12/3/2021 19:00,-5.6,43,0,4
12/3/2021 20:00,-6,43,0,5
12/3/2021 21:00,-6.2,45,0,8
12/3/2021 22:00,-6.4,44,0,11
12/3/2021 23:00,-6.9,46,0,11
12/4/2021 0:00,-7.4,48,0,10
12/4/2021 1:00,-7.7,47,0,8
12/4/2021 2:00,-8,50,0,6
12/4/2021 3:00,-8.3,55,0,3
12/4/2021 4:00,-8.4,58,0,3
12/4/2021 5:00,-8.4,52,0,4
12/4/2021 6:00,-8.6,58,0,2
12/4/2021 7:00,-9,61,0,4
12/4/2021 8:00,-8.4,58,0,5
12/4/2021 9:00,-6,38,0.3,3
12/4/2021 10:00,-5.9,53,0,6
12/4/2021 11:00,-5.1,50,0,7
12/4/2021 12:00,-5.2,51,0,9
12/4/2021 13:00,-4.9,63,0,6
12/4/2021 14:00,-4.5,63,0,4
12/4/2021 15:00,-5.4,84,0,7
12/4/2021 16:00,-5.2,86,0,5
12/4/2021 17:00,-5.4,85,0,10
12/4/2021 18:00,-5.3,85,0,4
12/4/2021 19:00,-5.9,87,0,6
12/4/2021 20:00,-5.6,87,0,2
12/4/2021 21:00,-6,84,0,1
12/4/2021 22:00,-5.4,85,0,2
12/4/2021 23:00,-4.9,89,0,3
12/5/2021 0:00,-4.9,91,0,7
12/5/2021 1:00,-4.9,89,0,3
12/5/2021 2:00,-5.3,87,0,4
12/5/2021 3:00,-5.6,83,0,4
12/5/2021 4:00,-6,80,0,4
12/5/2021 5:00,-6.4,80,0,3
12/5/2021 6:00,-7.1,82,0,3
12/5/2021 7:00,-7.3,82,0,2
12/5/2021 8:00,-6.7,84,0,2
12/5/2021 9:00,-6,63,0.2,6
12/5/2021 10:00,-5.4,59,0,3
12/5/2021 11:00,-4.8,57,0,2
12/5/2021 12:00,-4.4,55,0,7
12/5/2021 13:00,-2.8,56,0,5
12/5/2021 14:00,-2.4,52,0,6
12/5/2021 15:00,-3.4,57,0,4
12/5/2021 16:00,-3.5,60,0,2
12/5/2021 17:00,-3.8,67,0,4
12/5/2021 18:00,-3.8,67,0,7
12/5/2021 19:00,-3.9,69,0,9
12/5/2021 20:00,-4,65,0,7
12/5/2021 21:00,-4.4,70,0,5
12/5/2021 22:00,-5.3,89,0.4,6
12/5/2021 23:00,-5.5,92,2,7
12/6/2021 0:00,-5.3,93,1.5,7
12/6/2021 1:00,-4.7,93,0.8,7
12/6/2021 2:00,-2.9,96,3.9,4
12/6/2021 3:00,-2.3,95,6,6
12/6/2021 4:00,-1.4,96,2.8,5
12/6/2021 5:00,-0.4,95,1.8,3
12/6/2021 6:00,0.3,96,3,5
12/6/2021 7:00,2.1,96,1.9,7
12/6/2021 8:00,3.3,93,2.4,7
12/6/2021 9:00,4.2,88,0,7
12/6/2021 10:00,5.1,88,0,8
12/6/2021 11:00,5,94,1.2,10
12/6/2021 12:00,5.6,95,1.7,8
12/6/2021 13:00,5.8,96,2.6,5
12/6/2021 14:00,6.4,96,2.9,10
12/6/2021 15:00,6.6,96,1.1,8
12/6/2021 16:00,6.7,97,2.2,6
12/6/2021 17:00,7,97,1.1,7
12/6/2021 18:00,6.5,82,1.8,13
12/6/2021 19:00,4.2,74,0.2,10
12/6/2021 20:00,3.4,81,0,12
12/6/2021 21:00,3.2,67,0,12
12/6/2021 22:00,2.7,63,0,10
12/6/2021 23:00,2.5,65,0,12
12/7/2021 0:00,2.2,66,0,10
12/7/2021 1:00,2.1,66,0,13
12/7/2021 2:00,1.2,62,0,10
12/7/2021 3:00,-0.1,56,0,8
12/7/2021 4:00,-1.6,59,0,8
12/7/2021 5:00,-3.5,55,0,4
12/7/2021 6:00,-4,55,0,5
12/7/2021 7:00,-4.5,61,0,4
12/7/2021 8:00,-5.2,66,0,5
12/7/2021 9:00,-5,59,0,4
12/7/2021 10:00,-4.8,56,0.2,6
12/7/2021 11:00,-4.5,59,0,7
12/7/2021 12:00,-4,53,0,9
12/7/2021 13:00,-3.8,54,0,5
12/7/2021 14:00,-3.5,53,0,8
12/7/2021 15:00,-3.9,49,0,8
12/7/2021 16:00,-4.6,47,0,5
12/7/2021 17:00,-5.2,46,0,4
12/7/2021 18:00,-5.9,47,0,4
12/7/2021 19:00,-6.5,45,0,4
12/7/2021 20:00,-6.8,49,0,4
12/7/2021 21:00,-7.2,52,0,3
12/7/2021 22:00,-7.7,54,0,3
12/7/2021 23:00,-8.1,53,0,3
12/8/2021 0:00,-8.2,53,0,4
12/8/2021 1:00,-8.3,53,0,4
12/8/2021 2:00,-8,54,0,7
12/8/2021 3:00,-8.3,58,0,7
12/8/2021 4:00,-8.2,69,0,4
12/8/2021 5:00,-8.6,64,0,6
12/8/2021 6:00,-9.1,66,0,6
12/8/2021 7:00,-9.2,67,0,3
12/8/2021 8:00,-9,67,0,5
12/8/2021 9:00,-8.7,60,0,6
12/8/2021 10:00,-8.6,68,0,6
12/8/2021 11:00,-7.9,71,0,6
12/8/2021 12:00,-7.7,74,0,9
12/8/2021 13:00,-8.1,84,0,9
12/8/2021 14:00,-7.8,84,0.2,9
12/8/2021 15:00,-8.5,83,0,10
12/8/2021 16:00,-8.9,83,0.2,11
12/8/2021 17:00,-9.1,83,0,12
12/8/2021 18:00,-9.4,83,0,13
12/8/2021 19:00,-9.3,81,0,10
12/8/2021 20:00,-9.4,85,0,14
12/8/2021 21:00,-10,87,0,13
12/8/2021 22:00,-10.2,86,0,12
12/8/2021 23:00,-9.9,85,0,11
12/9/2021 0:00,-9.6,86,0,11
12/9/2021 1:00,-9.2,86,0.2,9
12/9/2021 2:00,-9,86,0.2,7
12/9/2021 3:00,-9.1,85,0,5
12/9/2021 4:00,-9,86,0.2,3
12/9/2021 5:00,-9.3,86,0.2,6
12/9/2021 6:00,-9.5,85,0,8
12/9/2021 7:00,-9.5,85,0,9
12/9/2021 8:00,-9.5,80,0,8
12/9/2021 9:00,-9.3,82,0,5
12/9/2021 10:00,-8.5,82,0,3
12/9/2021 11:00,-7.7,76,0.2,7
12/9/2021 12:00,-7.2,68,0,7
12/9/2021 13:00,-6.2,67,0,6
12/9/2021 14:00,-6,63,0,3
12/9/2021 15:00,-5.9,63,0,3
12/9/2021 16:00,-6.3,68,0,2
12/9/2021 17:00,-6.3,70,0,4
12/9/2021 18:00,-6.3,75,0,5
12/9/2021 19:00,-6.9,79,0,7
12/9/2021 20:00,-7.4,80,0,6
12/9/2021 21:00,-7.8,81,0,6
12/9/2021 22:00,-7.6,76,0,5
12/9/2021 23:00,-7.8,77,0,3
12/10/2021 0:00,-7.7,74,0,5
12/10/2021 1:00,-7.9,73,0,6
12/10/2021 2:00,-7.9,72,0,6
12/10/2021 3:00,-7.6,71,0,5
12/10/2021 4:00,-7.9,82,0,5
12/10/2021 5:00,-8.3,81,0,6
12/10/2021 6:00,-8,82,0,5
12/10/2021 7:00,-7.1,88,0.2,5
12/10/2021 8:00,-6.6,90,0,5
12/10/2021 9:00,-6.1,89,0,5
12/10/2021 10:00,-5.8,89,0,7
12/10/2021 11:00,-5.6,89,0,7
12/10/2021 12:00,-5.7,90,0,8
12/10/2021 13:00,-5.2,89,0,6
12/10/2021 14:00,-5.2,87,0,8
12/10/2021 15:00,-5.2,87,0,7
12/10/2021 16:00,-4.9,87,0,8
12/10/2021 17:00,-4.1,86,0,3
12/10/2021 18:00,-3.9,87,0,3
12/10/2021 19:00,-3.8,87,0,7
12/10/2021 20:00,-4.2,88,0,7
12/10/2021 21:00,-4.3,88,0,8
12/10/2021 22:00,-3.9,89,0,7
12/10/2021 23:00,-3.3,91,0,5
12/11/2021 0:00,-2.9,89,0,7
12/11/2021 1:00,-3.3,90,0,10
12/11/2021 2:00,-3.2,90,0,11
12/11/2021 3:00,-3,90,0,10
12/11/2021 4:00,-2.8,90,0,11
12/11/2021 5:00,-3.1,91,0,12
12/11/2021 6:00,-2.9,91,0,11
12/11/2021 7:00,-2.1,93,0.3,6
12/11/2021 8:00,-1.3,95,1,5
12/11/2021 9:00,0.7,96,6.4,3
12/11/2021 10:00,2,96,6.3,5
12/11/2021 11:00,4.3,96,4,9
12/11/2021 12:00,5.3,93,0,8
12/11/2021 13:00,6.3,91,0,8
12/11/2021 14:00,7,90,0,9
12/11/2021 15:00,7.5,91,0,9
12/11/2021 16:00,7.7,91,0,7
12/11/2021 17:00,8.5,92,0.2,10
12/11/2021 18:00,8.7,92,0,7
12/11/2021 19:00,9.5,91,0,8
12/11/2021 20:00,11.6,53,1.6,14
12/11/2021 21:00,7.7,67,0,13
12/11/2021 22:00,6.6,62,0,16
12/11/2021 23:00,6.3,60,0,16
12/12/2021 0:00,5.2,61,0,16
12/12/2021 1:00,3.7,60,0,12
12/12/2021 2:00,2.5,56,0,11
12/12/2021 3:00,2,57,0,8
12/12/2021 4:00,1.8,56,0,8
12/12/2021 5:00,1.3,56,0,8
12/12/2021 6:00,1,56,0,8
12/12/2021 7:00,0.5,57,0,8
12/12/2021 8:00,0.6,61,0,9
12/12/2021 9:00,2.4,55,0,10
12/12/2021 10:00,3.1,56,0,9
12/12/2021 11:00,3.8,56,0,11
12/12/2021 12:00,5,50,0,10
12/12/2021 13:00,5.2,47,0,10
12/12/2021 14:00,5.8,38,0,10
12/12/2021 15:00,5.3,38,0,10
12/12/2021 16:00,4.9,40,0,8
12/12/2021 17:00,4.6,55,0,9
12/12/2021 18:00,4.3,58,0,11
12/12/2021 19:00,4.4,58,0,12
12/12/2021 20:00,4.5,62,0,12
12/12/2021 21:00,4.8,66,0,12
12/12/2021 22:00,5,64,0,12
12/12/2021 23:00,4.9,63,0,10
12/13/2021 0:00,4.5,66,0,9
12/13/2021 1:00,4.4,68,0,9
12/13/2021 2:00,4.8,62,0,8
12/13/2021 3:00,4.9,62,0,9
12/13/2021 4:00,5.1,61,0,8
12/13/2021 5:00,4.9,62,0,11
12/13/2021 6:00,5.1,61,0,9
12/13/2021 7:00,5.1,61,0,8
12/13/2021 8:00,5.3,61,0,9
12/13/2021 9:00,5.5,62,0,8
12/13/2021 10:00,6.5,58,0,10
12/13/2021 11:00,7.1,57,0,7
12/13/2021 12:00,7.8,54,0,9
12/13/2021 13:00,8.5,53,0,9
12/13/2021 14:00,8.5,56,0,10
12/13/2021 15:00,7.7,60,0,9
12/13/2021 16:00,7,62,0,9
12/13/2021 17:00,6.5,62,0,10
12/13/2021 18:00,6.2,65,0,8
12/13/2021 19:00,5.9,68,0,8
12/13/2021 20:00,5.8,67,0,9
12/13/2021 21:00,5.4,68,0,8
12/13/2021 22:00,5.1,67,0,9
12/13/2021 23:00,4.7,67,0,8
12/14/2021 0:00,4.8,67,0,7
12/14/2021 1:00,4.2,69,0,6
12/14/2021 2:00,4.1,70,0,5
12/14/2021 3:00,3.7,72,0,4
12/14/2021 4:00,3.3,71,0,5
12/14/2021 5:00,2.9,68,0,5
12/14/2021 6:00,2.3,63,0,9
12/14/2021 7:00,1.4,52,0,12
12/14/2021 8:00,0.6,55,0,12
12/14/2021 9:00,0.5,50,0,9
12/14/2021 10:00,0.2,40,0,12
12/14/2021 11:00,0,37,0,14
12/14/2021 12:00,0.2,37,0,7
12/14/2021 13:00,1,37,0,5
12/14/2021 14:00,0.9,40,0,4
12/14/2021 15:00,0.9,43,0,4
12/14/2021 16:00,0.8,51,0,4
12/14/2021 17:00,0.2,43,0,2
12/14/2021 18:00,-0.6,43,0,2
12/14/2021 19:00,-1,45,0,5
12/14/2021 20:00,-1.3,48,0,5
12/14/2021 21:00,-1.7,48,0,4
12/14/2021 22:00,-1.7,49,0,4
12/14/2021 23:00,-3,56,0,3
12/15/2021 0:00,-3.4,57,0,4
12/15/2021 1:00,-3.1,53,0,4
12/15/2021 2:00,-3,61,0,4
12/15/2021 3:00,-3.4,53,0,6
12/15/2021 4:00,-3.6,53,0,2
12/15/2021 5:00,-4,59,0,8
12/15/2021 6:00,-4.2,59,0,6
12/15/2021 7:00,-4,58,0,6
12/15/2021 8:00,-4,56,0,8
12/15/2021 9:00,-3.6,53,0,10
12/15/2021 10:00,-2.9,54,0,7
12/15/2021 11:00,-2.5,56,0,5
12/15/2021 12:00,-1.8,56,0,7
12/15/2021 13:00,-1.5,57,0,7
12/15/2021 14:00,-0.9,57,0,6
12/15/2021 15:00,-0.9,61,0,6
12/15/2021 16:00,-1,63,0,7
12/15/2021 17:00,-2.5,89,0.5,3
12/15/2021 18:00,-2.3,93,2.2,4
12/15/2021 19:00,-1.7,95,0.9,2
12/15/2021 20:00,0.4,97,1.3,2
12/15/2021 21:00,1.6,96,0.7,6
12/15/2021 22:00,2.2,93,0,7
12/15/2021 23:00,2.6,92,0.3,6
12/16/2021 0:00,2.9,93,0.3,5
12/16/2021 1:00,3,96,0.9,5
12/16/2021 2:00,3.4,97,0.7,3
12/16/2021 3:00,2.7,94,0.4,1
12/16/2021 4:00,1.6,96,0,1
12/16/2021 5:00,1.9,97,0,1
12/16/2021 6:00,4.4,98,0,5
12/16/2021 7:00,5,96,0.2,5
12/16/2021 8:00,5.7,95,0,6
12/16/2021 9:00,6.3,97,0,6
12/16/2021 10:00,7.3,93,0,7
12/16/2021 11:00,8.1,90,0,7
12/16/2021 12:00,8.8,87,0,6
12/16/2021 13:00,9.7,82,0,7
12/16/2021 14:00,11,79,0,7
12/16/2021 15:00,11,80,0,7
12/16/2021 16:00,10.9,80,0,8
12/16/2021 17:00,11,80,0,6
12/16/2021 18:00,10.5,85,0.3,8
12/16/2021 19:00,10.6,85,0,8
12/16/2021 20:00,11,84,0,9
12/16/2021 21:00,15.2,71,0,3
12/16/2021 22:00,15.5,63,0,1
12/16/2021 23:00,14.3,51,0,7
12/17/2021 0:00,12.7,61,0,13
12/17/2021 1:00,11.5,58,0,15
12/17/2021 2:00,10.5,58,0,5
12/17/2021 3:00,7.3,57,0,8
12/17/2021 4:00,7,56,0,10
12/17/2021 5:00,6.5,58,0,10
12/17/2021 6:00,5.9,60,0,10
12/17/2021 7:00,5.5,63,0,9
12/17/2021 8:00,5.6,59,0,8
12/17/2021 9:00,5.7,57,0,8
12/17/2021 10:00,5.6,55,0,6
12/17/2021 11:00,5.7,53,0,6
12/17/2021 12:00,5.9,55,0,7
12/17/2021 13:00,5.4,53,0,7
12/17/2021 14:00,5.3,50,0,8
12/17/2021 15:00,4.6,50,0,6
12/17/2021 16:00,3.8,52,0,5
12/17/2021 17:00,2.5,47,0,9
12/17/2021 18:00,2.1,51,0,4
12/17/2021 19:00,1.9,52,0,3
12/17/2021 20:00,2,53,0,6
12/17/2021 21:00,1.8,54,0,2
12/17/2021 22:00,1.7,55,0,3
12/17/2021 23:00,0.7,55,0,4
12/18/2021 0:00,0,53,0,4
12/18/2021 1:00,-0.5,52,0,4
12/18/2021 2:00,-1,53,0,7
12/18/2021 3:00,-2.4,58,0,14
12/18/2021 4:00,-3.1,59,0,12
12/18/2021 5:00,-3.5,59,0,10
12/18/2021 6:00,-3.8,60,0,9
12/18/2021 7:00,-4.2,61,0,11
12/18/2021 8:00,-4.7,56,0,8
12/18/2021 9:00,-4.6,59,0,7
12/18/2021 10:00,-4.5,59,0,11
12/18/2021 11:00,-3.8,57,0,7
12/18/2021 12:00,-4,55,0,7
12/18/2021 13:00,-3.8,55,0,5
12/18/2021 14:00,-4,57,0,6
12/18/2021 15:00,-4.4,61,0,8
12/18/2021 16:00,-5.5,79,0,8
12/18/2021 17:00,-5.9,87,0.8,8
12/18/2021 18:00,-6.1,90,1.2,8
12/18/2021 19:00,-6.1,89,1,11
12/18/2021 20:00,-6,90,1.5,12
12/18/2021 21:00,-6.2,90,0.9,8
12/18/2021 22:00,-6.4,90,0.8,11
12/18/2021 23:00,-5.7,89,0.5,12
12/19/2021 0:00,-5.9,88,0,13
12/19/2021 1:00,-6,89,0.3,14
12/19/2021 2:00,-5.9,89,0.5,15
12/19/2021 3:00,-5.7,88,0,14
12/19/2021 4:00,-5.9,87,0.2,11
12/19/2021 5:00,-6.1,85,0,9
12/19/2021 6:00,-6,80,0,6
12/19/2021 7:00,-6,75,0,8
12/19/2021 8:00,-6.2,73,0,6
12/19/2021 9:00,-6,71,0,6
12/19/2021 10:00,-6.1,68,0.2,10
12/19/2021 11:00,-5.8,70,0,9
12/19/2021 12:00,-5.3,62,0,7
12/19/2021 13:00,-4.6,60,0,8
12/19/2021 14:00,-4.3,59,0,6
12/19/2021 15:00,-4.8,63,0,5
12/19/2021 16:00,-6.3,65,0,3
12/19/2021 17:00,-7.3,65,0,6
12/19/2021 18:00,-8.1,65,0,6
12/19/2021 19:00,-9,67,0,9
12/19/2021 20:00,-9.3,69,0,8
12/19/2021 21:00,-9.5,70,0,5
12/19/2021 22:00,-9.7,68,0,7
12/19/2021 23:00,-10.3,68,0,6
12/20/2021 0:00,-11,69,0,6
12/20/2021 1:00,-11.1,73,0,5
12/20/2021 2:00,-11.1,70,0,6
12/20/2021 3:00,-12.7,77,0,3
12/20/2021 4:00,-11.1,81,0,1
12/20/2021 5:00,-11,81,0,3
12/20/2021 6:00,-10.8,81,0,2
12/20/2021 7:00,-10.7,84,0,6
12/20/2021 8:00,-10.8,85,0,8
12/20/2021 9:00,-9.9,80,0,7
12/20/2021 10:00,-8.7,72,0,7
12/20/2021 11:00,-8.3,68,0,6
12/20/2021 12:00,-6.8,64,0,5
12/20/2021 13:00,-5.7,61,0,9
12/20/2021 14:00,-4.2,66,0,7
12/20/2021 15:00,-4,74,0,9
12/20/2021 16:00,-3.6,72,0,7
12/20/2021 17:00,-3.2,77,0,5
12/20/2021 18:00,-3.1,74,0,7
12/20/2021 19:00,-2.9,73,0,7
12/20/2021 20:00,-2.9,73,0,8
12/20/2021 21:00,-2.6,74,0,7
12/20/2021 22:00,-2.2,74,0,6
12/20/2021 23:00,-1.6,71,0,7
12/21/2021 0:00,-1,70,0,6
12/21/2021 1:00,-0.4,73,0,4
12/21/2021 2:00,1.9,74,0,7
12/21/2021 3:00,1.5,83,0,8
12/21/2021 4:00,1.5,84,0.2,9
12/21/2021 5:00,1.5,80,0,9
12/21/2021 6:00,0.3,77,0.2,5
12/21/2021 7:00,0.3,72,0,6
12/21/2021 8:00,-0.5,75,0,3
12/21/2021 9:00,-1.7,62,0,10
12/21/2021 10:00,-2.9,54,0.2,11
12/21/2021 11:00,-3.2,51,0,13
12/21/2021 12:00,-2.9,48,0,8
12/21/2021 13:00,-2.7,44,0,5
12/21/2021 14:00,-2.8,42,0,4
12/21/2021 15:00,-3.4,47,0,5
12/21/2021 16:00,-3.3,48,0,3
12/21/2021 17:00,-3.8,50,0,6
12/21/2021 18:00,-4.4,54,0,6
12/21/2021 19:00,-5.1,56,0,7
12/21/2021 20:00,-5.3,59,0,8
12/21/2021 21:00,-5.7,64,0,7
12/21/2021 22:00,-5.9,65,0,9
12/21/2021 23:00,-5.8,66,0,9
12/22/2021 0:00,-6.5,71,0,12
12/22/2021 1:00,-6.6,71,0,10
12/22/2021 2:00,-6.4,74,0,8
12/22/2021 3:00,-5.4,75,0,5
12/22/2021 4:00,-5.6,76,0,6
12/22/2021 5:00,-5.4,82,0,5
12/22/2021 6:00,-5.3,82,0,3
12/22/2021 7:00,-3.5,82,0,2
12/22/2021 8:00,-1.1,79,0,5
12/22/2021 9:00,-2.9,81,0,1
12/22/2021 10:00,-2,81,0,1
12/22/2021 11:00,0.7,75,0,3
12/22/2021 12:00,0.7,86,0,7
12/22/2021 13:00,-0.3,77,0,4
12/22/2021 14:00,-0.3,77,0,6
12/22/2021 15:00,-0.3,77,0,5
12/22/2021 16:00,-0.3,79,0,7
12/22/2021 17:00,-0.6,74,0,6
12/22/2021 18:00,-0.5,72,0,5
12/22/2021 19:00,-0.9,73,0,5
12/22/2021 20:00,-3.4,63,0,7
12/22/2021 21:00,-5,60,0,6
12/22/2021 22:00,-6.3,59,0,5
12/22/2021 23:00,-7.4,60,0,6
12/23/2021 0:00,-8.3,65,0,7
12/23/2021 1:00,-9.4,60,0,5
12/23/2021 2:00,-10.3,69,0,6
12/23/2021 3:00,-11.1,60,0,4
12/23/2021 4:00,-11.7,61,0,5
12/23/2021 5:00,-12.8,64,0,4
12/23/2021 6:00,-13.4,66,0,6
12/23/2021 7:00,-13.9,67,0.2,5
12/23/2021 8:00,-14.4,69,0,2
12/23/2021 9:00,-13.6,64,0,4
12/23/2021 10:00,-12.8,60,0.2,5
12/23/2021 11:00,-12.8,59,0,5
12/23/2021 12:00,-12.3,54,0,7
12/23/2021 13:00,-11.6,51,0,6
12/23/2021 14:00,-11.4,49,0,3
12/23/2021 15:00,-11.6,49,0,4
12/23/2021 16:00,-12,54,0,4
12/23/2021 17:00,-12.2,59,0,3
12/23/2021 18:00,-12.2,59,0,5
12/23/2021 19:00,-12.4,59,0,1
12/23/2021 20:00,-12.5,60,0,4
12/23/2021 21:00,-12.6,62,0,2
12/23/2021 22:00,-12,64,0,2
12/23/2021 23:00,-12.1,73,0,7
12/24/2021 0:00,-12.3,72,0,5
12/24/2021 1:00,-11.6,75,0,4
12/24/2021 2:00,-11.3,68,0,6
12/24/2021 3:00,-11.7,70,0,6
12/24/2021 4:00,-11.8,77,0,3
12/24/2021 5:00,-12.9,78,0,6
12/24/2021 6:00,-13.5,88,0,7
12/24/2021 7:00,-13.6,89,0,7
12/24/2021 8:00,-13.6,88,0,7
12/24/2021 9:00,-12.7,81,0,4
12/24/2021 10:00,-11.2,67,0,5
12/24/2021 11:00,-10,62,0,7
12/24/2021 12:00,-8.2,55,0,4
12/24/2021 13:00,-7.3,58,0,5
12/24/2021 14:00,-5.2,52,0,1
12/24/2021 15:00,-4.6,58,0,3
12/24/2021 16:00,-5.7,67,0,3
12/24/2021 17:00,-7.1,66,0,3
12/24/2021 18:00,-7.6,68,0,5
12/24/2021 19:00,-8.4,67,0,5
12/24/2021 20:00,-8.4,64,0,6
12/24/2021 21:00,-7.7,64,0,9
12/24/2021 22:00,-8.1,66,0,4
12/24/2021 23:00,-7.6,67,0,4
12/25/2021 0:00,-8.1,71,0,6
12/25/2021 1:00,-8.3,69,0,8
12/25/2021 2:00,-8.3,70,0,9
12/25/2021 3:00,-8.7,70,0,10
12/25/2021 4:00,-7.9,72,0,8
12/25/2021 5:00,-7.5,74,0,9
12/25/2021 6:00,-8.1,73,0,10
12/25/2021 7:00,-8.6,75,0,15
12/25/2021 8:00,-8.9,83,0,12
12/25/2021 9:00,-8.7,81,0,14
12/25/2021 10:00,-8,75,0,11
12/25/2021 11:00,-7.6,74,0,14
12/25/2021 12:00,-6.8,77,0.3,14
12/25/2021 13:00,-6.4,87,0.7,14
12/25/2021 14:00,-6.3,88,0.3,15
12/25/2021 15:00,-6,87,0.2,13
12/25/2021 16:00,-5.9,87,0,13
12/25/2021 17:00,-5.9,86,0,13
12/25/2021 18:00,-5.5,89,0,8
12/25/2021 19:00,-6,88,0.2,11
12/25/2021 20:00,-6,86,0,11
12/25/2021 21:00,-5.6,76,0,10
12/25/2021 22:00,-4.9,68,0,7
12/25/2021 23:00,-4.5,70,0,5
12/26/2021 0:00,-4.4,68,0,6
12/26/2021 1:00,-3.8,71,0,2
12/26/2021 2:00,-3.6,82,0,2
12/26/2021 3:00,-3.5,92,0.2,1
12/26/2021 4:00,-3.1,90,0,4
12/26/2021 5:00,-2.9,89,0,2
12/26/2021 6:00,-2.7,89,0.2,1
12/26/2021 7:00,-2.6,89,0,1
12/26/2021 8:00,-2.6,89,0.3,3
12/26/2021 9:00,-2.5,89,0.3,6
12/26/2021 10:00,-2.1,84,0,4
12/26/2021 11:00,-1.7,81,0,5
12/26/2021 12:00,-1.1,72,0,3
12/26/2021 13:00,-1,68,0,3
12/26/2021 14:00,-0.8,67,0,8
12/26/2021 15:00,-0.6,69,0,5
12/26/2021 16:00,-0.6,69,0,7
12/26/2021 17:00,-0.6,70,0,4
12/26/2021 18:00,-0.5,73,0,4
12/26/2021 19:00,-0.6,70,0,6
12/26/2021 20:00,-1.1,72,0,3
12/26/2021 21:00,-1.4,75,0,8
12/26/2021 22:00,-2.1,70,0,9
12/26/2021 23:00,-2.7,67,0,10
12/27/2021 0:00,-3.1,66,0,10
12/27/2021 1:00,-3.5,67,0,7
12/27/2021 2:00,-4,67,0,10
12/27/2021 3:00,-4.1,66,0,7
12/27/2021 4:00,-5.5,74,0,5
12/27/2021 5:00,-7.1,69,0,13
12/27/2021 6:00,-8.4,68,0,9
12/27/2021 7:00,-9.2,69,0,11
12/27/2021 8:00,-9.4,68,0,7
12/27/2021 9:00,-9.8,68,0,7
12/27/2021 10:00,-9.9,65,0,6
12/27/2021 11:00,-9.3,65,0,3
12/27/2021 12:00,-9.3,65,0,7
12/27/2021 13:00,-8.8,65,0,5
12/27/2021 14:00,-8.6,63,0,6
12/27/2021 15:00,-8.4,58,0,5
12/27/2021 16:00,-8.7,56,0,6
12/27/2021 17:00,-9,56,0,6
12/27/2021 18:00,-8.9,60,0,5
12/27/2021 19:00,-9.2,60,0,4
12/27/2021 20:00,-9.3,63,0,9
12/27/2021 21:00,-9.5,67,0,11
12/27/2021 22:00,-9.9,71,0,8
12/27/2021 23:00,-9.7,70,0,9
12/28/2021 0:00,-9.6,72,0,8
12/28/2021 1:00,-9.3,80,0,9
12/28/2021 2:00,-9.3,78,0,10
12/28/2021 3:00,-9.1,81,0,11
12/28/2021 4:00,-9,81,0,11
12/28/2021 5:00,-8.8,83,0,6
12/28/2021 6:00,-8.8,88,0.5,8
12/28/2021 7:00,-8.1,88,0.5,7
12/28/2021 8:00,-7.4,87,0.2,4
12/28/2021 9:00,-7.9,86,0,4
12/28/2021 10:00,-6.5,83,0,5
12/28/2021 11:00,-6,85,0,5
12/28/2021 12:00,-4.9,85,0,4
12/28/2021 13:00,-4.4,86,0.3,5
12/28/2021 14:00,-3.2,81,0.2,6
12/28/2021 15:00,-2.7,80,0,5
12/28/2021 16:00,-3.4,82,0,6
12/28/2021 17:00,-2.8,83,0,5
12/28/2021 18:00,-2.8,81,0,4
12/28/2021 19:00,-2.6,80,0,4
12/28/2021 20:00,-2.4,79,0,5
12/28/2021 21:00,-2.3,77,0,4
12/28/2021 22:00,-2.3,74,0,5
12/28/2021 23:00,-2.5,72,0,7
12/29/2021 0:00,-2.7,71,0,6
12/29/2021 1:00,-2.9,70,0,3
12/29/2021 2:00,-2.6,71,0,5
12/29/2021 3:00,-2.9,67,0,5
12/29/2021 4:00,-3.7,73,0,3
12/29/2021 5:00,-4.2,73,0,6
12/29/2021 6:00,-4.3,71,0,7
12/29/2021 7:00,-4.4,73,0,7
12/29/2021 8:00,-4.4,76,0,7
12/29/2021 9:00,-4.4,78,0,7
12/29/2021 10:00,-4.6,75,0,9
12/29/2021 11:00,-4.9,76,0,7
12/29/2021 12:00,-4.7,73,0,6
12/29/2021 13:00,-4.5,70,0,8
12/29/2021 14:00,-4.4,71,0,7
12/29/2021 15:00,-4.3,71,0,6
12/29/2021 16:00,-4.5,71,0,5
12/29/2021 17:00,-4.7,72,0,6
12/29/2021 18:00,-4.8,73,0,7
12/29/2021 19:00,-5.3,75,0,6
12/29/2021 20:00,-5.5,74,0,6
12/29/2021 21:00,-5.7,75,0,7
12/29/2021 22:00,-5.4,76,0,5
12/29/2021 23:00,-5.6,75,0,4
12/30/2021 0:00,-5.9,80,0,6
12/30/2021 1:00,-6,79,0,8
12/30/2021 2:00,-5.8,82,0,8
12/30/2021 3:00,-5.9,84,0,9
12/30/2021 4:00,-5.9,86,0,7
12/30/2021 5:00,-5.7,87,0,5
12/30/2021 6:00,-5.5,87,0,3
12/30/2021 7:00,-5.4,85,0,6
12/30/2021 8:00,-5,83,0,6
12/30/2021 9:00,-4.5,82,0,2
12/30/2021 10:00,-3.9,80,0,2
12/30/2021 11:00,-3.4,78,0,4
12/30/2021 12:00,-2.3,75,0,2
12/30/2021 13:00,-1.9,76,0,3
12/30/2021 14:00,-2.1,78,0,4
12/30/2021 15:00,-1.9,80,0,3
12/30/2021 16:00,-1.9,81,0,2
12/30/2021 17:00,-2.3,81,0,6
12/30/2021 18:00,-2.5,85,0,5
12/30/2021 19:00,-2.6,86,0,8
12/30/2021 20:00,-2.8,89,0.2,8
12/30/2021 21:00,-2.7,89,0.2,5
12/30/2021 22:00,-2.8,91,0,6
12/30/2021 23:00,-2.8,90,0.2,6
12/31/2021 0:00,-2.9,90,0,9
12/31/2021 1:00,-2.7,89,0,9
12/31/2021 2:00,-2.2,87,0,6
12/31/2021 3:00,-2.5,87,0,9
12/31/2021 4:00,-2.5,88,0,6
12/31/2021 5:00,-2.4,89,0,5
12/31/2021 6:00,-2.1,87,0,4
12/31/2021 7:00,-2.1,87,0,5
12/31/2021 8:00,-2.2,86,0,6
12/31/2021 9:00,-2.2,85,0,5
12/31/2021 10:00,-1.9,82,0,5
12/31/2021 11:00,-1.7,82,0,8
12/31/2021 12:00,-1,82,0,3
12/31/2021 13:00,-0.7,81,0,3
12/31/2021 14:00,-0.7,82,0,5
12/31/2021 15:00,-0.5,84,0,4
12/31/2021 16:00,-0.5,86,0,3
12/31/2021 17:00,-0.9,90,0.3,4
12/31/2021 18:00,-0.8,91,0,6
12/31/2021 19:00,-0.6,90,0,5
12/31/2021 20:00,-0.6,92,0,2
12/31/2021 21:00,-0.4,92,0,2
12/31/2021 22:00,-0.2,91,0,3
12/31/2021 23:00,-0.1,91,0,3
1/1/2022 0:00,-0.2,93,0,4
1/1/2022 1:00,0.4,95,0,3
1/1/2022 2:00,0.5,95,0,5
1/1/2022 3:00,0.2,98,0,3
1/1/2022 4:00,0.4,98,0,2
1/1/2022 5:00,0.5,99,0,2
1/1/2022 6:00,0.2,99,0,4
1/1/2022 7:00,0.8,99,0,4
1/1/2022 8:00,1.1,98,0,5
1/1/2022 9:00,1.9,95,0,6
1/1/2022 10:00,1.5,92,0.2,6
1/1/2022 11:00,1.1,94,0,3
1/1/2022 12:00,1.2,95,0.5,4
1/1/2022 13:00,1.5,94,0.2,4
1/1/2022 14:00,1.5,96,0,5
1/1/2022 15:00,1.2,96,0,9
1/1/2022 16:00,1.3,96,0,9
1/1/2022 17:00,1.5,96,0,4
1/1/2022 18:00,2.3,91,0,4
1/1/2022 19:00,1.8,92,0,10
1/1/2022 20:00,1.9,93,0.6,8
1/1/2022 21:00,0.5,89,0,13
1/1/2022 22:00,-0.8,86,0.2,12
1/1/2022 23:00,-0.8,78,0,13
1/2/2022 0:00,-1.9,83,0,14
1/2/2022 1:00,-2.5,82,0.2,13
1/2/2022 2:00,-3.4,76,0,15
1/2/2022 3:00,-4.6,81,0.2,13
1/2/2022 4:00,-6.1,86,0.4,15
1/2/2022 5:00,-6.5,91,0.9,11
1/2/2022 6:00,-7.2,84,0.2,15
1/2/2022 7:00,-7.5,77,0,11
1/2/2022 8:00,-8,67,0,14
1/2/2022 9:00,-8.9,83,0.5,13
1/2/2022 10:00,-9.3,80,0.2,12
1/2/2022 11:00,-9.4,86,0.2,10
1/2/2022 12:00,-9.1,84,0.7,10
1/2/2022 13:00,-8.5,80,0,7
1/2/2022 14:00,-8.4,76,0.5,8
1/2/2022 15:00,-7.7,68,0,6
1/2/2022 16:00,-7.5,74,0,5
1/2/2022 17:00,-7.2,79,0,1
1/2/2022 18:00,-6.8,81,0,2
1/2/2022 19:00,-7.3,71,0,3
1/2/2022 20:00,-9,58,0,5
1/2/2022 21:00,-10.2,61,0,4
1/2/2022 22:00,-10.5,59,0,5
1/2/2022 23:00,-11.6,63,0,4
1/3/2022 0:00,-12.2,70,0,7
1/3/2022 1:00,-13.5,70,0,4
1/3/2022 2:00,-13.5,60,0,8
1/3/2022 3:00,-14.2,61,0,8
1/3/2022 4:00,-15,60,0,13
1/3/2022 5:00,-16.2,59,0,9
1/3/2022 6:00,-16.3,59,0,9
1/3/2022 7:00,-16.8,61,0,7
1/3/2022 8:00,-16.7,65,0,7
1/3/2022 9:00,-15.8,70,0.3,7
1/3/2022 10:00,-15.5,61,0,7
1/3/2022 11:00,-15.2,63,0,4
1/3/2022 12:00,-14.6,58,0,3
1/3/2022 13:00,-12.8,60,0,1
1/3/2022 14:00,-13.7,66,0,2
1/3/2022 15:00,-13.7,67,0,3
1/3/2022 16:00,-14.5,65,0,2
1/3/2022 17:00,-14.7,70,0,3
1/3/2022 18:00,-14.8,74,0,4
1/3/2022 19:00,-15.3,78,0,4
1/3/2022 20:00,-15.1,79,0,1
1/3/2022 21:00,-15.4,75,0,4
1/3/2022 22:00,-15.2,70,0,5
1/3/2022 23:00,-14.4,64,0,8
1/4/2022 0:00,-14.2,73,0,7
1/4/2022 1:00,-15.1,64,0,5
1/4/2022 2:00,-14.3,68,0,7
1/4/2022 3:00,-13.2,74,0,6
1/4/2022 4:00,-12.8,82,0,5
1/4/2022 5:00,-13.3,68,0,10
1/4/2022 6:00,-13.3,71,0,8
1/4/2022 7:00,-12.2,74,0,8
1/4/2022 8:00,-11.1,78,0,8
1/4/2022 9:00,-10.3,72,0,6
1/4/2022 10:00,-9.5,74,0,7
1/4/2022 11:00,-8.6,73,0,5
1/4/2022 12:00,-7.9,71,0,8
1/4/2022 13:00,-6.9,74,0,6
1/4/2022 14:00,-6.3,75,0,5
1/4/2022 15:00,-5.5,77,0,5
1/4/2022 16:00,-4.9,78,0,5
1/4/2022 17:00,-4.4,80,0,4
1/4/2022 18:00,-3.9,81,0,3
1/4/2022 19:00,-3.6,83,0,4
1/4/2022 20:00,-3.6,82,0,7
1/4/2022 21:00,-3.5,80,0,6
1/4/2022 22:00,-3.4,80,0,6
1/4/2022 23:00,-3.7,81,0,7
1/5/2022 0:00,-3.6,82,0,9
1/5/2022 1:00,-3.5,81,0,8
1/5/2022 2:00,-3.1,80,0,7
1/5/2022 3:00,-2.7,77,0,10
1/5/2022 4:00,-2.9,76,0,7
1/5/2022 5:00,-2.7,75,0,6
1/5/2022 6:00,-2.9,73,0,6
1/5/2022 7:00,-2.6,72,0,5
1/5/2022 8:00,-2.6,71,0,5
1/5/2022 9:00,-2.1,70,0,4
1/5/2022 10:00,-1.3,66,0,7
1/5/2022 11:00,-0.4,62,0,7
1/5/2022 12:00,-0.1,58,0,9
1/5/2022 13:00,1,57,0,7
1/5/2022 14:00,0.7,59,0,5
1/5/2022 15:00,0.7,62,0,5
1/5/2022 16:00,1.1,63,0,4
1/5/2022 17:00,1.2,67,0,4
1/5/2022 18:00,1.3,70,0,5
1/5/2022 19:00,1.4,72,0,6
1/5/2022 20:00,1.2,79,0,7
1/5/2022 21:00,1.2,82,0,4
1/5/2022 22:00,0.8,88,0.3,2
1/5/2022 23:00,1.1,87,0.2,3
1/6/2022 0:00,1.9,81,0,9
1/6/2022 1:00,1.5,66,0,10
1/6/2022 2:00,1,66,0,10
1/6/2022 3:00,1,59,0,9
1/6/2022 4:00,0.8,56,0,11
1/6/2022 5:00,0.2,59,0,11
1/6/2022 6:00,-0.7,63,0,9
1/6/2022 7:00,-1.9,69,0,8
1/6/2022 8:00,-2.3,67,0,8
1/6/2022 9:00,-2.4,68,0,7
1/6/2022 10:00,-2.1,69,0,6
1/6/2022 11:00,-2.2,69,0,9
1/6/2022 12:00,-2.2,71,0,6
1/6/2022 13:00,-1.9,70,0,8
1/6/2022 14:00,-2.4,70,0,6
1/6/2022 15:00,-2.7,68,0,7
1/6/2022 16:00,-3.5,69,0,3
1/6/2022 17:00,-4.6,75,0,5
1/6/2022 18:00,-5.2,69,0,2
1/6/2022 19:00,-5.6,72,0,4
1/6/2022 20:00,-5.9,64,0,2
1/6/2022 21:00,-6,66,0,2
1/6/2022 22:00,-6.1,67,0,2
1/6/2022 23:00,-6.1,67,0,4
1/7/2022 0:00,-6.5,70,0,3
1/7/2022 1:00,-6.4,69,0,9
1/7/2022 2:00,-6.7,79,0,3
1/7/2022 3:00,-6.8,85,0.3,3
1/7/2022 4:00,-6.4,87,0.2,4
1/7/2022 5:00,-6.9,87,0,4
1/7/2022 6:00,-7.2,88,0.2,7
1/7/2022 7:00,-7.4,88,0.2,8
1/7/2022 8:00,-7.7,87,0,8
1/7/2022 9:00,-7.5,87,0,9
1/7/2022 10:00,-7.6,83,0,8
1/7/2022 11:00,-6.9,83,0,6
1/7/2022 12:00,-6.8,81,0.2,8
1/7/2022 13:00,-6.4,82,0,6
1/7/2022 14:00,-6.2,82,0,5
1/7/2022 15:00,-5.8,82,0.2,3
1/7/2022 16:00,-6.1,85,0,4
1/7/2022 17:00,-6.8,84,0.3,6
1/7/2022 18:00,-7.3,80,0.2,5
1/7/2022 19:00,-8.2,78,0,5
1/7/2022 20:00,-10.3,70,0,5
1/7/2022 21:00,-11.6,68,0,4
1/7/2022 22:00,-12.6,71,0,5
1/7/2022 23:00,-13.2,72,0,6
1/8/2022 0:00,-13.7,72,0,6
1/8/2022 1:00,-14.7,71,0,5
1/8/2022 2:00,-15.6,70,0,4
1/8/2022 3:00,-16.2,69,0.2,4
1/8/2022 4:00,-16.8,70,0,6
1/8/2022 5:00,-17.8,71,0,7
1/8/2022 6:00,-18.3,70,0,11
1/8/2022 7:00,-18.9,70,0,15
1/8/2022 8:00,-18.8,69,0,18
1/8/2022 9:00,-17.2,62,0.2,6
1/8/2022 10:00,-17,59,0,11
1/8/2022 11:00,-16,58,0,8
1/8/2022 12:00,-15.3,53,0,6
1/8/2022 13:00,-13.4,52,0,7
1/8/2022 14:00,-13.2,56,0,8
1/8/2022 15:00,-12.9,63,0,6
1/8/2022 16:00,-13.6,62,0,6
1/8/2022 17:00,-14.1,67,0,8
1/8/2022 18:00,-13,68,0,6
1/8/2022 19:00,-12,65,0,5
1/8/2022 20:00,-12.2,63,0,7
1/8/2022 21:00,-11.8,61,0,7
1/8/2022 22:00,-10.3,65,0,5
1/8/2022 23:00,-9.5,64,0,3
1/9/2022 0:00,-9.3,66,0,1
1/9/2022 1:00,-9.2,67,0,3
1/9/2022 2:00,-8.7,72,0,3
1/9/2022 3:00,-7.8,74,0,3
1/9/2022 4:00,-8.6,74,0,2
1/9/2022 5:00,-7.9,81,0,0
1/9/2022 6:00,-4.7,67,0,5
1/9/2022 7:00,-3.8,61,0,6
1/9/2022 8:00,-3.3,74,0,6
1/9/2022 9:00,-3.5,86,0,8
1/9/2022 10:00,-3.4,92,0.7,8
1/9/2022 11:00,-2.8,93,1.7,8
1/9/2022 12:00,-2,94,1.8,6
1/9/2022 13:00,-1.5,93,0.7,7
1/9/2022 14:00,-0.7,92,0.2,8
1/9/2022 15:00,-0.1,94,0.3,7
1/9/2022 16:00,0.3,96,0.4,7
1/9/2022 17:00,2.2,95,0.5,11
1/9/2022 18:00,1.8,87,0.3,8
1/9/2022 19:00,1.3,70,0,5
1/9/2022 20:00,0.6,58,0,6
1/9/2022 21:00,-0.8,56,0,7
1/9/2022 22:00,-2.1,51,0,8
1/9/2022 23:00,-3.4,57,0,5
1/10/2022 0:00,-4.9,52,0,6
1/10/2022 1:00,-6.9,62,0,5
1/10/2022 2:00,-8.2,56,0,4
1/10/2022 3:00,-9.6,49,0,4
1/10/2022 4:00,-10.8,48,0,4
1/10/2022 5:00,-11.8,55,0,4
1/10/2022 6:00,-12.4,58,0,3
1/10/2022 7:00,-12,60,0,6
1/10/2022 8:00,-12.3,60,0,4
1/10/2022 9:00,-12.2,62,0.3,7
1/10/2022 10:00,-12.1,70,0,7
1/10/2022 11:00,-11.7,66,0,5
1/10/2022 12:00,-10.3,57,0,8
1/10/2022 13:00,-10.4,46,0,9
1/10/2022 14:00,-10.6,40,0,9
1/10/2022 15:00,-11.1,41,0,5
1/10/2022 16:00,-11.9,48,0,4
1/10/2022 17:00,-12.6,50,0,4
1/10/2022 18:00,-13.4,43,0,11
1/10/2022 19:00,-14.2,48,0,10
1/10/2022 20:00,-15.6,55,0,12
1/10/2022 21:00,-16.3,52,0,14
1/10/2022 22:00,-17.3,52,0,14
1/10/2022 23:00,-18.7,49,0,18
1/11/2022 0:00,-19.5,53,0,15
1/11/2022 1:00,-20.6,50,0,14
1/11/2022 2:00,-21.3,54,0,12
1/11/2022 3:00,-21.9,54,0,8
1/11/2022 4:00,-22.4,54,0,8
1/11/2022 5:00,-23,55,0,5
1/11/2022 6:00,-23.7,59,0,4
1/11/2022 7:00,-24.5,58,0,3
1/11/2022 8:00,-24.5,60,0,7
1/11/2022 9:00,-24,55,0.2,7
1/11/2022 10:00,-23.4,51,0,6
1/11/2022 11:00,-22.6,51,0,6
1/11/2022 12:00,-22.6,48,0,7
1/11/2022 13:00,-21.4,47,0,7
1/11/2022 14:00,-21,46,0,7
1/11/2022 15:00,-21,50,0,6
1/11/2022 16:00,-20.8,52,0,4
1/11/2022 17:00,-20.9,56,0,5
1/11/2022 18:00,-20.7,52,0,5
1/11/2022 19:00,-20.9,59,0,3
1/11/2022 20:00,-20.3,67,0,6
1/11/2022 21:00,-19.8,63,0,7
1/11/2022 22:00,-19.6,71,0,8
1/11/2022 23:00,-18.9,69,0,8
1/12/2022 0:00,-17.7,71,0,6
1/12/2022 1:00,-15.6,71,0,5
1/12/2022 2:00,-15,75,0,11
1/12/2022 3:00,-13.4,77,0,7
1/12/2022 4:00,-12,77,0,7
1/12/2022 5:00,-11.2,71,0,9
1/12/2022 6:00,-11.6,77,0,6
1/12/2022 7:00,-10.7,74,0,7
1/12/2022 8:00,-9.7,66,0,6
1/12/2022 9:00,-10.1,69,0,2
1/12/2022 10:00,-8.8,82,0.3,6
1/12/2022 11:00,-7.9,76,0,5
1/12/2022 12:00,-7,66,0,6
1/12/2022 13:00,-8.7,74,0,1
1/12/2022 14:00,-6.9,73,0.2,3
1/12/2022 15:00,-8.6,86,0.3,2
1/12/2022 16:00,-9.9,86,0.2,9
1/12/2022 17:00,-10.1,89,0,4
1/12/2022 18:00,-9.4,88,0.2,5
1/12/2022 19:00,-8.6,87,0.2,1
1/12/2022 20:00,-8.3,86,0,2
1/12/2022 21:00,-8.8,87,0,9
1/12/2022 22:00,-7.5,89,0,4
1/12/2022 23:00,-7.4,85,0,5
1/13/2022 0:00,-8.8,86,0,6
1/13/2022 1:00,-9.6,84,0,8
1/13/2022 2:00,-9.5,77,0,8
1/13/2022 3:00,-9.7,77,0,6
1/13/2022 4:00,-9.6,80,0,6
1/13/2022 5:00,-9.6,84,0,6
1/13/2022 6:00,-10.2,82,0.2,10
1/13/2022 7:00,-9.9,84,0.3,8
1/13/2022 8:00,-10,83,0.2,10
1/13/2022 9:00,-10,84,0.2,10
1/13/2022 10:00,-9.7,85,0.2,9
1/13/2022 11:00,-9.5,82,0.2,11
1/13/2022 12:00,-9.3,82,0,8
1/13/2022 13:00,-8.9,86,0,9
1/13/2022 14:00,-8.6,88,0,9
1/13/2022 15:00,-8.3,85,0,9
1/13/2022 16:00,-8.1,82,0,5
1/13/2022 17:00,-8.1,84,0,8
1/13/2022 18:00,-8,89,0.2,6
1/13/2022 19:00,-7.9,88,0,8
1/13/2022 20:00,-7.6,89,0,3
1/13/2022 21:00,-7.5,89,0,2
1/13/2022 22:00,-7.4,90,0,3
1/13/2022 23:00,-7.1,88,0,5
1/14/2022 0:00,-7.5,89,0,7
1/14/2022 1:00,-7.2,89,0,2
1/14/2022 2:00,-6.9,88,0,2
1/14/2022 3:00,-7,88,0,3
1/14/2022 4:00,-6.6,87,0,5
1/14/2022 5:00,-6.7,84,0,5
1/14/2022 6:00,-5.8,79,0,6
1/14/2022 7:00,-5.9,76,0,10
1/14/2022 8:00,-7.1,71,0,12
1/14/2022 9:00,-8.2,65,0,14
1/14/2022 10:00,-9.1,64,0,11
1/14/2022 11:00,-9.8,61,0.3,18
1/14/2022 12:00,-11.3,52,0,17
1/14/2022 13:00,-12,48,0,18
1/14/2022 14:00,-12.6,44,0,17
1/14/2022 15:00,-13.5,41,0,17
1/14/2022 16:00,-14.2,43,0,15
1/14/2022 17:00,-15,46,0,14
1/14/2022 18:00,-16.2,47,0,18
1/14/2022 19:00,-17.6,52,0,19
1/14/2022 20:00,-18.5,54,0,16
1/14/2022 21:00,-19.5,55,0,19
1/14/2022 22:00,-20.3,55,0,19
1/14/2022 23:00,-21.3,55,0,18
1/15/2022 0:00,-22.2,56,0,20
1/15/2022 1:00,-22.6,55,0,19
1/15/2022 2:00,-22.9,57,0,11
1/15/2022 3:00,-23,55,0,8
1/15/2022 4:00,-23,55,0,10
1/15/2022 5:00,-23.5,55,0,8
1/15/2022 6:00,-23.7,55,0,9
1/15/2022 7:00,-24.3,54,0,8
1/15/2022 8:00,-24.8,58,0,5
1/15/2022 9:00,-23.9,53,0.2,6
1/15/2022 10:00,-22.6,48,0,4
1/15/2022 11:00,-21.7,49,0,5
1/15/2022 12:00,-20.8,42,0,5
1/15/2022 13:00,-19.6,43,0,10
1/15/2022 14:00,-19,42,0,7
1/15/2022 15:00,-18.8,44,0,5
1/15/2022 16:00,-19.8,49,0,6
1/15/2022 17:00,-19.8,51,0,6
1/15/2022 18:00,-19.7,51,0,8
1/15/2022 19:00,-19.9,51,0,8
1/15/2022 20:00,-20.2,53,0,8
1/15/2022 21:00,-20.6,54,0,9
1/15/2022 22:00,-21,57,0,6
1/15/2022 23:00,-21.1,59,0,5
1/16/2022 0:00,-21.2,57,0,3
1/16/2022 1:00,-21.7,60,0,7
1/16/2022 2:00,-21.1,58,0,2
1/16/2022 3:00,-21.2,58,0,8
1/16/2022 4:00,-21.2,74,0,4
1/16/2022 5:00,-21.2,82,0,3
1/16/2022 6:00,-21,81,0,7
1/16/2022 7:00,-20.7,76,0,8
1/16/2022 8:00,-20.1,63,0,8
1/16/2022 9:00,-18.2,66,0,6
1/16/2022 10:00,-17.1,60,0,7
1/16/2022 11:00,-16.8,64,0,9
1/16/2022 12:00,-15,59,0,7
1/16/2022 13:00,-14.2,56,0,8
1/16/2022 14:00,-13,53,0,5
1/16/2022 15:00,-13.9,58,0,5
1/16/2022 16:00,-14.4,61,0,6
1/16/2022 17:00,-14.6,62,0,5
1/16/2022 18:00,-15.8,70,0,7
1/16/2022 19:00,-16,64,0,11
1/16/2022 20:00,-16.7,65,0,10
1/16/2022 21:00,-16.9,74,0,12
1/16/2022 22:00,-17,79,0,10
1/16/2022 23:00,-16.7,78,0,8
1/17/2022 0:00,-16.5,83,0,9
1/17/2022 1:00,-16,79,0,9
1/17/2022 2:00,-15.6,77,0,11
1/17/2022 3:00,-14.6,78,0,8
1/17/2022 4:00,-14.5,82,0,13
1/17/2022 5:00,-13.4,83,0.2,15
1/17/2022 6:00,-11.8,86,0,13
1/17/2022 7:00,-10.6,88,0.9,12
1/17/2022 8:00,-9.6,89,1.7,14
1/17/2022 9:00,-8.8,91,3.7,15
1/17/2022 10:00,-7.2,91,1.1,17
1/17/2022 11:00,-6.5,90,0,20
1/17/2022 12:00,-6.2,92,1.2,17
1/17/2022 13:00,-5.5,92,0.7,14
1/17/2022 14:00,-4.7,93,0.4,18
1/17/2022 15:00,-4.7,93,1,15
1/17/2022 16:00,-4.6,92,0.2,15
1/17/2022 17:00,-4.4,93,0.2,11
1/17/2022 18:00,-4.2,93,0.5,9
1/17/2022 19:00,-4.1,93,0.2,3
1/17/2022 20:00,-3.6,93,0,3
1/17/2022 21:00,-3.5,91,0,3
1/17/2022 22:00,-4.4,88,0,4
1/17/2022 23:00,-5.8,90,0.2,4
1/18/2022 0:00,-6.5,88,0.3,5
1/18/2022 1:00,-6.8,79,0,4
1/18/2022 2:00,-7.4,78,0,4
1/18/2022 3:00,-8.3,77,0,5
1/18/2022 4:00,-9.2,75,0,7
1/18/2022 5:00,-9.8,74,0,5
1/18/2022 6:00,-10.4,75,0,5
1/18/2022 7:00,-11.6,73,0,5
1/18/2022 8:00,-12.6,70,0,5
1/18/2022 9:00,-13.1,69,0,6
1/18/2022 10:00,-13.7,66,0.3,5
1/18/2022 11:00,-13,61,0,6
1/18/2022 12:00,-13.7,55,0,11
1/18/2022 13:00,-13.5,50,0,6
1/18/2022 14:00,-13.5,48,0,7
1/18/2022 15:00,-13.6,46,0,5
1/18/2022 16:00,-14.2,52,0,5
1/18/2022 17:00,-14.9,55,0,4
1/18/2022 18:00,-14.9,55,0,4
1/18/2022 19:00,-15.4,57,0,4
1/18/2022 20:00,-15.7,59,0,3
1/18/2022 21:00,-16.1,60,0,1
1/18/2022 22:00,-16.9,64,0,2
1/18/2022 23:00,-16.5,61,0,4
1/19/2022 0:00,-16.8,67,0,3
1/19/2022 1:00,-15.7,79,0,6
1/19/2022 2:00,-16.2,75,0,5
1/19/2022 3:00,-15.9,70,0,5
1/19/2022 4:00,-15.5,67,0,8
1/19/2022 5:00,-15.7,65,0,7
1/19/2022 6:00,-15.8,71,0,4
1/19/2022 7:00,-15.7,78,0,6
1/19/2022 8:00,-15.5,84,1.1,7
1/19/2022 9:00,-15.6,83,1.1,8
1/19/2022 10:00,-16,83,1.1,13
1/19/2022 11:00,-15.9,83,0.7,13
1/19/2022 12:00,-14.7,84,0,12
1/19/2022 13:00,-14.2,88,0,9
1/19/2022 14:00,-14.6,86,0,8
1/19/2022 15:00,-14.3,84,0,9
1/19/2022 16:00,-13.4,84,0,7
1/19/2022 17:00,-12.8,84,0,6
1/19/2022 18:00,-12.1,86,0,1
1/19/2022 19:00,-11.9,85,0,2
1/19/2022 20:00,-11.7,88,0.4,1
1/19/2022 21:00,-7.8,83,0,7
1/19/2022 22:00,-7.5,88,0,6
1/19/2022 23:00,-8,88,0,7
1/20/2022 0:00,-7,87,0,6
1/20/2022 1:00,-5.8,73,0,4
1/20/2022 2:00,-6.5,68,0,3
1/20/2022 3:00,-7.1,69,0,4
1/20/2022 4:00,-10.7,60,0,11
1/20/2022 5:00,-12.6,62,0,7
1/20/2022 6:00,-14.2,59,0,6
1/20/2022 7:00,-15,62,0,5
1/20/2022 8:00,-15.6,65,0,5
1/20/2022 9:00,-15.8,62,0.3,8
1/20/2022 10:00,-15.6,59,0,14
1/20/2022 11:00,-15.4,58,0,6
1/20/2022 12:00,-14.7,54,0,5
1/20/2022 13:00,-14.6,51,0,5
1/20/2022 14:00,-13.9,51,0,8
1/20/2022 15:00,-14.1,53,0,6
1/20/2022 16:00,-14.9,61,0,4
1/20/2022 17:00,-15.7,63,0,3
1/20/2022 18:00,-16,64,0,5
1/20/2022 19:00,-16.5,65,0,3
1/20/2022 20:00,-17,65,0,5
1/20/2022 21:00,-17.7,63,0,6
1/20/2022 22:00,-18,63,0,7
1/20/2022 23:00,-18.2,62,0,8
1/21/2022 0:00,-18.7,64,0,10
1/21/2022 1:00,-19.3,63,0,8
1/21/2022 2:00,-20.2,66,0,6
1/21/2022 3:00,-20.4,65,0,7
1/21/2022 4:00,-21.2,70,0,4
1/21/2022 5:00,-20.8,76,0,9
1/21/2022 6:00,-21.2,75,0,8
1/21/2022 7:00,-21.4,76,0,8
1/21/2022 8:00,-21.6,77,0,9
1/21/2022 9:00,-20.7,73,0,7
1/21/2022 10:00,-19.8,58,0.2,6
1/21/2022 11:00,-19.5,58,0,3
1/21/2022 12:00,-18.5,62,0,3
1/21/2022 13:00,-18.2,67,0,7
1/21/2022 14:00,-16.9,60,0,5
1/21/2022 15:00,-17.1,60,0,6
1/21/2022 16:00,-18.1,66,0,7
1/21/2022 17:00,-18.5,69,0,3
1/21/2022 18:00,-19.3,73,0,5
1/21/2022 19:00,-21.2,74,0,1
1/21/2022 20:00,-20,74,0,4
1/21/2022 21:00,-20,74,0,5
1/21/2022 22:00,-20.2,76,0,5
1/21/2022 23:00,-20.2,77,0,3
1/22/2022 0:00,-19.9,84,0,7
1/22/2022 1:00,-21.1,82,0,2
1/22/2022 2:00,-20.6,81,0,3
1/22/2022 3:00,-20.6,82,0,3
1/22/2022 4:00,-20.1,85,0,6
1/22/2022 5:00,-20.7,85,0,4
1/22/2022 6:00,-21.6,81,0,6
1/22/2022 7:00,-23,80,0,6
1/22/2022 8:00,-22.1,83,0,5
1/22/2022 9:00,-21.9,81,0,3
1/22/2022 10:00,-20.6,78,0,5
1/22/2022 11:00,-19.9,74,0,8
1/22/2022 12:00,-18.7,65,0,2
1/22/2022 13:00,-17.4,74,0,2
1/22/2022 14:00,-16.8,71,0,5
1/22/2022 15:00,-16.9,70,0,5
1/22/2022 16:00,-17.4,75,0,5
1/22/2022 17:00,-17.6,76,0,6
1/22/2022 18:00,-18,73,0,7
1/22/2022 19:00,-17.6,73,0,4
1/22/2022 20:00,-17.4,72,0,7
1/22/2022 21:00,-17.5,68,0,6
1/22/2022 22:00,-16.9,77,0,5
1/22/2022 23:00,-16.3,80,0,1
1/23/2022 0:00,-14.8,83,0,1
1/23/2022 1:00,-12.8,78,0,5
1/23/2022 2:00,-13.1,80,0,1
1/23/2022 3:00,-10.7,78,0,6
1/23/2022 4:00,-9.8,74,0,5
1/23/2022 5:00,-9.9,78,0,4
1/23/2022 6:00,-9.2,81,0,7
1/23/2022 7:00,-7.4,85,0,7
1/23/2022 8:00,-9.3,85,0,6
1/23/2022 9:00,-8.6,74,0,8
1/23/2022 10:00,-7.9,61,0.3,6
1/23/2022 11:00,-8.3,58,0,6
1/23/2022 12:00,-7.5,54,0,6
1/23/2022 13:00,-7.5,49,0,7
1/23/2022 14:00,-8.7,46,0,10
1/23/2022 15:00,-8.9,47,0,6
1/23/2022 16:00,-9.9,52,0,4
1/23/2022 17:00,-10.8,54,0,2
1/23/2022 18:00,-12,54,0,3
1/23/2022 19:00,-12.8,55,0,5
1/23/2022 20:00,-13.3,55,0,6
1/23/2022 21:00,-14.4,56,0,7
1/23/2022 22:00,-15.3,58,0,6
1/23/2022 23:00,-16.2,60,0,5
1/24/2022 0:00,-17,62,0,6
1/24/2022 1:00,-17,64,0,6
1/24/2022 2:00,-16.8,64,0,6
1/24/2022 3:00,-18.6,68,0,3
1/24/2022 4:00,-18.5,70,0,3
1/24/2022 5:00,-19.2,75,0,3
1/24/2022 6:00,-19.5,75,0,2
1/24/2022 7:00,-18.4,86,0,2
1/24/2022 8:00,-19.2,82,0,2
1/24/2022 9:00,-17.1,79,0,3
1/24/2022 10:00,-14.9,64,0,4
1/24/2022 11:00,-14.5,60,0,7
1/24/2022 12:00,-13.4,57,0,7
1/24/2022 13:00,-12.3,51,0,5
1/24/2022 14:00,-12.8,52,0,3
1/24/2022 15:00,-12.4,54,0,3
1/24/2022 16:00,-12.6,58,0,3
1/24/2022 17:00,-12.9,60,0,5
1/24/2022 18:00,-13,56,0,5
1/24/2022 19:00,-13,57,0,7
1/24/2022 20:00,-13.8,61,0,8
1/24/2022 21:00,-13.4,63,0,6
1/24/2022 22:00,-13.3,65,0,6
1/24/2022 23:00,-14.2,77,0,11
1/25/2022 0:00,-14.7,82,0.3,11
1/25/2022 1:00,-14.8,82,0,12
1/25/2022 2:00,-14.4,84,0,10
1/25/2022 3:00,-14.4,83,0.2,10
1/25/2022 4:00,-14.9,82,0,10
1/25/2022 5:00,-15,83,0,10
1/25/2022 6:00,-15.1,84,0,9
1/25/2022 7:00,-14.9,85,0,9
1/25/2022 8:00,-14.7,85,0,7
1/25/2022 9:00,-13.8,83,0,7
1/25/2022 10:00,-13.3,82,0,6
1/25/2022 11:00,-12.3,80,0,6
1/25/2022 12:00,-10.7,78,0,2
1/25/2022 13:00,-9.1,75,0.2,3
1/25/2022 14:00,-9.5,75,0,5
1/25/2022 15:00,-9.9,72,0,7
1/25/2022 16:00,-10.5,72,0,7
1/25/2022 17:00,-10.4,70,0,6
1/25/2022 18:00,-11,71,0,7
1/25/2022 19:00,-11.2,71,0,2
1/25/2022 20:00,-11.6,74,0,3
1/25/2022 21:00,-12.8,77,0,5
1/25/2022 22:00,-13,74,0,3
1/25/2022 23:00,-14,63,0,4
1/26/2022 0:00,-15.3,61,0,6
1/26/2022 1:00,-15.9,62,0,7
1/26/2022 2:00,-16.8,63,0,8
1/26/2022 3:00,-17.6,68,0,7
1/26/2022 4:00,-18.3,67,0,10
1/26/2022 5:00,-19.3,65,0.2,11
1/26/2022 6:00,-20,66,0,7
1/26/2022 7:00,-20.8,66,0,9
1/26/2022 8:00,-21.2,64,0,9
1/26/2022 9:00,-20.8,60,0,9
1/26/2022 10:00,-20.5,56,0.3,11
1/26/2022 11:00,-19.8,52,0,5
1/26/2022 12:00,-18.6,50,0,7
1/26/2022 13:00,-16.9,49,0,5
1/26/2022 14:00,-17.4,59,0,3
1/26/2022 15:00,-17.5,47,0,3
1/26/2022 16:00,-17.5,55,0,4
1/26/2022 17:00,-18.2,61,0,5
1/26/2022 18:00,-19.8,68,0,3
1/26/2022 19:00,-19.7,70,0,1
1/26/2022 20:00,-18.7,59,0,5
1/26/2022 21:00,-19.9,65,0,3
1/26/2022 22:00,-19.8,75,0,7
1/26/2022 23:00,-19.8,77,0,6
1/27/2022 0:00,-19.8,74,0,6
1/27/2022 1:00,-19.8,74,0,6
1/27/2022 2:00,-18.9,71,0,8
1/27/2022 3:00,-19.1,73,0,7
1/27/2022 4:00,-19.6,83,0,7
1/27/2022 5:00,-19.6,83,0,8
1/27/2022 6:00,-19.3,82,0,7
1/27/2022 7:00,-18.4,81,0,6
1/27/2022 8:00,-16.8,79,0,6
1/27/2022 9:00,-14.9,72,0,8
1/27/2022 10:00,-12.7,64,0,6
1/27/2022 11:00,-11.3,61,0,8
1/27/2022 12:00,-11.3,64,0,10
1/27/2022 13:00,-9.5,62,0,6
1/27/2022 14:00,-8.8,60,0,9
1/27/2022 15:00,-8.2,59,0,9
1/27/2022 16:00,-7.9,60,0,7
1/27/2022 17:00,-7.6,58,0,6
1/27/2022 18:00,-7.5,58,0,6
1/27/2022 19:00,-7.7,76,0,8
1/27/2022 20:00,-7.5,89,0.3,6
1/27/2022 21:00,-7,90,0.5,4
1/27/2022 22:00,-6.9,90,0.4,5
1/27/2022 23:00,-6.4,91,0.5,6
1/28/2022 0:00,-6.2,88,0.2,6
1/28/2022 1:00,-5.7,83,0.2,4
1/28/2022 2:00,-5.7,89,0.3,4
1/28/2022 3:00,-5.4,90,0.2,6
1/28/2022 4:00,-4.6,92,0.3,5
1/28/2022 5:00,-4.1,90,0.2,3
1/28/2022 6:00,-5.7,78,0.2,7
1/28/2022 7:00,-8.2,75,0,14
1/28/2022 8:00,-11.4,68,0,12
1/28/2022 9:00,-14.4,60,0,14
1/28/2022 10:00,-15.3,55,0.2,18
1/28/2022 11:00,-15.1,48,0,12
1/28/2022 12:00,-14.9,46,0,14
1/28/2022 13:00,-14.4,46,0,10
1/28/2022 14:00,-14,44,0,11
1/28/2022 15:00,-13.9,42,0,8
1/28/2022 16:00,-14.7,47,0,7
1/28/2022 17:00,-14.1,54,0,5
1/28/2022 18:00,-14.9,54,0,3
1/28/2022 19:00,-16,62,0,5
1/28/2022 20:00,-14.8,55,0,8
1/28/2022 21:00,-15.6,57,0,7
1/28/2022 22:00,-16.8,68,0,9
1/28/2022 23:00,-17.4,65,0,9
1/29/2022 0:00,-18.1,66,0,8
1/29/2022 1:00,-18.4,69,0,10
1/29/2022 2:00,-18.9,65,0,11
1/29/2022 3:00,-19.5,68,0,15
1/29/2022 4:00,-19.5,72,0,8
1/29/2022 5:00,-19.8,74,0,13
1/29/2022 6:00,-18.8,78,0,14
1/29/2022 7:00,-18.1,77,0,14
1/29/2022 8:00,-18,75,0,13
1/29/2022 9:00,-18.1,75,0,18
1/29/2022 10:00,-17.3,73,0,15
1/29/2022 11:00,-16.9,68,0,16
1/29/2022 12:00,-16,65,0,16
1/29/2022 13:00,-15.5,59,0,19
1/29/2022 14:00,-15.3,53,0,16
1/29/2022 15:00,-13.9,46,0,15
1/29/2022 16:00,-12.3,37,0,10
1/29/2022 17:00,-12.3,38,0,4
1/29/2022 18:00,-12.9,43,0,10
1/29/2022 19:00,-13.1,46,0,8
1/29/2022 20:00,-13.2,51,0,7
1/29/2022 21:00,-13.5,47,0,12
1/29/2022 22:00,-14.4,51,0,12
1/29/2022 23:00,-14.9,49,0,8
1/30/2022 0:00,-15,47,0,8
1/30/2022 1:00,-15.1,45,0,11
1/30/2022 2:00,-15.5,46,0,8
1/30/2022 3:00,-15.8,44,0,8
1/30/2022 4:00,-16.2,45,0,4
1/30/2022 5:00,-16.9,51,0,11
1/30/2022 6:00,-17.8,57,0,15
1/30/2022 7:00,-18.5,61,0,12
1/30/2022 8:00,-18.9,60,0,15
1/30/2022 9:00,-17.8,54,0,15
1/30/2022 10:00,-15.9,48,0,11
1/30/2022 11:00,-13.8,45,0,7
1/30/2022 12:00,-13,49,0,7
1/30/2022 13:00,-11.2,49,0,8
1/30/2022 14:00,-10.9,50,0,10
1/30/2022 15:00,-10.2,50,0,6
1/30/2022 16:00,-10.8,54,0,5
1/30/2022 17:00,-11.1,57,0,8
1/30/2022 18:00,-10.7,57,0,7
1/30/2022 19:00,-11.2,58,0,7
1/30/2022 20:00,-11.3,59,0,7
1/30/2022 21:00,-11.5,59,0,6
1/30/2022 22:00,-11.6,61,0,7
1/30/2022 23:00,-12,66,0,7
1/31/2022 0:00,-12.3,67,0,7
1/31/2022 1:00,-12.7,71,0,7
1/31/2022 2:00,-12.8,74,0,9
1/31/2022 3:00,-12.8,79,0,10
1/31/2022 4:00,-12.4,82,0,9
1/31/2022 5:00,-12.4,81,0,8
1/31/2022 6:00,-12.6,80,0,10
1/31/2022 7:00,-12.6,80,0,7
1/31/2022 8:00,-11.7,82,0,4
1/31/2022 9:00,-11.5,78,0,2
1/31/2022 10:00,-11,73,0,8
1/31/2022 11:00,-10.1,64,0,5
1/31/2022 12:00,-9.2,66,0,5
1/31/2022 13:00,-9.1,65,0,6
1/31/2022 14:00,-6.8,60,0,4
1/31/2022 15:00,-7.9,62,0,5
1/31/2022 16:00,-8.2,67,0,5
1/31/2022 17:00,-8.7,67,0,3
1/31/2022 18:00,-9.5,73,0,3
1/31/2022 19:00,-10.5,78,0,5
1/31/2022 20:00,-11.6,73,0,10
1/31/2022 21:00,-12.1,75,0,6
1/31/2022 22:00,-12,72,0,5
1/31/2022 23:00,-12.6,77,0,1
2/1/2022 0:00,-12.8,78,0,6
2/1/2022 1:00,-13.4,78,0,8
2/1/2022 2:00,-14.6,83,0,8
2/1/2022 3:00,-14.4,83,0,10
2/1/2022 4:00,-15,84,0,10
2/1/2022 5:00,-15.2,85,0,6
2/1/2022 6:00,-16.1,82,0,11
2/1/2022 7:00,-16,82,0,9
2/1/2022 8:00,-16.4,82,0,12
2/1/2022 9:00,-15.5,83,0,8
2/1/2022 10:00,-14.7,74,0,9
2/1/2022 11:00,-12.9,71,0,8
2/1/2022 12:00,-11.9,68,0,7
2/1/2022 13:00,-9.6,62,0,5
2/1/2022 14:00,-8,58,0,6
2/1/2022 15:00,-7.2,59,0,6
2/1/2022 16:00,-7.2,61,0,4
2/1/2022 17:00,-7.7,64,0,6
2/1/2022 18:00,-7.4,68,0,2
2/1/2022 19:00,-2,59,0,8
2/1/2022 20:00,-1.3,57,0,10
2/1/2022 21:00,-1.4,62,0,11
2/1/2022 22:00,-1.4,64,0,11
2/1/2022 23:00,-1.4,63,0,12
2/2/2022 0:00,-1.2,64,0,12
2/2/2022 1:00,-0.9,65,0,16
2/2/2022 2:00,-1.1,66,0,11
2/2/2022 3:00,-0.7,67,0,11
2/2/2022 4:00,-0.6,68,0,9
2/2/2022 5:00,-0.4,69,0,8
2/2/2022 6:00,-0.3,70,0,8
2/2/2022 7:00,-0.2,71,0,8
2/2/2022 8:00,-0.1,71,0,7
2/2/2022 9:00,0.3,70,0,8
2/2/2022 10:00,1.2,68,0,7
2/2/2022 11:00,1.9,66,0,8
2/2/2022 12:00,3.4,60,0,6
2/2/2022 13:00,3.7,57,0,6
2/2/2022 14:00,3.6,61,0,10
2/2/2022 15:00,3.1,68,0,8
2/2/2022 16:00,3,70,0,6
2/2/2022 17:00,3,71,0,4
2/2/2022 18:00,3.3,69,0,5
2/2/2022 19:00,3.6,67,0,7
2/2/2022 20:00,3.8,67,0,3
2/2/2022 21:00,3.3,71,0,4
2/2/2022 22:00,2,87,0,2
2/2/2022 23:00,1.6,91,0.8,3
2/3/2022 0:00,1.9,92,0.4,4
2/3/2022 1:00,1.4,94,1.1,5
2/3/2022 2:00,1.4,95,1.3,4
2/3/2022 3:00,1.2,95,1.5,4
2/3/2022 4:00,1.1,94,0.7,6
2/3/2022 5:00,0.8,96,0.7,5
2/3/2022 6:00,0.8,95,0.6,3
2/3/2022 7:00,0.7,95,0,6
2/3/2022 8:00,-1.1,90,0.2,15
2/3/2022 9:00,-2.3,85,0,13
2/3/2022 10:00,-3.4,81,0.2,13
2/3/2022 11:00,-4.3,78,0,12
2/3/2022 12:00,-4.6,81,0,9
2/3/2022 13:00,-4.8,63,0.2,12
2/3/2022 14:00,-4.9,59,0,9
2/3/2022 15:00,-5.2,53,0,8
2/3/2022 16:00,-5.5,57,0,9
2/3/2022 17:00,-6,58,0,12
2/3/2022 18:00,-6.2,61,0,12
2/3/2022 19:00,-7,66,0,11
2/3/2022 20:00,-8.7,82,0.3,12
2/3/2022 21:00,-9.5,85,0.7,12
2/3/2022 22:00,-10.3,84,0.7,15
2/3/2022 23:00,-10.9,84,0.8,13
2/4/2022 0:00,-11,86,0.5,13
2/4/2022 1:00,-11.4,86,0.9,15
2/4/2022 2:00,-11.5,85,0.5,13
2/4/2022 3:00,-12,85,0.5,14
2/4/2022 4:00,-12.5,84,0.3,17
2/4/2022 5:00,-12.8,84,0.6,17
2/4/2022 6:00,-12.6,84,0.5,13
2/4/2022 7:00,-12.8,84,0.3,14
2/4/2022 8:00,-13.1,85,0.5,13
2/4/2022 9:00,-13.4,83,0.3,17
2/4/2022 10:00,-13,80,0.2,16
2/4/2022 11:00,-12.6,76,0,16
2/4/2022 12:00,-12.2,72,0,13
2/4/2022 13:00,-11.8,72,0,14
2/4/2022 14:00,-11.6,73,0,14
2/4/2022 15:00,-11.5,71,0,14
2/4/2022 16:00,-11.7,72,0,13
2/4/2022 17:00,-11.6,74,0,12
2/4/2022 18:00,-11.4,76,0,12
2/4/2022 19:00,-11.7,82,0.2,9
2/4/2022 20:00,-11.8,78,0,12
2/4/2022 21:00,-11.6,76,0,10
2/4/2022 22:00,-11.7,76,0,12
2/4/2022 23:00,-11.7,77,0,9
2/5/2022 0:00,-12,79,0,9
2/5/2022 1:00,-12.2,79,0,7
2/5/2022 2:00,-12.6,75,0.2,6
2/5/2022 3:00,-12.6,79,0,5
2/5/2022 4:00,-12.5,76,0,5
2/5/2022 5:00,-12.3,78,0,3
2/5/2022 6:00,-12.1,81,0,2
2/5/2022 7:00,-12.3,80,0,2
2/5/2022 8:00,-13.1,76,0.2,5
2/5/2022 9:00,-13.5,65,0.2,11
2/5/2022 10:00,-13.5,58,0,11
2/5/2022 11:00,-13.2,55,0,10
2/5/2022 12:00,-12.3,49,0,6
2/5/2022 13:00,-11.9,50,0,7
2/5/2022 14:00,-11.6,47,0,5
2/5/2022 15:00,-11.9,43,0,7
2/5/2022 16:00,-12.4,48,0,7
2/5/2022 17:00,-12.7,50,0,5
2/5/2022 18:00,-13.4,50,0,5
2/5/2022 19:00,-14.6,58,0,7
2/5/2022 20:00,-14.9,60,0,5
2/5/2022 21:00,-15.2,59,0,6
2/5/2022 22:00,-15.4,56,0,9
2/5/2022 23:00,-15.3,56,0,5
2/6/2022 0:00,-15.5,57,0,7
2/6/2022 1:00,-17.4,66,0,2
2/6/2022 2:00,-16.2,62,0,3
2/6/2022 3:00,-16.1,65,0,6
2/6/2022 4:00,-17,74,0,2
2/6/2022 5:00,-15.4,70,0,4
2/6/2022 6:00,-16.8,85,0,4
2/6/2022 7:00,-16.1,76,0,6
2/6/2022 8:00,-15,71,0,5
2/6/2022 9:00,-15,70,0,7
2/6/2022 10:00,-14.1,63,0,9
2/6/2022 11:00,-12.7,55,0,7
2/6/2022 12:00,-11.3,49,0,7
2/6/2022 13:00,-10.5,52,0,8
2/6/2022 14:00,-9.4,51,0,8
2/6/2022 15:00,-8.2,55,0,9
2/6/2022 16:00,-7.8,55,0,9
2/6/2022 17:00,-6.9,54,0,8
2/6/2022 18:00,-5.9,54,0,5
2/6/2022 19:00,-8.9,64,0,6
2/6/2022 20:00,-10.7,76,0,8
2/6/2022 21:00,-10.2,81,0,4
2/6/2022 22:00,-8.6,80,0,0
2/6/2022 23:00,-6.8,69,0,1
2/7/2022 0:00,-5.1,66,0,5
2/7/2022 1:00,-5,66,0,6
2/7/2022 2:00,-4.8,70,0,6
2/7/2022 3:00,-5,68,0,6
2/7/2022 4:00,-5.5,69,0,7
2/7/2022 5:00,-6.2,70,0,7
2/7/2022 6:00,-6.4,73,0,6
2/7/2022 7:00,-6.1,73,0,6
2/7/2022 8:00,-5.6,73,0,7
2/7/2022 9:00,-4.5,68,0,7
2/7/2022 10:00,-3.3,62,0,9
2/7/2022 11:00,-1.9,58,0,7
2/7/2022 12:00,-1.4,59,0,5
2/7/2022 13:00,-1,60,0,5
2/7/2022 14:00,-0.9,61,0,7
2/7/2022 15:00,-0.7,60,0,4
2/7/2022 16:00,-0.2,62,0,2
2/7/2022 17:00,-0.1,71,0,4
2/7/2022 18:00,-2.5,78,0,5
2/7/2022 19:00,-2.8,75,0,5
2/7/2022 20:00,-3.3,73,0,6
2/7/2022 21:00,-3.2,72,0,6
2/7/2022 22:00,-3.8,74,0,8
2/7/2022 23:00,-4.8,78,0,9
2/8/2022 0:00,-6,84,0,9
2/8/2022 1:00,-6.3,87,0,9
2/8/2022 2:00,-6.8,87,0,10
2/8/2022 3:00,-7.1,86,0,10
2/8/2022 4:00,-7.1,87,0,9
2/8/2022 5:00,-7.4,88,0,13
2/8/2022 6:00,-7.5,89,0,13
2/8/2022 7:00,-7.2,91,0,12
2/8/2022 8:00,-7,90,0,13
2/8/2022 9:00,-5.9,88,0,13
2/8/2022 10:00,-4.7,87,0,13
2/8/2022 11:00,-3.6,86,0,8
2/8/2022 12:00,-3.3,85,0,5
2/8/2022 13:00,-3.2,88,0,8
2/8/2022 14:00,-2.7,86,0,5
2/8/2022 15:00,-1.9,83,0,3
2/8/2022 16:00,-2.1,83,0,5
2/8/2022 17:00,-2.2,83,0,4
2/8/2022 18:00,-2.4,79,0,4
2/8/2022 19:00,-2.4,78,0,2
2/8/2022 20:00,-2.6,79,0,4
2/8/2022 21:00,-2.8,82,0,6
2/8/2022 22:00,-3.5,85,0,7
2/8/2022 23:00,-3,86,0,6
2/9/2022 0:00,-3,88,0,7
2/9/2022 1:00,-2.3,87,0,8
2/9/2022 2:00,-2.3,79,0,6
2/9/2022 3:00,-3.8,86,0,6
2/9/2022 4:00,-5.1,83,0,6
2/9/2022 5:00,-5.5,82,0,10
2/9/2022 6:00,-5.9,84,0,10
2/9/2022 7:00,-5.9,82,0,12
2/9/2022 8:00,-5.6,80,0,4
2/9/2022 9:00,-3.1,65,0,7
2/9/2022 10:00,-2.1,58,0,5
2/9/2022 11:00,-0.9,53,0,7
2/9/2022 12:00,-0.6,55,0,11
2/9/2022 13:00,0.4,55,0,10
2/9/2022 14:00,0.8,55,0,7
2/9/2022 15:00,1.9,55,0,8
2/9/2022 16:00,1.1,58,0,6
2/9/2022 17:00,1.3,59,0,4
2/9/2022 18:00,1.4,60,0,6
2/9/2022 19:00,0.4,65,0,4
2/9/2022 20:00,1.3,63,0,5
2/9/2022 21:00,1.8,59,0,6
2/9/2022 22:00,1.1,67,0,1
2/9/2022 23:00,1.9,63,0,3
2/10/2022 0:00,1.9,64,0,6
2/10/2022 1:00,2.1,66,0,6
2/10/2022 2:00,2.3,66,0,6
2/10/2022 3:00,2.4,67,0,6
2/10/2022 4:00,2.5,65,0,8
2/10/2022 5:00,2.4,68,0,6
2/10/2022 6:00,2.1,71,0,6
2/10/2022 7:00,1.6,75,0,6
2/10/2022 8:00,1.7,80,0,7
2/10/2022 9:00,2.5,78,0,8
2/10/2022 10:00,2.9,77,0,6
2/10/2022 11:00,1.8,90,0.2,10
2/10/2022 12:00,2.4,88,0.3,12
2/10/2022 13:00,3.5,79,0,11
2/10/2022 14:00,3.5,77,0,9
2/10/2022 15:00,2.7,85,0.2,9
2/10/2022 16:00,2.8,82,0,12
2/10/2022 17:00,2.7,81,0,11
2/10/2022 18:00,2.1,86,0,7
2/10/2022 19:00,2.1,86,0.4,7
2/10/2022 20:00,1.2,88,0.6,7
2/10/2022 21:00,1.5,77,0,7
2/10/2022 22:00,1.5,76,0,10
2/10/2022 23:00,1.5,74,0,9
2/11/2022 0:00,1.2,74,0,8
2/11/2022 1:00,0.9,76,0,7
2/11/2022 2:00,0.4,78,0,8
2/11/2022 3:00,0.1,79,0,5
2/11/2022 4:00,0.2,78,0,7
2/11/2022 5:00,0.3,79,0,7
2/11/2022 6:00,0.2,79,0,7
2/11/2022 7:00,0.4,77,0,4
2/11/2022 8:00,0.6,73,0,6
2/11/2022 9:00,0.7,72,0,8
2/11/2022 10:00,2,65,0,4
2/11/2022 11:00,2.9,61,0,8
2/11/2022 12:00,3.1,60,0,9
2/11/2022 13:00,4.2,58,0,10
2/11/2022 14:00,3.7,60,0,9
2/11/2022 15:00,4.1,57,0,10
2/11/2022 16:00,4.5,55,0,6
2/11/2022 17:00,4.4,71,0,7
2/11/2022 18:00,4.9,58,0,5
2/11/2022 19:00,5.2,54,0,6
2/11/2022 20:00,5.5,52,0,7
2/11/2022 21:00,5.7,52,0,5
2/11/2022 22:00,5.3,57,0,5
2/11/2022 23:00,4.3,77,0,4
2/12/2022 0:00,3.3,89,0.7,10
2/12/2022 1:00,3.4,91,1.4,10
2/12/2022 2:00,3.1,92,0.5,8
2/12/2022 3:00,3.1,93,1,9
2/12/2022 4:00,2.9,93,0.3,8
2/12/2022 5:00,2.8,92,0.5,8
2/12/2022 6:00,2.8,92,0,8
2/12/2022 7:00,2.8,92,0.6,12
2/12/2022 8:00,2.7,91,0.7,10
2/12/2022 9:00,2.8,89,0,9
2/12/2022 10:00,3.7,82,0,11
2/12/2022 11:00,4.2,74,0,11
2/12/2022 12:00,4.2,72,0,11
2/12/2022 13:00,1.7,79,0,6
2/12/2022 14:00,-1.1,77,0,10
2/12/2022 15:00,-3.6,74,0,9
2/12/2022 16:00,-5.7,69,0,6
2/12/2022 17:00,-7.4,69,0.2,5
2/12/2022 18:00,-9,66,0,5
2/12/2022 19:00,-10,64,0,6
2/12/2022 20:00,-11.4,64,0,10
2/12/2022 21:00,-12.3,63,0,10
2/12/2022 22:00,-12.8,64,0,12
2/12/2022 23:00,-13.1,63,0,11
2/13/2022 0:00,-13.6,63,0,8
2/13/2022 1:00,-15.2,61,0.2,12
2/13/2022 2:00,-15.9,60,0,12
2/13/2022 3:00,-17,60,0,13
2/13/2022 4:00,-17.9,63,0,16
2/13/2022 5:00,-18.5,65,0,14
2/13/2022 6:00,-19.5,66,0,13
2/13/2022 7:00,-20.3,68,0,13
2/13/2022 8:00,-20.6,65,0.2,13
2/13/2022 9:00,-19.7,65,0,11
2/13/2022 10:00,-19.1,59,0.2,8
2/13/2022 11:00,-17.8,60,0,5
2/13/2022 12:00,-17.5,56,0,4
2/13/2022 13:00,-15.8,60,0,7
2/13/2022 14:00,-15.5,58,0,7
2/13/2022 15:00,-15.2,52,0,10
2/13/2022 16:00,-15.1,61,0,7
2/13/2022 17:00,-15,62,0,7
2/13/2022 18:00,-15,64,0,7
2/13/2022 19:00,-15.3,58,0,7
2/13/2022 20:00,-15.5,62,0,4
2/13/2022 21:00,-15.2,62,0,8
2/13/2022 22:00,-15.2,63,0,8
2/13/2022 23:00,-15.6,64,0,9
2/14/2022 0:00,-15.8,61,0,12
2/14/2022 1:00,-16.6,63,0,12
2/14/2022 2:00,-16.8,63,0,12
2/14/2022 3:00,-16.6,65,0,7
2/14/2022 4:00,-17,65,0,7
2/14/2022 5:00,-17,64,0,6
2/14/2022 6:00,-16.8,65,0,6
2/14/2022 7:00,-17.3,66,0,8
2/14/2022 8:00,-17.2,74,0,7
2/14/2022 9:00,-16.9,69,0,6
2/14/2022 10:00,-15.5,55,0,3
2/14/2022 11:00,-14.4,54,0,7
2/14/2022 12:00,-13.4,45,0,3
2/14/2022 13:00,-14.1,42,0,8
2/14/2022 14:00,-13.5,38,0,8
2/14/2022 15:00,-12.4,37,0,9
2/14/2022 16:00,-12.7,43,0,8
2/14/2022 17:00,-12.9,49,0,5
2/14/2022 18:00,-13.3,51,0,6
2/14/2022 19:00,-14,54,0,5
2/14/2022 20:00,-14.7,55,0,4
2/14/2022 21:00,-15.1,58,0,3
2/14/2022 22:00,-15.2,58,0,5
2/14/2022 23:00,-15,56,0,4
2/15/2022 0:00,-15.5,58,0,6
2/15/2022 1:00,-16,59,0,7
2/15/2022 2:00,-15.6,55,0,8
2/15/2022 3:00,-15.4,54,0,7
2/15/2022 4:00,-15.4,57,0,7
2/15/2022 5:00,-15.9,66,0,3
2/15/2022 6:00,-15.7,75,0,5
2/15/2022 7:00,-15.5,78,0,7
2/15/2022 8:00,-14.5,78,0,5
2/15/2022 9:00,-13.6,76,0,7
2/15/2022 10:00,-12.7,69,,8
2/15/2022 11:00,-11,63,0,8
2/15/2022 12:00,-10.2,57,0,8
2/15/2022 13:00,-9.1,49,0,7
2/15/2022 14:00,-8.5,47,0,7
2/15/2022 15:00,-9.1,46,0,7
2/15/2022 16:00,-9.2,49,0,5
2/15/2022 17:00,-9.4,49,0,4
2/15/2022 18:00,-9.7,50,0,3
2/15/2022 19:00,-10,52,0,4
2/15/2022 20:00,-11,54,0,2
2/15/2022 21:00,-12.6,63,0,1
2/15/2022 22:00,-12.1,62,0,4
2/15/2022 23:00,-11.7,62,0,2
2/16/2022 0:00,-12.3,69,0,2
2/16/2022 1:00,-11.9,68,0,7
2/16/2022 2:00,-11.8,68,0,8
2/16/2022 3:00,-11.8,66,0,8
2/16/2022 4:00,-12,68,0,8
2/16/2022 5:00,-11.8,71,0,8
2/16/2022 6:00,-11,65,0,6
2/16/2022 7:00,-10.3,63,0,7
2/16/2022 8:00,-9,64,0,5
2/16/2022 9:00,-6.7,59,0,11
2/16/2022 10:00,-4.4,59,0,12
2/16/2022 11:00,-2.9,53,0,13
2/16/2022 12:00,-1.2,52,0,11
2/16/2022 13:00,0.1,53,0,9
2/16/2022 14:00,1,52,0,11
2/16/2022 15:00,1.9,53,0,12
2/16/2022 16:00,2.4,55,0,11
2/16/2022 17:00,2.6,57,0,13
2/16/2022 18:00,2.7,59,0,13
2/16/2022 19:00,3.1,58,0,13
2/16/2022 20:00,3,60,0,11
2/16/2022 21:00,3.1,60,0,12
2/16/2022 22:00,3.2,61,0,11
2/16/2022 23:00,3.4,63,0,10
2/17/2022 0:00,3.5,66,0,10
2/17/2022 1:00,3.3,71,0,6
2/17/2022 2:00,3.3,75,0,7
2/17/2022 3:00,3.4,75,0,6
2/17/2022 4:00,3.7,76,0,7
2/17/2022 5:00,3.1,85,1.4,5
2/17/2022 6:00,3.4,85,0.9,7
2/17/2022 7:00,3.3,89,1.6,5
2/17/2022 8:00,3.4,92,2.7,7
2/17/2022 9:00,3.6,93,3,9
2/17/2022 10:00,3.6,94,2.7,7
2/17/2022 11:00,3.9,95,1.8,6
2/17/2022 12:00,4.1,96,0.3,7
2/17/2022 13:00,4.5,95,0.5,7
2/17/2022 14:00,5,96,1.3,4
2/17/2022 15:00,4.9,97,2.5,2
2/17/2022 16:00,4.7,97,2.9,3
2/17/2022 17:00,4.2,98,2.5,0
2/17/2022 18:00,4.5,98,2.4,3
2/17/2022 19:00,4.8,98,1.7,4
2/17/2022 20:00,2.4,94,2.8,12
2/17/2022 21:00,0.4,95,2,12
2/17/2022 22:00,-1.4,94,1.9,15
2/17/2022 23:00,-2.8,91,2.1,15
2/18/2022 0:00,-3.8,89,1.9,19
2/18/2022 1:00,-4.6,91,1.8,20
2/18/2022 2:00,-5.5,92,1.5,20
2/18/2022 3:00,-7,90,1.3,22
2/18/2022 4:00,-7.8,91,1.3,19
2/18/2022 5:00,-7.9,91,2,13
2/18/2022 6:00,-8.5,90,1.4,14
2/18/2022 7:00,-9,90,1,12
2/18/2022 8:00,-9.2,89,0.4,10
2/18/2022 9:00,-9.8,87,0.2,12
2/18/2022 10:00,-9.5,84,0.6,11
2/18/2022 11:00,-10.2,83,0.2,6
2/18/2022 12:00,-9.8,73,0.2,10
2/18/2022 13:00,-9.5,70,0,7
2/18/2022 14:00,-9.9,66,0,8
2/18/2022 15:00,-9.3,65,0,6
2/18/2022 16:00,-10.7,70,0,6
2/18/2022 17:00,-11.2,69,0,8
2/18/2022 18:00,-11.4,68,0,6
2/18/2022 19:00,-12.1,71,0,4
2/18/2022 20:00,-12.9,72,0,5
2/18/2022 21:00,-13.2,70,0,3
2/18/2022 22:00,-13.8,70,0,5
2/18/2022 23:00,-13.8,75,0,5
2/19/2022 0:00,-13.9,81,0,7
2/19/2022 1:00,-13.6,80,0,6
2/19/2022 2:00,-12.9,71,0,6
2/19/2022 3:00,-12.5,73,0,8
2/19/2022 4:00,-12.4,75,0,7
2/19/2022 5:00,-11.4,82,0,7
2/19/2022 6:00,-10,87,0.3,8
2/19/2022 7:00,-9,89,0.8,9
2/19/2022 8:00,-8.2,90,1.9,12
2/19/2022 9:00,-7.4,90,0.9,9
2/19/2022 10:00,-6.7,89,0.5,8
2/19/2022 11:00,-5.7,84,0.2,6
2/19/2022 12:00,-5,89,0.6,8
2/19/2022 13:00,-2.9,85,0.4,8
2/19/2022 14:00,-5.7,89,1.4,8
2/19/2022 15:00,-4.8,91,0.8,10
2/19/2022 16:00,-4.9,75,0.2,7
2/19/2022 17:00,-6.5,58,0,8
2/19/2022 18:00,-7.9,67,0,9
2/19/2022 19:00,-9.1,61,0,7
2/19/2022 20:00,-10.5,64,0,6
2/19/2022 21:00,-11.2,60,0,9
2/19/2022 22:00,-12.2,62,0,5
2/19/2022 23:00,-12.5,61,0,5
2/20/2022 0:00,-12.9,59,0,7
2/20/2022 1:00,-13.7,60,0,4
2/20/2022 2:00,-14.1,63,0,5
2/20/2022 3:00,-14.7,63,0,2
2/20/2022 4:00,-15.1,63,0,2
2/20/2022 5:00,-16.1,68,0,4
2/20/2022 6:00,-16.2,75,0,4
2/20/2022 7:00,-15.9,76,0,4
2/20/2022 8:00,-13.7,67,0,7
2/20/2022 9:00,-11.9,57,0,8
2/20/2022 10:00,-11.2,56,0,10
2/20/2022 11:00,-10.6,59,0,11
2/20/2022 12:00,-9.3,64,0,10
2/20/2022 13:00,-8.3,62,0,11
2/20/2022 14:00,-7.6,63,0,11
2/20/2022 15:00,-6.6,64,0,13
2/20/2022 16:00,-5.7,64,0,10
2/20/2022 17:00,-4.8,64,0,10
2/20/2022 18:00,-4.2,63,0,10
2/20/2022 19:00,-3.7,64,0,8
2/20/2022 20:00,-2.9,64,0,9
2/20/2022 21:00,-2.3,63,0,7
2/20/2022 22:00,-1.8,64,0,5
2/20/2022 23:00,-1.4,66,0,4
2/21/2022 0:00,1.3,60,0,6
2/21/2022 1:00,4.2,54,0,9
2/21/2022 2:00,4.3,55,0,9
2/21/2022 3:00,4.4,56,0,8
2/21/2022 4:00,4.5,57,0,8
2/21/2022 5:00,4,63,0,5
2/21/2022 6:00,3.2,68,0,3
2/21/2022 7:00,1.9,73,0,6
2/21/2022 8:00,1.8,64,0,2
2/21/2022 9:00,2.1,54,0,7
2/21/2022 10:00,2.2,52,0,7
2/21/2022 11:00,1.6,56,0,8
2/21/2022 12:00,1.7,54,0,9
2/21/2022 13:00,1.7,58,0,4
2/21/2022 14:00,-0.5,71,0,9
2/21/2022 15:00,-1.5,64,0,8
2/21/2022 16:00,-2.2,64,0,10
2/21/2022 17:00,-3,62,0,9
2/21/2022 18:00,-3.8,62,0,8
2/21/2022 19:00,-5.3,59,0,13
2/21/2022 20:00,-6.3,60,0,12
2/21/2022 21:00,-7,54,0,15
2/21/2022 22:00,-7.8,50,0,14
2/21/2022 23:00,-8.5,57,0,16
2/22/2022 0:00,-8.8,61,0,13
2/22/2022 1:00,-9,69,0,13
2/22/2022 2:00,-9,74,0,16
2/22/2022 3:00,-9.1,73,0,13
2/22/2022 4:00,-9.5,69,0,15
2/22/2022 5:00,-9.7,71,0,15
2/22/2022 6:00,-9.9,75,0,15
2/22/2022 7:00,-10,77,0,17
2/22/2022 8:00,-9.8,77,0,13
2/22/2022 9:00,-9.7,75,0,18
2/22/2022 10:00,-9.2,75,0,10
2/22/2022 11:00,-8.4,72,0,14
2/22/2022 12:00,-8.3,71,0,17
2/22/2022 13:00,-7.5,71,0,11
2/22/2022 14:00,-7.4,72,0,12
2/22/2022 15:00,-7.6,73,0,11
2/22/2022 16:00,-7.5,78,0,14
2/22/2022 17:00,-7.2,86,0.3,11
2/22/2022 18:00,-6.6,90,1.6,14
2/22/2022 19:00,-6.4,91,1.1,13
2/22/2022 20:00,-4.8,94,3,12
2/22/2022 21:00,-3,95,3.2,12
2/22/2022 22:00,-2.3,96,1.1,9
2/22/2022 23:00,-2,96,0.2,7
2/23/2022 0:00,-1.9,96,0,5
2/23/2022 1:00,-1.1,96,0,0
2/23/2022 2:00,1.9,98,0,0
2/23/2022 3:00,2.4,98,3.1,8
2/23/2022 4:00,4.4,97,2.3,9
2/23/2022 5:00,3.9,96,0.3,4
2/23/2022 6:00,3.3,93,0.2,5
2/23/2022 7:00,2.7,93,0,4
2/23/2022 8:00,2.5,86,0.2,7
2/23/2022 9:00,1.6,81,0,10
2/23/2022 10:00,0.1,76,0,9
2/23/2022 11:00,-2.1,74,0,6
2/23/2022 12:00,-3.7,64,0,12
2/23/2022 13:00,-4.7,56,0,12
2/23/2022 14:00,-5.2,51,0,11
2/23/2022 15:00,-6.3,51,0,9
2/23/2022 16:00,-7.8,47,0,11
2/23/2022 17:00,-9.4,65,0,10
2/23/2022 18:00,-10.1,60,0,5
2/23/2022 19:00,-10.7,59,0,8
2/23/2022 20:00,-11.2,61,0,5
2/23/2022 21:00,-11.8,60,0,4
2/23/2022 22:00,-12.1,65,0,5
2/23/2022 23:00,-12.6,65,0,4
2/24/2022 0:00,-13,65,0,5
2/24/2022 1:00,-13.2,66,0,3
2/24/2022 2:00,-13.6,65,0,3
2/24/2022 3:00,-14.2,66,0,3
2/24/2022 4:00,-14.7,67,0,4
2/24/2022 5:00,-15.1,68,0,4
2/24/2022 6:00,-15.7,67,0,5
2/24/2022 7:00,-15.8,69,0,4
2/24/2022 8:00,-15.1,63,0,9
2/24/2022 9:00,-14.3,55,0,8
2/24/2022 10:00,-13.7,46,0.2,6
2/24/2022 11:00,-12.4,44,0,5
2/24/2022 12:00,-11.4,43,0,7
2/24/2022 13:00,-10.3,41,0,6
2/24/2022 14:00,-9.8,42,0,7
2/24/2022 15:00,-9.6,41,0,5
2/24/2022 16:00,-10.1,44,0,5
2/24/2022 17:00,-10,38,0,4
2/24/2022 18:00,-11.1,48,0,2
2/24/2022 19:00,-11.6,53,0,4
2/24/2022 20:00,-11.6,55,0,5
2/24/2022 21:00,-12.4,61,0,4
2/24/2022 22:00,-11.6,64,0,3
2/24/2022 23:00,-10.8,56,0,4
2/25/2022 0:00,-11.1,63,0,2
2/25/2022 1:00,-10.7,55,0,5
2/25/2022 2:00,-11.1,60,0,7
2/25/2022 3:00,-11.1,52,0,7
2/25/2022 4:00,-11.8,53,0,10
2/25/2022 5:00,-12.4,56,0,12
2/25/2022 6:00,-12.6,58,0,13
2/25/2022 7:00,-13.2,63,0,11
2/25/2022 8:00,-13.5,70,0,12
2/25/2022 9:00,-13.8,84,0.2,14
2/25/2022 10:00,-13.7,86,1.3,13
2/25/2022 11:00,-13.9,84,1.4,14
2/25/2022 12:00,-14,84,0.2,15
2/25/2022 13:00,-13.7,85,1.3,14
2/25/2022 14:00,-13.6,85,0.9,15
2/25/2022 15:00,-12.6,86,1.1,13
2/25/2022 16:00,-13,84,0.5,18
2/25/2022 17:00,-13.2,83,0.2,19
2/25/2022 18:00,-13,83,0,14
2/25/2022 19:00,-12.8,81,0,13
2/25/2022 20:00,-12.7,80,0,11
2/25/2022 21:00,-12.5,78,0,12
2/25/2022 22:00,-12.9,80,0,3
2/25/2022 23:00,-14.5,82,0,4
2/26/2022 0:00,-13.9,86,0,8
2/26/2022 1:00,-14.5,87,0,3
2/26/2022 2:00,-14,86,0,5
2/26/2022 3:00,-14.6,86,0,2
2/26/2022 4:00,-14.5,86,0,5
2/26/2022 5:00,-14.8,86,0,5
2/26/2022 6:00,-15.3,85,0,3
2/26/2022 7:00,-14.3,86,0,7
2/26/2022 8:00,-13.8,84,0,8
2/26/2022 9:00,-11.6,78,0,7
2/26/2022 10:00,-10.3,76,0,9
2/26/2022 11:00,-8.9,74,0,11
2/26/2022 12:00,-7.3,69,0,9
2/26/2022 13:00,-5.9,62,0,10
2/26/2022 14:00,-5.1,56,0,9
2/26/2022 15:00,-4.7,57,0,10
2/26/2022 16:00,-4.9,59,0,8
2/26/2022 17:00,-4.8,58,0,9
2/26/2022 18:00,-4.5,62,0,11
2/26/2022 19:00,-4.2,68,0,7
2/26/2022 20:00,-4.7,75,0,10
2/26/2022 21:00,-4.2,62,0,11
2/26/2022 22:00,-5,66,0,11
2/26/2022 23:00,-4.9,80,0,10
2/27/2022 0:00,-4.6,80,0,9
2/27/2022 1:00,-4.7,72,0,10
2/27/2022 2:00,-4.5,68,0,9
2/27/2022 3:00,-4,66,0,9
2/27/2022 4:00,-3.7,67,0,11
2/27/2022 5:00,-3.9,68,0,10
2/27/2022 6:00,-3.8,69,0,8
2/27/2022 7:00,-3.7,73,0,9
2/27/2022 8:00,-4.2,88,0.2,9
2/27/2022 9:00,-3.9,91,1,9
2/27/2022 10:00,-3.2,88,1.1,9
2/27/2022 11:00,-2.7,85,0.5,12
2/27/2022 12:00,-2.3,85,0,8
2/27/2022 13:00,-1,72,0.2,8
2/27/2022 14:00,-3.3,86,0.3,11
2/27/2022 15:00,-3.3,53,0,14
2/27/2022 16:00,-4.8,46,0,14
2/27/2022 17:00,-5.6,46,0,13
2/27/2022 18:00,-6.6,44,0,3
2/27/2022 19:00,-7.1,48,0,3
2/27/2022 20:00,-7.6,58,0,5
2/27/2022 21:00,-8.3,68,0,10
2/27/2022 22:00,-9.5,47,0,13
2/27/2022 23:00,-11.1,54,0,15
2/28/2022 0:00,-12.6,50,0,12
2/28/2022 1:00,-13.5,51,0,11
2/28/2022 2:00,-14.5,51,0,6
2/28/2022 3:00,-15,52,0,7
2/28/2022 4:00,-15.7,53,0,6
2/28/2022 5:00,-16.3,55,0,8
2/28/2022 6:00,-16.9,59,0,5
2/28/2022 7:00,-17.6,62,0,4
2/28/2022 8:00,-17.1,57,0,11
2/28/2022 9:00,-16.2,52,0,7
2/28/2022 10:00,-15.4,51,0,6
2/28/2022 11:00,-15.1,43,0,7
2/28/2022 12:00,-12.6,45,0,6
2/28/2022 13:00,-13,44,0,7
2/28/2022 14:00,-11.2,42,0,4
2/28/2022 15:00,-11.6,41,0,7
2/28/2022 16:00,-11.7,46,0,7
2/28/2022 17:00,-12.3,48,0,5
2/28/2022 18:00,-12.5,51,0,6
2/28/2022 19:00,-12.6,51,0,4
2/28/2022 20:00,-12.7,47,0,4
2/28/2022 21:00,-13.8,53,0,3
2/28/2022 22:00,-13,46,0,2
2/28/2022 23:00,-12.8,52,0,7
3/1/2022 0:00,-13.6,59,0,7
3/1/2022 1:00,-13.5,67,0,6
3/1/2022 2:00,-13.4,63,0,6
3/1/2022 3:00,-13.4,64,0,6
3/1/2022 4:00,-13.3,60,0,4
3/1/2022 5:00,-13.6,62,0,1
3/1/2022 6:00,-13.9,56,0,7
3/1/2022 7:00,-13.7,61,0,5
3/1/2022 8:00,-12.4,50,0,8
3/1/2022 9:00,-11.5,51,0,6
3/1/2022 10:00,-11.9,74,0,7
3/1/2022 11:00,-10.4,79,0.6,5
3/1/2022 12:00,-10.6,85,0.9,7
3/1/2022 13:00,-10.7,85,0.9,8
3/1/2022 14:00,-10.4,87,1.2,7
3/1/2022 15:00,-9.6,88,0.8,7
3/1/2022 16:00,-8.8,88,0.5,9
3/1/2022 17:00,-8.3,88,0.3,9
3/1/2022 18:00,-8,88,0.2,9
3/1/2022 19:00,-9.1,87,0.3,9
3/1/2022 20:00,-8.9,87,0.5,9
3/1/2022 21:00,-8.7,87,0.2,6
3/1/2022 22:00,-8.8,86,0.2,10
3/1/2022 23:00,-8.6,85,0,3
3/2/2022 0:00,-8.4,85,0,6
3/2/2022 1:00,-8.9,86,0,5
3/2/2022 2:00,-9.5,85,0,8
3/2/2022 3:00,-9.7,85,0,7
3/2/2022 4:00,-10.2,85,0,11
3/2/2022 5:00,-10.6,85,0,12
3/2/2022 6:00,-10.7,84,0,12
3/2/2022 7:00,-10.5,83,0,10
3/2/2022 8:00,-9.6,80,0,14
3/2/2022 9:00,-8.7,77,0,12
3/2/2022 10:00,-7.5,70,0,8
3/2/2022 11:00,-6.1,68,0,7
3/2/2022 12:00,-5.8,64,0,8
3/2/2022 13:00,-4.5,63,0,10
3/2/2022 14:00,-3.8,61,0,8
3/2/2022 15:00,-3.7,49,0,6
3/2/2022 16:00,-3.9,51,0,6
3/2/2022 17:00,-4.1,54,0,5
3/2/2022 18:00,-4.6,63,0,5
3/2/2022 19:00,-4.9,73,0,3
3/2/2022 20:00,-5.3,85,0,3
3/2/2022 21:00,-5.8,89,0.6,8
3/2/2022 22:00,-6.1,89,0.3,7
3/2/2022 23:00,-5.8,90,0.3,6
3/3/2022 0:00,-5.9,89,0.4,3
3/3/2022 1:00,-6.1,88,0,8
3/3/2022 2:00,-7,89,0,7
3/3/2022 3:00,-7.3,90,0,4
3/3/2022 4:00,-7.2,89,0,7
3/3/2022 5:00,-9.3,65,0,17
3/3/2022 6:00,-9.9,53,0,18
3/3/2022 7:00,-10.4,59,0,14
3/3/2022 8:00,-10.9,59,0,15
3/3/2022 9:00,-10.4,48,0,9
3/3/2022 10:00,-10,43,0,12
3/3/2022 11:00,-9.8,49,0,7
3/3/2022 12:00,-9.2,43,0,5
3/3/2022 13:00,-9.4,41,0,7
3/3/2022 14:00,-7.9,38,0,5
3/3/2022 15:00,-8.8,38,0,6
3/3/2022 16:00,-8.8,41,0,5
3/3/2022 17:00,-9.7,44,0,5
3/3/2022 18:00,-10.5,46,0,7
3/3/2022 19:00,-11.4,50,0,6
3/3/2022 20:00,-12,51,0,5
3/3/2022 21:00,-12.4,52,0,4
3/3/2022 22:00,-12.9,53,0,2
3/3/2022 23:00,-12.9,55,0,2
3/4/2022 0:00,-13.9,59,0,2
3/4/2022 1:00,-13.4,58,0,2
3/4/2022 2:00,-13.5,59,0,5
3/4/2022 3:00,-14,65,0,6
3/4/2022 4:00,-14.3,65,0,4
3/4/2022 5:00,-14.6,62,0,3
3/4/2022 6:00,-14.6,61,0,8
3/4/2022 7:00,-13.5,61,0,7
3/4/2022 8:00,-12,51,0,13
3/4/2022 9:00,-10.2,50,0,8
3/4/2022 10:00,-9.1,45,0,11
3/4/2022 11:00,-7.9,53,0,12
3/4/2022 12:00,-6.7,52,0,10
3/4/2022 13:00,-5.6,47,0,8
3/4/2022 14:00,-4.3,45,0,8
3/4/2022 15:00,-4.3,44,0,7
3/4/2022 16:00,-3.8,51,0,6
3/4/2022 17:00,-4.5,53,0,5
3/4/2022 18:00,-5.1,60,0,5
3/4/2022 19:00,-4.8,64,0,6
3/4/2022 20:00,-4.3,70,0,7
3/4/2022 21:00,-4.5,79,0,6
3/4/2022 22:00,-4.4,80,0,5
3/4/2022 23:00,-5,79,0,5
3/5/2022 0:00,-5.5,78,0,6
3/5/2022 1:00,-5.7,79,0,2
3/5/2022 2:00,-6.8,82,0,3
3/5/2022 3:00,-5.5,75,0,5
3/5/2022 4:00,-5.7,71,0,5
3/5/2022 5:00,-7,66,0,5
3/5/2022 6:00,-6.7,66,0,5
3/5/2022 7:00,-6.4,62,0,7
3/5/2022 8:00,-5.1,55,0,4
3/5/2022 9:00,-3.8,46,0,3
3/5/2022 10:00,-4.3,53,0,5
3/5/2022 11:00,-2.3,45,0,8
3/5/2022 12:00,-0.9,38,0,6
3/5/2022 13:00,-0.7,44,0,9
3/5/2022 14:00,-0.2,41,0,9
3/5/2022 15:00,0.3,41,0,5
3/5/2022 16:00,-1,53,0,6
3/5/2022 17:00,-1.3,52,0,5
3/5/2022 18:00,-1.3,50,0,3
3/5/2022 19:00,-1.1,51,0,6
3/5/2022 20:00,-1.4,54,0,4
3/5/2022 21:00,-1.3,54,0,3
3/5/2022 22:00,-1.2,56,0,4
3/5/2022 23:00,-1.9,66,0,7
3/6/2022 0:00,-3.1,84,0,7
3/6/2022 1:00,-2.8,89,0,9
3/6/2022 2:00,-2.6,89,0,7
3/6/2022 3:00,-1.8,84,0,5
3/6/2022 4:00,-1.9,88,0,6
3/6/2022 5:00,-0.2,80,0,3
3/6/2022 6:00,1.2,71,0,5
3/6/2022 7:00,0.7,80,0,3
3/6/2022 8:00,2.2,79,0.8,3
3/6/2022 9:00,2.1,88,1.9,4
3/6/2022 10:00,1.7,92,3.4,2
3/6/2022 11:00,2.5,94,0.2,4
3/6/2022 12:00,3.4,92,0.2,5
3/6/2022 13:00,5.8,80,0.3,5
3/6/2022 14:00,7.4,77,0,5
3/6/2022 15:00,9.3,71,0,8
3/6/2022 16:00,11.4,65,0,5
3/6/2022 17:00,11.5,61,0,2
3/6/2022 18:00,11.4,61,0,2
3/6/2022 19:00,10.3,60,0,7
3/6/2022 20:00,9.2,64,0,7
3/6/2022 21:00,7.4,66,0,9
3/6/2022 22:00,6.4,66,0,8
3/6/2022 23:00,5.7,68,0,10
3/7/2022 0:00,5,69,0,9
3/7/2022 1:00,4.6,70,0,8
3/7/2022 2:00,4.2,70,0,8
3/7/2022 3:00,3.6,73,0,7
3/7/2022 4:00,3.5,73,0,6
3/7/2022 5:00,3.3,74,0,7
3/7/2022 6:00,2.8,77,0,5
3/7/2022 7:00,2.5,78,0,2
3/7/2022 8:00,2.5,73,0,5
3/7/2022 9:00,2.3,67,0,3
3/7/2022 10:00,2.6,65,0,3
3/7/2022 11:00,1.9,73,0,6
3/7/2022 12:00,1.4,85,0.6,4
3/7/2022 13:00,1.4,87,0.2,4
3/7/2022 14:00,1,89,0.2,4
3/7/2022 15:00,0.9,92,0.8,5
3/7/2022 16:00,0.7,95,0.8,8
3/7/2022 17:00,0.5,95,0.2,11
3/7/2022 18:00,0.4,96,0.8,9
3/7/2022 19:00,0.4,96,1.6,11
3/7/2022 20:00,0.1,97,1.7,11
3/7/2022 21:00,0,96,0.3,11
3/7/2022 22:00,0.2,96,0.5,6
3/7/2022 23:00,0.3,94,0.5,4
3/8/2022 0:00,-0.5,88,0,5
3/8/2022 1:00,-1.4,85,0,5
3/8/2022 2:00,-1.9,80,0,6
3/8/2022 3:00,-3.3,77,0,4
3/8/2022 4:00,-3.5,78,0,5
3/8/2022 5:00,-3.9,79,0,5
3/8/2022 6:00,-4.6,75,0,4
3/8/2022 7:00,-5.1,72,0,6
3/8/2022 8:00,-4.7,64,0,9
3/8/2022 9:00,-4.3,59,1.4,5
3/8/2022 10:00,-3.5,60,1,7
3/8/2022 11:00,-3,56,0,8
3/8/2022 12:00,-2.7,54,0,10
3/8/2022 13:00,-1.8,50,0,10
3/8/2022 14:00,-1.5,49,0,6
3/8/2022 15:00,-1.4,48,0,7
3/8/2022 16:00,-1.8,53,0,7
3/8/2022 17:00,-2.6,56,0,6
3/8/2022 18:00,-3,58,0,7
3/8/2022 19:00,-3.4,58,0,4
3/8/2022 20:00,-3.6,58,0,2
3/8/2022 21:00,-6,70,0,1
3/8/2022 22:00,-5.4,70,0,2
3/8/2022 23:00,-4.7,67,0,3
3/9/2022 0:00,-4.8,71,0,3
3/9/2022 1:00,-3.9,70,0,4
3/9/2022 2:00,-3.6,70,0,6
3/9/2022 3:00,-3.3,72,0,5
3/9/2022 4:00,-2.9,70,0,5
3/9/2022 5:00,-3,73,0,4
3/9/2022 6:00,-2.6,71,0,6
3/9/2022 7:00,-3,73,0,3
3/9/2022 8:00,-1.5,69,0,5
3/9/2022 9:00,-0.9,66,0,6
3/9/2022 10:00,0.4,58,0,9
3/9/2022 11:00,0.4,58,0,7
3/9/2022 12:00,2.5,55,0,7
3/9/2022 13:00,2.5,48,0,7
3/9/2022 14:00,3.1,47,0,6
3/9/2022 15:00,3.1,46,0,5
3/9/2022 16:00,3.1,47,0,5
3/9/2022 17:00,2.4,53,0,8
3/9/2022 18:00,2.2,57,0,5
3/9/2022 19:00,2.2,59,0,4
3/9/2022 20:00,1.9,63,0,4
3/9/2022 21:00,1.6,65,0,6
3/9/2022 22:00,1.6,70,0,8
3/9/2022 23:00,1.4,81,0,7
3/10/2022 0:00,1.1,81,0,8
3/10/2022 1:00,0.6,79,0,8
3/10/2022 2:00,0.4,79,0,9
3/10/2022 3:00,0.1,78,0,9
3/10/2022 4:00,-0.2,78,0,7
3/10/2022 5:00,-0.4,81,0,7
3/10/2022 6:00,-0.6,83,0,7
3/10/2022 7:00,-0.9,82,0,6
3/10/2022 8:00,0.8,64,0,4
3/10/2022 9:00,1.3,51,0,9
3/10/2022 10:00,1.9,49,0,6
3/10/2022 11:00,2,47,0,8
3/10/2022 12:00,2,46,0,12
3/10/2022 13:00,1.8,40,0,9
3/10/2022 14:00,2.3,38,0,8
3/10/2022 15:00,2.1,38,0,7
3/10/2022 16:00,2.6,39,0,8
3/10/2022 17:00,1.6,36,0,4
3/10/2022 18:00,1.1,40,0,5
3/10/2022 19:00,-0.9,50,0,2
3/10/2022 20:00,-1.8,56,0,1
3/10/2022 21:00,-1.3,56,0,3
3/10/2022 22:00,-0.7,54,0,7
3/10/2022 23:00,-0.8,59,0,7
3/11/2022 0:00,-1,62,0,5
3/11/2022 1:00,-0.8,64,0,6
3/11/2022 2:00,-0.8,65,0,10
3/11/2022 3:00,-1,66,0,7
3/11/2022 4:00,-1,63,0,4
3/11/2022 5:00,-1.4,67,0,2
3/11/2022 6:00,-2.2,79,0,3
3/11/2022 7:00,-2.2,80,0,3
3/11/2022 8:00,-1.3,76,0,2
3/11/2022 9:00,-1.3,72,0,4
3/11/2022 10:00,-0.1,65,0,2
3/11/2022 11:00,-0.3,68,0,6
3/11/2022 12:00,0.7,62,0,4
3/11/2022 13:00,0.9,62,0,5
3/11/2022 14:00,1.2,67,0,3
3/11/2022 15:00,-0.3,85,0,6
3/11/2022 16:00,-0.2,89,0,5
3/11/2022 17:00,-0.5,91,0.2,10
3/11/2022 18:00,-0.7,94,0.5,7
3/11/2022 19:00,-0.8,94,0.9,6
3/11/2022 20:00,-0.7,95,0.3,6
3/11/2022 21:00,-0.5,95,0.3,5
3/11/2022 22:00,-0.4,95,0.5,6
3/11/2022 23:00,-0.3,95,0.2,7
3/12/2022 0:00,-0.3,95,0,9
3/12/2022 1:00,-0.3,95,0.4,5
3/12/2022 2:00,-0.3,95,0,2
3/12/2022 3:00,0.1,96,0.6,6
3/12/2022 4:00,-0.3,93,0.6,5
3/12/2022 5:00,-0.3,92,0,4
3/12/2022 6:00,-0.5,92,0.2,4
3/12/2022 7:00,-0.6,92,0,4
3/12/2022 8:00,-0.8,87,0.3,5
3/12/2022 9:00,-1.3,82,0,5
3/12/2022 10:00,-2.2,80,0,6
3/12/2022 11:00,-2.5,79,0,7
3/12/2022 12:00,-2.5,74,0,5
3/12/2022 13:00,-2.5,66,0.2,3
3/12/2022 14:00,-2.5,62,0,5
3/12/2022 15:00,-3.2,78,0,7
3/12/2022 16:00,-3.9,84,0.2,5
3/12/2022 17:00,-4,70,0.3,5
3/12/2022 18:00,-4.3,67,0,7
3/12/2022 19:00,-4.5,59,0,5
3/12/2022 20:00,-5.1,61,0,7
3/12/2022 21:00,-5.8,64,0,6
3/12/2022 22:00,-6.6,65,0,4
3/12/2022 23:00,-6.9,69,0,5
3/13/2022 0:00,-6.8,69,0,5
3/13/2022 1:00,-6.4,66,0,4
3/13/2022 2:00,-6.2,63,0,12
3/13/2022 3:00,-7,66,0,6
3/13/2022 4:00,-8,60,0,8
3/13/2022 5:00,-8.9,61,0,5
3/13/2022 6:00,-10.1,60,0,7
3/13/2022 7:00,-10.1,63,0,6
3/13/2022 8:00,-9.5,59,0,8
3/13/2022 9:00,-9.2,54,0,11
3/13/2022 10:00,-8.9,51,0,10
3/13/2022 11:00,-8,49,0,9
3/13/2022 12:00,-6.2,48,0,9
3/13/2022 13:00,-5.1,47,0,9
3/13/2022 14:00,-5.1,49,0,5
3/13/2022 15:00,-4.6,48,0,9
3/13/2022 16:00,-3.8,48,0,9
3/13/2022 17:00,-4.3,52,0,7
3/13/2022 18:00,-4.6,58,0,5
3/13/2022 19:00,-4.2,65,0,7
3/13/2022 20:00,-4.3,81,0,7
3/13/2022 21:00,-4,78,0,10
3/13/2022 22:00,-4.4,82,0,10
3/13/2022 23:00,-4.6,79,0,10
3/14/2022 0:00,-4.6,82,0,6
3/14/2022 1:00,-4.4,84,0,7
3/14/2022 2:00,-4.4,89,0.4,7
3/14/2022 3:00,-4.1,87,0,8
3/14/2022 4:00,-3.8,87,0,5
3/14/2022 5:00,-3.5,88,0,5
3/14/2022 6:00,-2.8,88,0,5
3/14/2022 7:00,-1.5,86,0,8
3/14/2022 8:00,-0.7,79,0,7
3/14/2022 9:00,0.4,63,0,7
3/14/2022 10:00,1.5,55,0,10
3/14/2022 11:00,2.4,55,0,8
3/14/2022 12:00,2.2,48,0,14
3/14/2022 13:00,3.2,45,0,11
3/14/2022 14:00,4,48,0,11
3/14/2022 15:00,4.5,50,0,9
3/14/2022 16:00,4.7,51,0,7
3/14/2022 17:00,4.5,53,0,9
3/14/2022 18:00,4.2,55,0,8
3/14/2022 19:00,4.5,56,0,8
3/14/2022 20:00,4.1,64,0,9
3/14/2022 21:00,3,81,0,7
3/14/2022 22:00,2.5,87,0,6
3/14/2022 23:00,1.8,91,0.9,7
3/15/2022 0:00,1.7,93,0.2,7
3/15/2022 1:00,1.8,92,0,2
3/15/2022 2:00,1.5,91,0,5
3/15/2022 3:00,1.1,93,0,6
3/15/2022 4:00,0.8,93,0,5
3/15/2022 5:00,0.5,93,0,6
3/15/2022 6:00,0.2,80,0,6
3/15/2022 7:00,0.1,70,0,4
3/15/2022 8:00,1.5,56,0,8
3/15/2022 9:00,0.4,55,0,10
3/15/2022 10:00,0,60,0,8
3/15/2022 11:00,0.5,56,0,7
3/15/2022 12:00,0.6,53,0,7
3/15/2022 13:00,0.6,50,0,8
3/15/2022 14:00,1.7,47,0,8
3/15/2022 15:00,1.6,49,0,7
3/15/2022 16:00,1.7,50,0,5
3/15/2022 17:00,1.8,50,0,3
3/15/2022 18:00,1.5,52,0,3
3/15/2022 19:00,1.1,57,0,6
3/15/2022 20:00,0.7,55,0,3
3/15/2022 21:00,0.1,61,0,4
3/15/2022 22:00,0.1,63,0,2
3/15/2022 23:00,-0.3,65,0,4
3/16/2022 0:00,-0.8,65,0,2
3/16/2022 1:00,-2,70,0,0
3/16/2022 2:00,-1.5,66,0,2
3/16/2022 3:00,-0.8,68,0,4
3/16/2022 4:00,-0.7,70,0,4
3/16/2022 5:00,0.5,75,0,5
3/16/2022 6:00,0.6,78,0,5
3/16/2022 7:00,1,81,0,8
3/16/2022 8:00,2.6,78,0,6
3/16/2022 9:00,4.2,69,0,8
3/16/2022 10:00,4.8,67,0,11
3/16/2022 11:00,5.7,64,0,8
3/16/2022 12:00,5.7,63,0,9
3/16/2022 13:00,6.2,58,0,7
3/16/2022 14:00,7.2,57,0,6
3/16/2022 15:00,7.3,58,0,6
3/16/2022 16:00,7.2,58,0,8
3/16/2022 17:00,6.5,61,0,5
3/16/2022 18:00,5.9,67,0,5
3/16/2022 19:00,5.3,70,0,5
3/16/2022 20:00,4.3,76,0,3
3/16/2022 21:00,4.6,75,0,3
3/16/2022 22:00,4.8,74,0,4
3/16/2022 23:00,4.7,73,0,6
3/17/2022 0:00,5,73,0,4
3/17/2022 1:00,4,78,0,1
3/17/2022 2:00,2.8,84,0,1
3/17/2022 3:00,3.9,80,0,7
3/17/2022 4:00,3.7,82,0,5
3/17/2022 5:00,5,72,0,4
3/17/2022 6:00,5.5,71,0,7
3/17/2022 7:00,5.9,73,0,6
3/17/2022 8:00,6.6,71,0,6
3/17/2022 9:00,9.1,61,0,5
3/17/2022 10:00,10.5,58,0,8
3/17/2022 11:00,13,51,0,5
3/17/2022 12:00,14,49,0,7
3/17/2022 13:00,14.7,47,0,7
3/17/2022 14:00,16.5,41,0,7
3/17/2022 15:00,17,42,0,6
3/17/2022 16:00,16.6,42,0,6
3/17/2022 17:00,12.7,52,0,3
3/17/2022 18:00,12.4,62,0,4
3/17/2022 19:00,11.4,70,0,2
3/17/2022 20:00,9.5,64,0,4
3/17/2022 21:00,8.2,59,0,3
3/17/2022 22:00,9.5,68,0,3
3/17/2022 23:00,8.5,69,0,3
3/18/2022 0:00,8.8,79,0,4
3/18/2022 1:00,9.2,73,0,4
3/18/2022 2:00,10.8,62,0,9
3/18/2022 3:00,10,63,0,5
3/18/2022 4:00,8.1,72,0,4
3/18/2022 5:00,5.4,79,0,1
3/18/2022 6:00,5.3,89,0,5
3/18/2022 7:00,6,83,0,6
3/18/2022 8:00,6.8,76,0,7
3/18/2022 9:00,7.3,69,0,8
3/18/2022 10:00,7.6,67,0,9
3/18/2022 11:00,8,65,0,7
3/18/2022 12:00,7.5,62,0,9
3/18/2022 13:00,8,61,0,9
3/18/2022 14:00,8.4,59,0,7
3/18/2022 15:00,8.3,60,0,9
3/18/2022 16:00,7.8,59,0,8
3/18/2022 17:00,7.2,62,0,8
3/18/2022 18:00,6.9,65,0,5
3/18/2022 19:00,6.5,65,0,7
3/18/2022 20:00,6.3,64,0,4
3/18/2022 21:00,5.7,66,0,7
3/18/2022 22:00,5.9,65,0,8
3/18/2022 23:00,5.6,67,0,9
3/19/2022 0:00,5.1,67,0,10
3/19/2022 1:00,4.8,68,0,9
3/19/2022 2:00,3.6,76,0,12
3/19/2022 3:00,2.8,85,0.9,14
3/19/2022 4:00,2.3,87,1.4,12
3/19/2022 5:00,2,88,0,16
3/19/2022 6:00,2.1,90,0,12
3/19/2022 7:00,2.2,93,0.7,10
3/19/2022 8:00,2.1,95,1.6,11
3/19/2022 9:00,2.8,96,3.6,9
3/19/2022 10:00,2.8,96,3.8,10
3/19/2022 11:00,2.8,97,3,12
3/19/2022 12:00,2.7,96,0.2,12
3/19/2022 13:00,2.3,96,0,14
3/19/2022 14:00,2.2,95,0,15
3/19/2022 15:00,2.2,95,0,16
3/19/2022 16:00,2.2,95,0,15
3/19/2022 17:00,1.8,94,0,17
3/19/2022 18:00,1.9,95,0,15
3/19/2022 19:00,1.6,94,0,14
3/19/2022 20:00,1.5,95,0.8,13
3/19/2022 21:00,1.4,95,0.6,13
3/19/2022 22:00,1.5,96,0,13
3/19/2022 23:00,1.5,96,0,11
3/20/2022 0:00,1.7,96,1.4,3
3/20/2022 1:00,1.4,96,1.1,10
3/20/2022 2:00,1.7,96,0.8,5
3/20/2022 3:00,1.8,97,0,3
3/20/2022 4:00,1.9,97,0.5,1
3/20/2022 5:00,2.4,98,0.5,4
3/20/2022 6:00,3.9,98,0.4,7
3/20/2022 7:00,4.7,96,0.3,7
3/20/2022 8:00,4.5,95,0.2,9
3/20/2022 9:00,4.2,94,0,9
3/20/2022 10:00,4.1,93,0,10
3/20/2022 11:00,4.5,91,0,11
3/20/2022 12:00,4.5,90,0,7
3/20/2022 13:00,4.4,93,0,7
3/20/2022 14:00,4.6,89,0,7
3/20/2022 15:00,4.7,87,0,8
3/20/2022 16:00,4.8,86,0.3,5
3/20/2022 17:00,4.2,88,0.5,3
3/20/2022 18:00,3.8,90,0.6,3
3/20/2022 19:00,3.7,89,0,4
3/20/2022 20:00,3.7,86,0,4
3/20/2022 21:00,3.6,85,0,4
3/20/2022 22:00,3.9,78,0,5
3/20/2022 23:00,3.4,78,0,6
3/21/2022 0:00,3.6,72,0,5
3/21/2022 1:00,3.2,72,0,6
3/21/2022 2:00,2.8,73,0,4
3/21/2022 3:00,2.5,73,0,4
3/21/2022 4:00,1.6,75,0,5
3/21/2022 5:00,1.7,75,0,5
3/21/2022 6:00,1.7,73,0,5
3/21/2022 7:00,1.7,73,0,8
3/21/2022 8:00,3.1,64,0,6
3/21/2022 9:00,4.5,54,0,5
3/21/2022 10:00,4.4,48,0,6
3/21/2022 11:00,4.8,48,0,8
3/21/2022 12:00,5.5,46,0,11
3/21/2022 13:00,5,43,0,12
3/21/2022 14:00,4.1,47,0,13
3/21/2022 15:00,3.4,50,0,18
3/21/2022 16:00,3.4,46,0,12
3/21/2022 17:00,3,49,0,9
3/21/2022 18:00,2.3,51,0,11
3/21/2022 19:00,1.5,53,0,12
3/21/2022 20:00,1.3,53,0,10
3/21/2022 21:00,0.6,53,0,5
3/21/2022 22:00,0.3,55,0,5
3/21/2022 23:00,0.2,57,0,5
3/22/2022 0:00,-0.4,56,0,4
3/22/2022 1:00,-0.7,53,0,4
3/22/2022 2:00,-0.9,51,0,4
3/22/2022 3:00,-1.6,46,0,4
3/22/2022 4:00,-2.1,43,0,6
3/22/2022 5:00,-2.9,44,0,3
3/22/2022 6:00,-3.4,45,0,4
3/22/2022 7:00,-2.9,45,0,4
3/22/2022 8:00,-2.3,43,0,5
3/22/2022 9:00,-1.8,47,0,11
3/22/2022 10:00,-0.3,46,0,9
3/22/2022 11:00,0.3,44,0,12
3/22/2022 12:00,2,43,0,7
3/22/2022 13:00,2.7,44,0,9
3/22/2022 14:00,2.8,39,0,8
3/22/2022 15:00,3.4,38,0,9
3/22/2022 16:00,4.2,35,0,9
3/22/2022 17:00,3.4,39,0,9
3/22/2022 18:00,3.8,39,0,9
3/22/2022 19:00,3.4,40,0,8
3/22/2022 20:00,2.5,41,0,8
3/22/2022 21:00,1.9,42,0,10
3/22/2022 22:00,0.9,46,0,10
3/22/2022 23:00,-0.2,49,0,12
3/23/2022 0:00,-0.9,52,0,10
3/23/2022 1:00,-1.3,54,0,10
3/23/2022 2:00,-1.6,55,0,7
3/23/2022 3:00,-1.7,56,0,8
3/23/2022 4:00,-1.9,58,0,7
3/23/2022 5:00,-2.6,60,0,5
3/23/2022 6:00,-2.9,63,0,5
3/23/2022 7:00,-2.2,61,0,6
3/23/2022 8:00,-1.1,57,0,8
3/23/2022 9:00,-0.4,56,0,7
3/23/2022 10:00,0.2,54,0,6
3/23/2022 11:00,1.3,55,0,6
3/23/2022 12:00,1.3,56,0,5
3/23/2022 13:00,1.6,56,0,9
3/23/2022 14:00,2.2,55,0,6
3/23/2022 15:00,2.4,55,0,9
3/23/2022 16:00,3.2,57,0,7
3/23/2022 17:00,3.3,58,0,7
3/23/2022 18:00,3.1,59,0,7
3/23/2022 19:00,2.4,59,0,7
3/23/2022 20:00,2.5,60,0,7
3/23/2022 21:00,2.9,56,0,8
3/23/2022 22:00,2.7,58,0,8
3/23/2022 23:00,2.9,58,0,8
3/24/2022 0:00,2.7,61,0,7
3/24/2022 1:00,2.1,77,0.8,6
3/24/2022 2:00,1.3,89,2.5,5
3/24/2022 3:00,1.5,92,6.4,5
3/24/2022 4:00,1.8,94,5.7,7
3/24/2022 5:00,1.8,95,2.1,6
3/24/2022 6:00,2.1,95,2,6
3/24/2022 7:00,2.4,94,1.6,8
3/24/2022 8:00,2.7,89,0,9
3/24/2022 9:00,3,87,0.2,10
3/24/2022 10:00,3.4,87,0,12
3/24/2022 11:00,3.5,87,2.9,10
3/24/2022 12:00,4.3,86,0.6,9
3/24/2022 13:00,5.3,80,0,11
3/24/2022 14:00,5.5,79,0,7
3/24/2022 15:00,6.4,73,0,8
3/24/2022 16:00,6.7,72,0,8
3/24/2022 17:00,6.5,72,0,9
3/24/2022 18:00,6.3,74,0,7
3/24/2022 19:00,5.6,77,0,9
3/24/2022 20:00,5.4,80,0,10
3/24/2022 21:00,5.2,81,0,9
3/24/2022 22:00,4.8,82,0,5
3/24/2022 23:00,4.8,82,0,5
3/25/2022 0:00,3.7,86,0,6
3/25/2022 1:00,3,88,0,4
3/25/2022 2:00,2.7,92,0,4
3/25/2022 3:00,3,90,0,7
3/25/2022 4:00,3.1,88,0,7
3/25/2022 5:00,2.7,93,1.2,5
3/25/2022 6:00,2.2,94,1.3,5
3/25/2022 7:00,2.1,95,1.2,7
3/25/2022 8:00,1.9,95,3.6,5
3/25/2022 9:00,2.1,94,1.5,4
3/25/2022 10:00,3.3,93,0.2,3
3/25/2022 11:00,4.2,87,0,2
3/25/2022 12:00,4.4,86,0,4
3/25/2022 13:00,5.5,85,0,6
3/25/2022 14:00,5.6,83,0,6
3/25/2022 15:00,7.4,78,0,2
3/25/2022 16:00,5.6,84,0,3
3/25/2022 17:00,6.7,77,0,7
3/25/2022 18:00,5.9,82,0.2,3
3/25/2022 19:00,5.5,82,0.3,4
3/25/2022 20:00,4.8,87,0.3,6
3/25/2022 21:00,4.2,90,0.3,8
3/25/2022 22:00,3.6,91,0.2,7
3/25/2022 23:00,3.2,92,0.3,7
3/26/2022 0:00,3.1,91,0,6
3/26/2022 1:00,3.1,87,0.2,6
3/26/2022 2:00,3,86,0,6
3/26/2022 3:00,2.8,86,0,7
3/26/2022 4:00,2.6,87,0,5
3/26/2022 5:00,2.5,87,0,6
3/26/2022 6:00,2.2,90,0,6
3/26/2022 7:00,2.7,88,0,9
3/26/2022 8:00,3.6,82,0,9
3/26/2022 9:00,4,79,0,6
3/26/2022 10:00,4.1,77,0,5
3/26/2022 11:00,4.4,75,0,4
3/26/2022 12:00,5.6,68,0,7
3/26/2022 13:00,6.3,63,0,10
3/26/2022 14:00,6.5,64,0,8
3/26/2022 15:00,6.6,63,0,5
3/26/2022 16:00,6.2,67,0,6
3/26/2022 17:00,6.3,65,0,4
3/26/2022 18:00,6.2,65,0,2
3/26/2022 19:00,5.6,73,0,5
3/26/2022 20:00,4.8,75,0,3
3/26/2022 21:00,4.4,78,0,5
3/26/2022 22:00,4.1,82,0,5
3/26/2022 23:00,3.7,85,0,5
3/27/2022 0:00,3.2,88,0,5
3/27/2022 1:00,2.9,90,0,4
3/27/2022 2:00,2.7,91,0,5
3/27/2022 3:00,2.6,91,0,5
3/27/2022 4:00,2.5,91,0,5
3/27/2022 5:00,2.4,89,0,7
3/27/2022 6:00,1.9,88,0,5
3/27/2022 7:00,0.9,80,0,6
3/27/2022 8:00,-0.5,87,0.3,5
3/27/2022 9:00,-0.2,70,0.3,7
3/27/2022 10:00,-0.6,68,0.2,7
3/27/2022 11:00,-0.6,62,0,7
3/27/2022 12:00,0,60,0,8
3/27/2022 13:00,-1.2,57,0,10
3/27/2022 14:00,-1,58,0,9
3/27/2022 15:00,-1.6,54,0,7
3/27/2022 16:00,-3,62,0,8
3/27/2022 17:00,-3.7,60,0,9
3/27/2022 18:00,-4.1,59,0,4
3/27/2022 19:00,-4.9,66,0,5
3/27/2022 20:00,-6.4,72,0.2,4
3/27/2022 21:00,-7,68,0,8
3/27/2022 22:00,-7.4,69,0,6
3/27/2022 23:00,-8.4,68,0,5
3/28/2022 0:00,-9,65,0,4
3/28/2022 1:00,-9.4,65,0,3
3/28/2022 2:00,-10.2,64,0.2,5
3/28/2022 3:00,-10.6,73,0,4
3/28/2022 4:00,-11,73,0,4
3/28/2022 5:00,-11.5,65,0.2,5
3/28/2022 6:00,-11.8,60,0,5
3/28/2022 7:00,-11.4,62,0,8
3/28/2022 8:00,-11.9,66,0,12
3/28/2022 9:00,-11.5,65,0,12
3/28/2022 10:00,-10.6,53,0,9
3/28/2022 11:00,-10.9,49,0,10
3/28/2022 12:00,-10.1,50,0,7
3/28/2022 13:00,-9.9,51,0,9
3/28/2022 14:00,-9.2,53,0,7
3/28/2022 15:00,-8.9,51,0,5
3/28/2022 16:00,-8.7,60,0,6
3/28/2022 17:00,-8.4,58,0,5
3/28/2022 18:00,-8.7,72,0,7
3/28/2022 19:00,-8.1,72,0,3
3/28/2022 20:00,-7.9,66,0,4
3/28/2022 21:00,-8,65,0,5
3/28/2022 22:00,-8.2,79,0.2,4
3/28/2022 23:00,-8,77,0,3
3/29/2022 0:00,-7.9,76,0,7
3/29/2022 1:00,-7.2,57,0,9
3/29/2022 2:00,-7.3,57,0,12
3/29/2022 3:00,-7.6,55,0,10
3/29/2022 4:00,-7.5,55,0,6
3/29/2022 5:00,-7.3,57,0,6
3/29/2022 6:00,-7.2,55,0,5
3/29/2022 7:00,-7.2,58,0,7
3/29/2022 8:00,-7,58,0,3
3/29/2022 9:00,-6.4,54,0,3
3/29/2022 10:00,-5.8,54,0,6
3/29/2022 11:00,-5,49,0,6
3/29/2022 12:00,-4.1,41,0,7
3/29/2022 13:00,-2.8,39,0,5
3/29/2022 14:00,-2.2,39,0,7
3/29/2022 15:00,-2.1,40,0,5
3/29/2022 16:00,-1.5,40,0,11
3/29/2022 17:00,-1.3,40,0,5
3/29/2022 18:00,-1.5,40,0,4
3/29/2022 19:00,-1.7,41,0,5
3/29/2022 20:00,-1.9,40,0,5
3/29/2022 21:00,-2.2,40,0,2
3/29/2022 22:00,-2.4,42,0,4
3/29/2022 23:00,-2.9,44,0,3
3/30/2022 0:00,-3.3,46,0,3
3/30/2022 1:00,-3.8,48,0,3
3/30/2022 2:00,-4,49,0,5
3/30/2022 3:00,-4.2,48,0,5
3/30/2022 4:00,-4.5,48,0,5
3/30/2022 5:00,-4.8,48,0,9
3/30/2022 6:00,-5.1,49,0,8
3/30/2022 7:00,-4.2,45,0,6
3/30/2022 8:00,-3.1,39,0,8
3/30/2022 9:00,-2.3,37,0,8
3/30/2022 10:00,-0.2,36,0.2,4
3/30/2022 11:00,-0.3,34,0,7
3/30/2022 12:00,1.5,36,0,6
3/30/2022 13:00,2,34,0,6
3/30/2022 14:00,1.8,32,0,7
3/30/2022 15:00,2.5,34,0,6
3/30/2022 16:00,2.6,44,0,3
3/30/2022 17:00,2.6,41,0,5
3/30/2022 18:00,2.3,45,0,8
3/30/2022 19:00,1.8,49,0,5
3/30/2022 20:00,1,58,0,6
3/30/2022 21:00,0.4,69,0.2,8
3/30/2022 22:00,-0.3,82,0.4,7
3/30/2022 23:00,0,85,0,6
3/31/2022 0:00,0.3,85,0.3,6
3/31/2022 1:00,0.3,88,0.3,3
3/31/2022 2:00,1,85,0,4
3/31/2022 3:00,1.3,81,0.5,3
3/31/2022 4:00,1.6,78,0,3
3/31/2022 5:00,2.1,73,0.3,6
3/31/2022 6:00,2.4,74,0,2
3/31/2022 7:00,2.7,75,0,7
3/31/2022 8:00,3.5,73,0,6
3/31/2022 9:00,5.8,66,0,4
3/31/2022 10:00,6.2,73,0.2,5
3/31/2022 11:00,6.7,74,0,6
3/31/2022 12:00,8.2,74,0,5
3/31/2022 13:00,9.4,73,0,7
3/31/2022 14:00,9.2,85,0.9,5
3/31/2022 15:00,6.9,89,0,5
3/31/2022 16:00,5.9,92,0,5
3/31/2022 17:00,6.2,92,0,2
3/31/2022 18:00,10.2,90,0,6
3/31/2022 19:00,11,90,0.2,6
3/31/2022 20:00,11.4,90,0,8
3/31/2022 21:00,11,93,0,8
3/31/2022 22:00,11.4,71,0,7
3/31/2022 23:00,10.4,70,0,9
4/1/2022 0:00,8.7,71,0,9
4/1/2022 1:00,7.7,74,0,10
4/1/2022 2:00,7.1,76,0,8
4/1/2022 3:00,6.8,76,0,5
4/1/2022 4:00,6.2,78,0,7
4/1/2022 5:00,5.9,78,0,8
4/1/2022 6:00,5.9,78,0,6
4/1/2022 7:00,5.9,76,0,6
4/1/2022 8:00,6.4,70,0,8
4/1/2022 9:00,6,70,0,4
4/1/2022 10:00,5.2,65,0,3
4/1/2022 11:00,5,64,0,5
4/1/2022 12:00,5.2,67,0,6
4/1/2022 13:00,5.1,67,0,5
4/1/2022 14:00,4.6,76,0,7
4/1/2022 15:00,3.4,82,0,5
4/1/2022 16:00,3.6,81,0,4
4/1/2022 17:00,2.7,86,0.3,4
4/1/2022 18:00,2.3,76,0,6
4/1/2022 19:00,1.8,76,0,4
4/1/2022 20:00,1.1,76,0,5
4/1/2022 21:00,1.2,68,0,3
4/1/2022 22:00,1.1,63,0,7
4/1/2022 23:00,0.9,61,0,11
4/2/2022 0:00,0.7,63,0,8
4/2/2022 1:00,0.3,61,0,8
4/2/2022 2:00,-0.2,60,0,9
4/2/2022 3:00,-0.6,60,0,9
4/2/2022 4:00,-1.4,54,0,9
4/2/2022 5:00,-1.8,56,0,9
4/2/2022 6:00,-2.3,56,0,4
4/2/2022 7:00,-1.9,54,0,10
4/2/2022 8:00,-1.5,50,0,13
4/2/2022 9:00,0,46,0,6
4/2/2022 10:00,0.8,41,0,6
4/2/2022 11:00,2.7,41,0,5
4/2/2022 12:00,4,48,0,8
4/2/2022 13:00,4.3,40,0,9
4/2/2022 14:00,4.7,34,0,8
4/2/2022 15:00,5.2,34,0,9
4/2/2022 16:00,5.9,32,0,9
4/2/2022 17:00,5.9,32,0,5
4/2/2022 18:00,4.9,37,0,3
4/2/2022 19:00,4.7,39,0,2
4/2/2022 20:00,3.8,44,0,4
4/2/2022 21:00,4.2,42,0,4
4/2/2022 22:00,4.3,42,0,6
4/2/2022 23:00,4.3,41,0,7
4/3/2022 0:00,4.2,43,0,7
4/3/2022 1:00,3.8,46,0,7
4/3/2022 2:00,3.1,50,0,5
4/3/2022 3:00,3.4,47,0,5
4/3/2022 4:00,2.9,50,0,5
4/3/2022 5:00,2.1,56,0,3
4/3/2022 6:00,1.9,58,0,5
4/3/2022 7:00,2.4,56,0,5
4/3/2022 8:00,2.5,53,0,7
4/3/2022 9:00,3,52,0,7
4/3/2022 10:00,3.8,52,0,8
4/3/2022 11:00,4.4,51,0,9
4/3/2022 12:00,3.8,50,0,7
4/3/2022 13:00,2,71,0,12
4/3/2022 14:00,2.3,79,0,11
4/3/2022 15:00,2.2,78,0,12
4/3/2022 16:00,1.9,83,0,11
4/3/2022 17:00,2.5,79,0,6
4/3/2022 18:00,2.6,74,0,8
4/3/2022 19:00,2.7,74,0,7
4/3/2022 20:00,2.5,73,0,8
4/3/2022 21:00,2.5,72,0,7
4/3/2022 22:00,1.9,80,0,4
4/3/2022 23:00,1.9,83,0,7
4/4/2022 0:00,1.3,89,0,12
4/4/2022 1:00,1.4,86,0,12
4/4/2022 2:00,1.9,78,0,10
4/4/2022 3:00,2.4,73,0,11
4/4/2022 4:00,2.2,73,0,11
4/4/2022 5:00,2.1,67,0,11
4/4/2022 6:00,2.4,62,0,12
4/4/2022 7:00,2.8,64,0,9
4/4/2022 8:00,4.4,49,0,11
4/4/2022 9:00,5.3,37,0,13
4/4/2022 10:00,6.4,41,0,13
4/4/2022 11:00,8,39,0,15
4/4/2022 12:00,8.6,35,0,15
4/4/2022 13:00,9.4,32,0,10
4/4/2022 14:00,9.6,32,0,11
4/4/2022 15:00,9.6,32,0,7
4/4/2022 16:00,9.5,35,0,10
4/4/2022 17:00,9.3,31,0,8
4/4/2022 18:00,8.4,36,0,4
4/4/2022 19:00,7.6,37,0,4
4/4/2022 20:00,6,42,0,2
4/4/2022 21:00,5.7,43,0,2
4/4/2022 22:00,5.9,42,0,2
4/4/2022 23:00,6.2,40,0,5
4/5/2022 0:00,6,41,0,7
4/5/2022 1:00,4.1,49,0,3
4/5/2022 2:00,2.6,56,0,5
4/5/2022 3:00,4.1,46,0,5
4/5/2022 4:00,2.5,59,0,3
4/5/2022 5:00,2,53,0,3
4/5/2022 6:00,2,54,0,1
4/5/2022 7:00,4.1,50,0.2,4
4/5/2022 8:00,4.8,37,0,5
4/5/2022 9:00,5.6,32,0,5
4/5/2022 10:00,7.6,34,0,5
4/5/2022 11:00,9.5,34,0,7
4/5/2022 12:00,9.4,31,0,5
4/5/2022 13:00,11.2,32,0,7
4/5/2022 14:00,10.8,30,0,8
4/5/2022 15:00,11.6,31,0,3
4/5/2022 16:00,11.6,28,0,6
4/5/2022 17:00,11.5,26,0,3
4/5/2022 18:00,10.4,31,0,5
4/5/2022 19:00,9.2,37,0,4
4/5/2022 20:00,8.1,41,0,1
4/5/2022 21:00,8.9,37,0,3
4/5/2022 22:00,9.1,34,0,6
4/5/2022 23:00,8,37,0,3
4/6/2022 0:00,6.9,39,0,2
4/6/2022 1:00,5,50,0,8
4/6/2022 2:00,3.3,56,0,4
4/6/2022 3:00,3.2,55,0,7
4/6/2022 4:00,2.6,57,0,7
4/6/2022 5:00,2.5,58,0,8
4/6/2022 6:00,2,64,0,11
4/6/2022 7:00,2.6,60,0,11
4/6/2022 8:00,4.1,55,0,10
4/6/2022 9:00,5.8,53,0,11
4/6/2022 10:00,8.5,46,0,8
4/6/2022 11:00,10,41,0,10
4/6/2022 12:00,11.7,40,0,13
4/6/2022 13:00,12.1,35,0,14
4/6/2022 14:00,12.6,37,0,3
4/6/2022 15:00,12.2,35,0,6
4/6/2022 16:00,12,33,0,7
4/6/2022 17:00,10.9,30,0,8
4/6/2022 18:00,9.6,31,0,9
4/6/2022 19:00,8.8,34,0,12
4/6/2022 20:00,8.1,35,0,14
4/6/2022 21:00,7.7,37,0,12
4/6/2022 22:00,6.7,42,0,11
4/6/2022 23:00,5.8,46,0,12
4/7/2022 0:00,4.7,48,0,12
4/7/2022 1:00,4.1,48,0,10
4/7/2022 2:00,3.9,51,0,10
4/7/2022 3:00,3.4,62,0,10
4/7/2022 4:00,2.8,78,0.3,6
4/7/2022 5:00,2.9,80,1.1,7
4/7/2022 6:00,3.2,86,0.5,6
4/7/2022 7:00,4,87,0.5,7
4/7/2022 8:00,4.6,90,0.8,6
4/7/2022 9:00,7.2,81,0.3,5
4/7/2022 10:00,7.9,80,0.5,2
4/7/2022 11:00,7.9,79,0,7
4/7/2022 12:00,7.3,83,2.1,7
4/7/2022 13:00,6.9,88,2.1,7
4/7/2022 14:00,6.8,90,1.7,5
4/7/2022 15:00,6.8,89,1.3,5
4/7/2022 16:00,6.6,89,2.6,5
4/7/2022 17:00,6.4,90,3.9,5
4/7/2022 18:00,6,91,4,3
4/7/2022 19:00,4.6,90,3,6
4/7/2022 20:00,3.6,88,2.3,6
4/7/2022 21:00,2.9,93,1.2,8
4/7/2022 22:00,2.3,95,1.8,8
4/7/2022 23:00,2.2,95,2.6,8
4/8/2022 0:00,2,95,2.6,11
4/8/2022 1:00,1.5,94,2.7,8
4/8/2022 2:00,1.5,95,1.4,8
4/8/2022 3:00,1.5,93,1.7,11
4/8/2022 4:00,1.5,94,0.8,8
4/8/2022 5:00,1.4,94,0.3,8
4/8/2022 6:00,1.3,95,1,7
4/8/2022 7:00,1.7,94,0.3,7
4/8/2022 8:00,2.2,95,0.7,5
4/8/2022 9:00,3,94,0.3,3
4/8/2022 10:00,4.4,92,0.2,6
4/8/2022 11:00,4.9,91,0,4
4/8/2022 12:00,6.1,82,0,6
4/8/2022 13:00,5.8,81,0,5
4/8/2022 14:00,6.6,76,0,6
4/8/2022 15:00,6.6,75,0,6
4/8/2022 16:00,6.7,75,0,2
4/8/2022 17:00,7,77,0,2
4/8/2022 18:00,6.9,79,0,2
4/8/2022 19:00,5.4,86,0,2
4/8/2022 20:00,5.2,88,0,2
4/8/2022 21:00,5.5,89,0,4
4/8/2022 22:00,5.5,92,0,3
4/8/2022 23:00,5.4,92,0,3
4/9/2022 0:00,5.4,92,0,6
4/9/2022 1:00,6.3,71,0,4
4/9/2022 2:00,6.3,71,0.3,5
4/9/2022 3:00,5.7,75,0,3
4/9/2022 4:00,4.2,83,0,3
4/9/2022 5:00,3.9,88,0,2
4/9/2022 6:00,4.6,87,0,2
4/9/2022 7:00,4.6,87,0,2
4/9/2022 8:00,5.1,87,0,1
4/9/2022 9:00,6,84,0.2,2
4/9/2022 10:00,6.7,82,0,2
4/9/2022 11:00,6.4,86,0,6
4/9/2022 12:00,5.6,91,0.2,5
4/9/2022 13:00,6,83,0,4
4/9/2022 14:00,6.7,78,0,4
4/9/2022 15:00,7.1,75,0,5
4/9/2022 16:00,6.8,79,0,2
4/9/2022 17:00,7,76,0,4
4/9/2022 18:00,6.8,79,0,5
4/9/2022 19:00,6.5,82,0,5
4/9/2022 20:00,5.8,90,0,6
4/9/2022 21:00,5.5,92,0,7
4/9/2022 22:00,5.2,92,0,7
4/9/2022 23:00,4.9,92,0,5
4/10/2022 0:00,5,84,0,7
4/10/2022 1:00,4.9,84,0,9
4/10/2022 2:00,4.9,81,0,5
4/10/2022 3:00,4.8,81,0,5
4/10/2022 4:00,4.3,84,0,8
4/10/2022 5:00,3.4,88,0,8
4/10/2022 6:00,3.4,87,0,7
4/10/2022 7:00,3.4,87,0,8
4/10/2022 8:00,3.2,83,0,7
4/10/2022 9:00,3.5,82,0.2,6
4/10/2022 10:00,4.1,81,0,6
4/10/2022 11:00,4.7,78,0,9
4/10/2022 12:00,6.3,76,0,6
4/10/2022 13:00,7.8,67,0,6
4/10/2022 14:00,7,62,0,9
4/10/2022 15:00,4.3,81,1.6,4
4/10/2022 16:00,7,69,0,3
4/10/2022 17:00,7.1,57,0,10
4/10/2022 18:00,7,52,0,9
4/10/2022 19:00,6.1,49,0,10
4/10/2022 20:00,4.9,53,0,8
4/10/2022 21:00,4.1,57,0,10
4/10/2022 22:00,3.5,59,0,6
4/10/2022 23:00,3,59,0,3
4/11/2022 0:00,2.9,58,0,6
4/11/2022 1:00,2.2,63,0,3
4/11/2022 2:00,1.8,66,0,5
4/11/2022 3:00,1.6,65,0,6
4/11/2022 4:00,1.4,66,0,6
4/11/2022 5:00,1.6,65,0,7
4/11/2022 6:00,1.7,64,0,8
4/11/2022 7:00,3.3,59,0,4
4/11/2022 8:00,4.1,55,0.2,5
4/11/2022 9:00,5.9,48,0,5
4/11/2022 10:00,7,44,0,9
4/11/2022 11:00,8.1,47,0,10
4/11/2022 12:00,8.7,47,0,9
4/11/2022 13:00,9.4,46,0,8
4/11/2022 14:00,11.2,47,0,6
4/11/2022 15:00,12.1,45,0,9
4/11/2022 16:00,11.9,47,0,9
4/11/2022 17:00,12,44,0,5
4/11/2022 18:00,10.9,42,0,4
4/11/2022 19:00,11.2,42,0,5
4/11/2022 20:00,11.1,44,0,4
4/11/2022 21:00,11.2,44,0,7
4/11/2022 22:00,10.6,49,0,7
4/11/2022 23:00,10.5,50,0,5
4/12/2022 0:00,10.6,48,0,5
4/12/2022 1:00,10,59,0,6
4/12/2022 2:00,8.7,84,0.9,4
4/12/2022 3:00,8.5,88,0.3,6
4/12/2022 4:00,8.3,90,0.2,4
4/12/2022 5:00,8.6,89,0,6
4/12/2022 6:00,9.1,83,0,3
4/12/2022 7:00,9.5,86,0.2,5
4/12/2022 8:00,10.2,74,0,4
4/12/2022 9:00,11.3,56,0,5
4/12/2022 10:00,12.9,54,0,5
4/12/2022 11:00,13.8,47,0,7
4/12/2022 12:00,15.1,32,0,9
4/12/2022 13:00,16,25,0,6
4/12/2022 14:00,16.1,22,0,5
4/12/2022 15:00,17.1,21,0,7
4/12/2022 16:00,15.8,23,0,5
4/12/2022 17:00,15.5,23,0,4
4/12/2022 18:00,14.9,25,0,3
4/12/2022 19:00,13.9,25,0,2
4/12/2022 20:00,11.2,41,0,0
4/12/2022 21:00,13,31,0,4
4/12/2022 22:00,12.2,40,0,4
4/12/2022 23:00,11.3,46,0,6
4/13/2022 0:00,10.2,49,0,8
4/13/2022 1:00,9.3,52,0,8
4/13/2022 2:00,9.2,52,0,10
4/13/2022 3:00,8.5,55,0,12
4/13/2022 4:00,8.7,53,0,12
4/13/2022 5:00,9.3,49,0,9
4/13/2022 6:00,9.6,47,0,2
4/13/2022 7:00,9.9,52,0,2
4/13/2022 8:00,10.5,51,0,8
4/13/2022 9:00,10.3,49,0,8
4/13/2022 10:00,9.9,57,0,2
4/13/2022 11:00,11.2,49,0,5
4/13/2022 12:00,10.6,58,0.2,5
4/13/2022 13:00,10.9,61,0.2,8
4/13/2022 14:00,10.3,67,0,6
4/13/2022 15:00,8.7,79,1.1,6
4/13/2022 16:00,8,86,0.3,6
4/13/2022 17:00,8.1,88,1.1,8
4/13/2022 18:00,7.6,93,1.1,7
4/13/2022 19:00,7.7,91,0.5,9
4/13/2022 20:00,7.2,95,1.9,8
4/13/2022 21:00,7,95,0.5,9
4/13/2022 22:00,6.9,95,0.7,7
4/13/2022 23:00,6.6,95,0.2,6
4/14/2022 0:00,6.5,95,0,7
4/14/2022 1:00,6.6,95,0.3,8
4/14/2022 2:00,6.4,96,0,10
4/14/2022 3:00,6.4,96,0,8
4/14/2022 4:00,6.3,96,0.3,10
4/14/2022 5:00,6.1,97,0.8,9
4/14/2022 6:00,6.3,96,0,6
4/14/2022 7:00,6.4,96,0,9
4/14/2022 8:00,7,95,0,8
4/14/2022 9:00,7.8,94,0,7
4/14/2022 10:00,8.4,94,0,7
4/14/2022 11:00,8.7,94,0.3,6
4/14/2022 12:00,8.7,95,0.3,7
4/14/2022 13:00,9.5,94,0.2,9
4/14/2022 14:00,11.2,87,0,7
4/14/2022 15:00,11.1,86,0,8
4/14/2022 16:00,9.7,90,0,12
4/14/2022 17:00,10,96,3.2,3
4/14/2022 18:00,11,93,2.3,10
4/14/2022 19:00,10.4,88,0.2,10
4/14/2022 20:00,9.9,85,0,8
4/14/2022 21:00,9.2,82,0,8
4/14/2022 22:00,9,74,0,8
4/14/2022 23:00,8.3,65,0,6
4/15/2022 0:00,8.2,63,0,7
4/15/2022 1:00,8,65,0,5
4/15/2022 2:00,7.3,64,0,5
4/15/2022 3:00,7.2,57,0,5
4/15/2022 4:00,6.3,61,0,4
4/15/2022 5:00,5.2,66,0,3
4/15/2022 6:00,6.4,58,0,4
4/15/2022 7:00,7.2,57,0,5
4/15/2022 8:00,8.9,54,0,9
4/15/2022 9:00,10.9,45,0,10
4/15/2022 10:00,12.4,35,0,6
4/15/2022 11:00,13.5,30,0,10
4/15/2022 12:00,14,29,0,14
4/15/2022 13:00,14.8,23,0,3
4/15/2022 14:00,14,33,0,7
4/15/2022 15:00,13.5,36,0,11
4/15/2022 16:00,14.5,32,0,9
4/15/2022 17:00,13.4,40,0,18
4/15/2022 18:00,11,56,0,19
4/15/2022 19:00,9.9,64,0,21
4/15/2022 20:00,9.5,69,0,16
4/15/2022 21:00,7.9,85,1.6,10
4/15/2022 22:00,8.4,82,1.2,16
4/15/2022 23:00,8.4,85,0.7,8
4/16/2022 0:00,7.3,89,3.7,8
4/16/2022 1:00,5.5,83,1.8,6
4/16/2022 2:00,3.6,88,2.4,4
4/16/2022 3:00,2,91,3,7
4/16/2022 4:00,1.9,94,1.5,9
4/16/2022 5:00,2.3,93,0,9
4/16/2022 6:00,2.6,88,0,9
4/16/2022 7:00,3.3,85,0,10
4/16/2022 8:00,3.5,80,0,9
4/16/2022 9:00,4.7,72,0,11
4/16/2022 10:00,5.7,51,0,10
4/16/2022 11:00,6.6,46,0,10
4/16/2022 12:00,7.5,44,0,10
4/16/2022 13:00,6.4,43,0,7
4/16/2022 14:00,7.3,42,0,6
4/16/2022 15:00,7.8,41,0,7
4/16/2022 16:00,7.2,39,0,3
4/16/2022 17:00,6.9,39,0,4
4/16/2022 18:00,6.3,39,0,4
4/16/2022 19:00,5.4,44,0,2
4/16/2022 20:00,5.2,41,0,12
4/16/2022 21:00,4.6,43,0,11
4/16/2022 22:00,4.2,41,0,9
4/16/2022 23:00,3.9,41,0,7
4/17/2022 0:00,3.1,43,0,4
4/17/2022 1:00,2.5,44,0,5
4/17/2022 2:00,1.8,48,0,4
4/17/2022 3:00,1.1,51,0,4
4/17/2022 4:00,0.9,53,0,7
4/17/2022 5:00,0.8,54,0,6
4/17/2022 6:00,0.6,58,0,6
4/17/2022 7:00,1.7,56,0,6
4/17/2022 8:00,3,54,0,6
4/17/2022 9:00,3.7,56,0,7
4/17/2022 10:00,5.2,51,0,5
4/17/2022 11:00,5.5,52,0,11
4/17/2022 12:00,5.6,48,0,6
4/17/2022 13:00,5.9,46,0,15
4/17/2022 14:00,5.8,47,0,12
4/17/2022 15:00,6.1,48,0,15
4/17/2022 16:00,6.6,47,0,10
4/17/2022 17:00,6.5,50,0,9
4/17/2022 18:00,6.4,50,0,13
4/17/2022 19:00,6.3,48,0,4
4/17/2022 20:00,5.3,51,0,2
4/17/2022 21:00,5.4,46,0,3
4/17/2022 22:00,4.6,49,0,4
4/17/2022 23:00,3.8,50,0,4
4/18/2022 0:00,3.8,48,0,7
4/18/2022 1:00,3.2,49,0,8
4/18/2022 2:00,2.6,51,0,8
4/18/2022 3:00,1.9,54,0,4
4/18/2022 4:00,0.7,59,0,4
4/18/2022 5:00,0.9,58,0,7
4/18/2022 6:00,0.7,59,0,7
4/18/2022 7:00,1.7,53,0,7
4/18/2022 8:00,3,54,0,6
4/18/2022 9:00,3.2,53,0,5
4/18/2022 10:00,4.6,46,0,8
4/18/2022 11:00,6,47,0,7
4/18/2022 12:00,7.2,44,0,4
4/18/2022 13:00,9.1,43,0,5
4/18/2022 14:00,8.8,38,0,6
4/18/2022 15:00,9.8,40,0,8
4/18/2022 16:00,9.7,42,0,7
4/18/2022 17:00,9.9,38,0,10
4/18/2022 18:00,8.9,49,0,8
4/18/2022 19:00,7.7,54,0,7
4/18/2022 20:00,7.7,54,0,10
4/18/2022 21:00,8.1,54,0,7
4/18/2022 22:00,8.2,55,0,4
4/18/2022 23:00,6.1,78,0,12
4/19/2022 0:00,5.9,73,0.9,8
4/19/2022 1:00,4.6,85,1.1,8
4/19/2022 2:00,3.8,86,1.7,10
4/19/2022 3:00,2.7,90,3.1,6
4/19/2022 4:00,1.4,94,2.6,4
4/19/2022 5:00,0.5,96,4.8,6
4/19/2022 6:00,0.3,97,4.2,8
4/19/2022 7:00,0.6,96,2.6,10
4/19/2022 8:00,0.5,96,1.9,15
4/19/2022 9:00,0.5,95,4.9,16
4/19/2022 10:00,0.6,95,1.3,16
4/19/2022 11:00,0.9,95,1.1,13
4/19/2022 12:00,1.1,95,1.2,10
4/19/2022 13:00,1.6,93,0.8,9
4/19/2022 14:00,2.1,90,1,2
4/19/2022 15:00,2.6,87,0,7
4/19/2022 16:00,3.2,83,0,10
4/19/2022 17:00,3.6,81,0,9
4/19/2022 18:00,3.5,86,0,9
4/19/2022 19:00,3.3,89,0,7
4/19/2022 20:00,3.2,90,0.4,8
4/19/2022 21:00,3,91,0.3,7
4/19/2022 22:00,3.2,89,0,8
4/19/2022 23:00,3.4,89,0,6
4/20/2022 0:00,3.5,87,0,6
4/20/2022 1:00,3.7,80,0,8
4/20/2022 2:00,3.2,79,0,7
4/20/2022 3:00,2.7,76,0,12
4/20/2022 4:00,2,77,0,8
4/20/2022 5:00,1.9,73,0,8
4/20/2022 6:00,2.1,67,0,8
4/20/2022 7:00,2,64,0,8
4/20/2022 8:00,2.5,60,0,6
4/20/2022 9:00,2.8,55,0,6
4/20/2022 10:00,3.2,54,0,5
4/20/2022 11:00,4,51,0.2,8
4/20/2022 12:00,4.8,52,0,6
4/20/2022 13:00,5.4,44,0,7
4/20/2022 14:00,6.9,44,0,7
4/20/2022 15:00,6.6,40,0,9
4/20/2022 16:00,7.8,41,0,6
4/20/2022 17:00,7.7,38,0,9
4/20/2022 18:00,7.2,39,0,4
4/20/2022 19:00,6.6,40,0,5
4/20/2022 20:00,5,50,0,4
4/20/2022 21:00,4.8,55,0,3
4/20/2022 22:00,4.9,52,0,2
4/20/2022 23:00,4.3,55,0,4
4/21/2022 0:00,3.9,57,0,6
4/21/2022 1:00,3.4,59,0,4
4/21/2022 2:00,3,62,0,4
4/21/2022 3:00,2.4,67,0,4
4/21/2022 4:00,2,72,0,5
4/21/2022 5:00,1.5,71,0,5
4/21/2022 6:00,2.9,66,0,6
4/21/2022 7:00,4.2,63,0,4
4/21/2022 8:00,5.8,58,0,8
4/21/2022 9:00,8,47,0,13
4/21/2022 10:00,8.7,46,0,16
4/21/2022 11:00,10.2,43,0,13
4/21/2022 12:00,9.9,44,0,12
4/21/2022 13:00,10.8,44,0,10
4/21/2022 14:00,11.6,44,0,10
4/21/2022 15:00,10.1,65,0,7
4/21/2022 16:00,8.7,82,1.3,6
4/21/2022 17:00,8.7,85,1.3,7
4/21/2022 18:00,9.4,83,0.5,6
4/21/2022 19:00,10.1,87,0,12
4/21/2022 20:00,10.1,89,0.3,8
4/21/2022 21:00,10.2,89,0,9
4/21/2022 22:00,10,85,0,8
4/21/2022 23:00,9.5,81,0,7
4/22/2022 0:00,9,76,0,5
4/22/2022 1:00,8.5,79,0,6
4/22/2022 2:00,7.8,75,0,5
4/22/2022 3:00,8,73,0,4
4/22/2022 4:00,7.1,76,0,4
4/22/2022 5:00,6.5,78,0,5
4/22/2022 6:00,6.1,76,0,4
4/22/2022 7:00,6.9,73,0,3
4/22/2022 8:00,7.7,69,0,6
4/22/2022 9:00,8.8,59,0,12
4/22/2022 10:00,9.7,51,0,6
4/22/2022 11:00,9.3,49,0,3
4/22/2022 12:00,9.5,47,0,3
4/22/2022 13:00,10.8,42,0,0
4/22/2022 14:00,10.4,41,0,3
4/22/2022 15:00,11.6,34,0,13
4/22/2022 16:00,11,33,0,9
4/22/2022 17:00,10.9,32,0,6
4/22/2022 18:00,10,35,0,7
4/22/2022 19:00,9.4,35,0,5
4/22/2022 20:00,8.3,40,0,2
4/22/2022 21:00,7.4,43,0,6
4/22/2022 22:00,6.5,46,0,6
4/22/2022 23:00,5.8,47,0,8
4/23/2022 0:00,5.4,46,0,7
4/23/2022 1:00,4.6,48,0,10
4/23/2022 2:00,3.8,47,0,7
4/23/2022 3:00,3.1,44,0,8
4/23/2022 4:00,2.5,44,0,6
4/23/2022 5:00,2,45,0,6
4/23/2022 6:00,2.2,43,0,7
4/23/2022 7:00,2.9,41,0,10
4/23/2022 8:00,4.2,35,0,4
4/23/2022 9:00,4.3,35,0,6
4/23/2022 10:00,5,33,0,6
4/23/2022 11:00,5.2,31,0,7
4/23/2022 12:00,6.2,30,0,5
4/23/2022 13:00,7.8,28,0,5
4/23/2022 14:00,8.5,28,0,5
4/23/2022 15:00,9.7,25,0,6
4/23/2022 16:00,9.5,27,0,1
4/23/2022 17:00,9.2,26,0,1
4/23/2022 18:00,9.1,26,0,2
4/23/2022 19:00,8.8,28,0,4
4/23/2022 20:00,7.9,33,0,7
4/23/2022 21:00,7.6,35,0,5
4/23/2022 22:00,7.4,34,0,5
4/23/2022 23:00,7.7,28,0,4
4/24/2022 0:00,7.2,30,0,6
4/24/2022 1:00,5.9,29,0,8
4/24/2022 2:00,4.7,35,0,9
4/24/2022 3:00,3.9,39,0,7
4/24/2022 4:00,3.1,48,0,8
4/24/2022 5:00,3.2,49,0,7
4/24/2022 6:00,3.2,43,0,6
4/24/2022 7:00,3.2,46,0,7
4/24/2022 8:00,4,46,0,7
4/24/2022 9:00,4.5,44,0,7
4/24/2022 10:00,6.5,38,0,8
4/24/2022 11:00,8.7,34,0,9
4/24/2022 12:00,10.3,28,0,10
4/24/2022 13:00,10.3,29,0,8
4/24/2022 14:00,10.6,28,0,8
4/24/2022 15:00,11.6,27,0,8
4/24/2022 16:00,12.2,26,0,6
4/24/2022 17:00,11.8,32,0,9
4/24/2022 18:00,10.7,40,0,6
4/24/2022 19:00,9.2,47,0,10
4/24/2022 20:00,8.4,52,0,10
4/24/2022 21:00,8.2,53,0,8
4/24/2022 22:00,8.1,54,0,9
4/24/2022 23:00,7.4,57,0,9
4/25/2022 0:00,6.7,61,0,9
4/25/2022 1:00,6.5,59,0,10
4/25/2022 2:00,6.1,62,0,7
4/25/2022 3:00,5.8,61,0,7
4/25/2022 4:00,6.1,59,0,6
4/25/2022 5:00,7.1,58,0,3
4/25/2022 6:00,10.3,54,0,6
4/25/2022 7:00,12,49,0,10
4/25/2022 8:00,14,40,0,10
4/25/2022 9:00,15.7,36,0,11
4/25/2022 10:00,16.3,34,0,6
4/25/2022 11:00,15.3,36,0,5
4/25/2022 12:00,16.1,39,0,4
4/25/2022 13:00,17.2,36,0,12
4/25/2022 14:00,19,33,0,13
4/25/2022 15:00,18.9,34,0,13
4/25/2022 16:00,18.5,36,0,1
4/25/2022 17:00,18.2,38,0,9
4/25/2022 18:00,17.4,46,0,8
4/25/2022 19:00,17.9,41,0,7
4/25/2022 20:00,17.8,41,0,7
4/25/2022 21:00,17.4,42,0,9
4/25/2022 22:00,17.1,44,0,9
4/25/2022 23:00,16.8,47,0,6
4/26/2022 0:00,16,49,0,6
4/26/2022 1:00,14.1,58,0,4
4/26/2022 2:00,11.9,75,0.5,9
4/26/2022 3:00,10.8,85,1.2,5
4/26/2022 4:00,10.2,88,0.9,5
4/26/2022 5:00,11.2,90,0.6,6
4/26/2022 6:00,11.2,87,0,8
4/26/2022 7:00,11.5,84,0,8
4/26/2022 8:00,12,80,0,7
4/26/2022 9:00,12.5,76,0,5
4/26/2022 10:00,13.7,67,0,8
4/26/2022 11:00,13.9,64,0,8
4/26/2022 12:00,15.2,58,0,8
4/26/2022 13:00,14.8,59,0,9
4/26/2022 14:00,14.2,63,0,6
4/26/2022 15:00,14.4,63,0,7
4/26/2022 16:00,13.9,58,0,10
4/26/2022 17:00,13.4,61,0,8
4/26/2022 18:00,13.1,61,0,6
4/26/2022 19:00,12.4,63,0,7
4/26/2022 20:00,12,64,0,5
4/26/2022 21:00,11.3,67,0,3
4/26/2022 22:00,11.1,67,0,5
4/26/2022 23:00,10.6,69,0,2
4/27/2022 0:00,10.3,68,0,2
4/27/2022 1:00,9.6,65,0,4
4/27/2022 2:00,9,70,0,5
4/27/2022 3:00,8.2,79,0,4
4/27/2022 4:00,7.8,84,0,5
4/27/2022 5:00,7.6,85,0,4
4/27/2022 6:00,7.7,85,0,4
4/27/2022 7:00,6.7,88,0,5
4/27/2022 8:00,6,91,1,5
4/27/2022 9:00,5,91,1.5,7
4/27/2022 10:00,4.4,92,0.8,7
4/27/2022 11:00,5.3,87,1.1,14
4/27/2022 12:00,4.8,88,1.2,10
4/27/2022 13:00,4.6,88,1.9,10
4/27/2022 14:00,3.7,90,1.2,7
4/27/2022 15:00,2.5,91,0.8,8
4/27/2022 16:00,1.6,92,1.8,5
4/27/2022 17:00,2.4,88,0.7,8
4/27/2022 18:00,3.3,75,0.2,5
4/27/2022 19:00,4,71,0,5
4/27/2022 20:00,3.9,70,0,4
4/27/2022 21:00,3.1,57,0,10
4/27/2022 22:00,2.9,54,0,9
4/27/2022 23:00,2.7,57,0,10
4/28/2022 0:00,2.5,60,0,8
4/28/2022 1:00,2.2,62,0,6
4/28/2022 2:00,2.5,61,0,11
4/28/2022 3:00,2.5,56,0,12
4/28/2022 4:00,2.5,52,0,8
4/28/2022 5:00,2.2,44,0,14
4/28/2022 6:00,1.9,41,0,13
4/28/2022 7:00,2.1,40,0,10
4/28/2022 8:00,2.6,37,0,16
4/28/2022 9:00,3.5,33,0,18
4/28/2022 10:00,5,31,0,17
4/28/2022 11:00,6.3,27,0,14
4/28/2022 12:00,7.6,26,0,16
4/28/2022 13:00,8.6,22,0,17
4/28/2022 14:00,9.4,22,0,19
4/28/2022 15:00,9.5,21,0,16
4/28/2022 16:00,9.5,20,0,16
4/28/2022 17:00,9.3,19,0,14
4/28/2022 18:00,8.7,21,0,12
4/28/2022 19:00,7.6,21,0,16
4/28/2022 20:00,6.7,22,0,15
4/28/2022 21:00,6,23,0,16
4/28/2022 22:00,5.2,26,0,11
4/28/2022 23:00,4.6,26,0,13
4/29/2022 0:00,4,28,0,15
4/29/2022 1:00,3.4,30,0,14
4/29/2022 2:00,2.8,33,0,12
4/29/2022 3:00,2.1,35,0,12
4/29/2022 4:00,1.5,37,0,10
4/29/2022 5:00,1.5,36,0,9
4/29/2022 6:00,1.9,36,0,9
4/29/2022 7:00,2.8,33,0,16
4/29/2022 8:00,3.9,30,0,14
4/29/2022 9:00,6.4,27,0,10
4/29/2022 10:00,7.9,22,0,14
4/29/2022 11:00,10.3,20,0,11
4/29/2022 12:00,10.5,16,0,20
4/29/2022 13:00,11.7,15,0,19
4/29/2022 14:00,12.1,14,0,18
4/29/2022 15:00,12.4,14,0,18
4/29/2022 16:00,12.1,18,0,15
4/29/2022 17:00,12.2,18,0,14
4/29/2022 18:00,11.4,21,0,12
4/29/2022 19:00,10.8,22,0,11
4/29/2022 20:00,10.7,23,0,13
4/29/2022 21:00,9,35,0,7
4/29/2022 22:00,8.8,35,0,5
4/29/2022 23:00,8.4,32,0,7
4/30/2022 0:00,7.2,35,0,8
4/30/2022 1:00,6.7,35,0,10
4/30/2022 2:00,6.1,36,0,11
4/30/2022 3:00,5.6,38,0,11
4/30/2022 4:00,4.9,41,0,10
4/30/2022 5:00,4.8,41,0,8
4/30/2022 6:00,5,40,0,11
4/30/2022 7:00,6.1,40,0,11
4/30/2022 8:00,6.9,38,0,9
4/30/2022 9:00,8.2,38,0,10
4/30/2022 10:00,9.6,34,0,8
4/30/2022 11:00,10.1,32,0,12
4/30/2022 12:00,11.5,33,0,6
4/30/2022 13:00,12.9,35,0,8
4/30/2022 14:00,13.5,31,0,9
4/30/2022 15:00,13.9,30,0,5
4/30/2022 16:00,14.9,28,0,5
4/30/2022 17:00,15,27,0,7
4/30/2022 18:00,14.2,28,0,7
4/30/2022 19:00,13.9,29,0,4
4/30/2022 20:00,11.3,40,0,4
4/30/2022 21:00,11.8,38,0,5
4/30/2022 22:00,10.3,43,0,4
4/30/2022 23:00,10.2,41,0,5
5/1/2022 0:00,10,40,0,5
5/1/2022 1:00,9.3,41,0,6
5/1/2022 2:00,8.6,44,0,5
5/1/2022 3:00,8.3,44,0,6
5/1/2022 4:00,8.2,45,0,5
5/1/2022 5:00,7.8,47,0,7
5/1/2022 6:00,8.9,44,0,6
5/1/2022 7:00,10.2,44,0,8
5/1/2022 8:00,10.6,41,0,7
5/1/2022 9:00,12.7,39,0,4
5/1/2022 10:00,14.6,36,0,5
5/1/2022 11:00,15.6,37,0,7
5/1/2022 12:00,16.7,36,0,6
5/1/2022 13:00,17.3,32,0,6
5/1/2022 14:00,17.4,29,0,6
5/1/2022 15:00,18.5,26,0,6
5/1/2022 16:00,18.1,26,0,6
5/1/2022 17:00,18.6,26,0,5
5/1/2022 18:00,17.8,28,0,5
5/1/2022 19:00,17.4,30,0,7
5/1/2022 20:00,16.6,37,0,7
5/1/2022 21:00,14.6,44,0,8
5/1/2022 22:00,12.7,47,0,7
5/1/2022 23:00,11.3,51,0,8
5/2/2022 0:00,9.7,57,0,11
5/2/2022 1:00,9.1,61,0,10
5/2/2022 2:00,8.4,65,0,11
5/2/2022 3:00,8,67,0,13
5/2/2022 4:00,7.6,69,0,11
5/2/2022 5:00,7.2,70,0,12
5/2/2022 6:00,7.6,69,0,11
5/2/2022 7:00,8.8,64,0,6
5/2/2022 8:00,11.2,58,0,8
5/2/2022 9:00,13.6,51,0,7
5/2/2022 10:00,16.3,43,0,7
5/2/2022 11:00,16.8,40,0,9
5/2/2022 12:00,16.9,40,0,11
5/2/2022 13:00,15.8,47,0,11
5/2/2022 14:00,15.2,53,0,11
5/2/2022 15:00,15.5,49,0,7
5/2/2022 16:00,13.7,57,0,11
5/2/2022 17:00,11.9,75,0,8
5/2/2022 18:00,12.4,68,0,12
5/2/2022 19:00,12.1,66,0,9
5/2/2022 20:00,11.7,68,0,10
5/2/2022 21:00,11.9,69,0,6
5/2/2022 22:00,11.8,70,0,6
5/2/2022 23:00,11.7,72,0,5
5/3/2022 0:00,10.8,86,0,5
5/3/2022 1:00,10.4,87,0,6
5/3/2022 2:00,10.1,90,0,5
5/3/2022 3:00,10.3,89,0,5
5/3/2022 4:00,10.2,88,0,7
5/3/2022 5:00,10.3,86,0,5
5/3/2022 6:00,10.7,86,0,6
5/3/2022 7:00,11.3,81,0,6
5/3/2022 8:00,13.2,69,0,8
5/3/2022 9:00,14.7,64,0,8
5/3/2022 10:00,14.7,60,0,8
5/3/2022 11:00,17,52,0,7
5/3/2022 12:00,16.1,55,0,6
5/3/2022 13:00,17.2,53,0,7
5/3/2022 14:00,17.9,52,0,8
5/3/2022 15:00,17.6,52,0,6
5/3/2022 16:00,18.1,51,0,7
5/3/2022 17:00,18,52,0,9
5/3/2022 18:00,17.3,54,0,9
5/3/2022 19:00,17,56,0,4
5/3/2022 20:00,16.4,59,0,6
5/3/2022 21:00,15.6,62,0,8
5/3/2022 22:00,14.7,68,0,6
5/3/2022 23:00,12.6,86,0,7
5/4/2022 0:00,11.8,92,0.6,7
5/4/2022 1:00,11.3,94,0.9,7
5/4/2022 2:00,10.9,94,0.7,8
5/4/2022 3:00,10.9,93,0.8,7
5/4/2022 4:00,11,93,0.7,6
5/4/2022 5:00,10.8,94,1.2,7
5/4/2022 6:00,10.8,94,0.8,7
5/4/2022 7:00,10.8,94,0.2,4
5/4/2022 8:00,10.9,93,0.2,1
5/4/2022 9:00,11,93,0,5
5/4/2022 10:00,11.3,94,0,7
5/4/2022 11:00,11.9,90,0,13
5/4/2022 12:00,12.5,86,0,8
5/4/2022 13:00,13.7,81,0,9
5/4/2022 14:00,13.9,71,0,9
5/4/2022 15:00,14.7,69,0,6
5/4/2022 16:00,15.7,66,0,4
5/4/2022 17:00,15.9,60,0,7
5/4/2022 18:00,14.8,73,0,5
5/4/2022 19:00,14.6,73,0,4
5/4/2022 20:00,14.1,77,0,5
5/4/2022 21:00,13.4,44,0,13
5/4/2022 22:00,12,46,0,13
5/4/2022 23:00,11.3,48,0,10
5/5/2022 0:00,10.3,47,0,12
5/5/2022 1:00,9,51,0,11
5/5/2022 2:00,8.1,53,0,9
5/5/2022 3:00,7.2,54,0,8
5/5/2022 4:00,5.9,58,0,11
5/5/2022 5:00,4.9,55,0,10
5/5/2022 6:00,4.7,54,0,12
5/5/2022 7:00,5.4,50,0,8
5/5/2022 8:00,6.4,47,0,6
5/5/2022 9:00,7.9,41,0,5
5/5/2022 10:00,8.9,40,0,7
5/5/2022 11:00,9.8,38,0,8
5/5/2022 12:00,12.7,40,0,8
5/5/2022 13:00,13.6,38,0,9
5/5/2022 14:00,14.9,30,0,5
5/5/2022 15:00,16.5,28,0,8
5/5/2022 16:00,16.7,23,0,7
5/5/2022 17:00,16.6,20,0,11
5/5/2022 18:00,16.3,21,0,6
5/5/2022 19:00,15.8,22,0,9
5/5/2022 20:00,14.4,26,0,6
5/5/2022 21:00,13.7,28,0,9
5/5/2022 22:00,12.6,31,0,5
5/5/2022 23:00,12.1,32,0,6
5/6/2022 0:00,10.4,38,0,4
5/6/2022 1:00,10.4,37,0,5
5/6/2022 2:00,9.8,37,0,4
5/6/2022 3:00,9.2,34,0,5
5/6/2022 4:00,8.7,38,0,4
5/6/2022 5:00,8.3,37,0,7
5/6/2022 6:00,7.9,37,0,7
5/6/2022 7:00,7.4,40,0,9
5/6/2022 8:00,7.1,39,0,10
5/6/2022 9:00,8.1,35,0,10
5/6/2022 10:00,9.6,37,0,11
5/6/2022 11:00,10.4,33,0,8
5/6/2022 12:00,10.7,28,0,10
5/6/2022 13:00,11.2,25,0,9
5/6/2022 14:00,12.3,26,0,5
5/6/2022 15:00,12.9,27,0,7
5/6/2022 16:00,13.8,25,0,6
5/6/2022 17:00,14.3,26,0,6
5/6/2022 18:00,12.9,28,0,6
5/6/2022 19:00,12.1,31,0,9
5/6/2022 20:00,10.9,32,0,7
5/6/2022 21:00,9.7,36,0,7
5/6/2022 22:00,9.2,35,0,12
5/6/2022 23:00,8.2,38,0,8
5/7/2022 0:00,7.6,40,0,7
5/7/2022 1:00,6.7,45,0,10
5/7/2022 2:00,5.7,49,0,9
5/7/2022 3:00,4.9,52,0,9
5/7/2022 4:00,4.6,60,0,7
5/7/2022 5:00,4,57,0,9
5/7/2022 6:00,4.5,52,0,9
5/7/2022 7:00,5.4,48,0,10
5/7/2022 8:00,6.9,42,0,9
5/7/2022 9:00,9,38,0,9
5/7/2022 10:00,9.3,31,0,14
5/7/2022 11:00,10.9,30,0,12
5/7/2022 12:00,11.9,27,0,14
5/7/2022 13:00,12.4,30,0,13
5/7/2022 14:00,13.3,29,0,11
5/7/2022 15:00,13.2,27,0,15
5/7/2022 16:00,13.6,26,0,13
5/7/2022 17:00,13.3,25,0,14
5/7/2022 18:00,13,21,0,9
5/7/2022 19:00,12.4,23,0,11
5/7/2022 20:00,11.5,27,0,9
5/7/2022 21:00,11.1,24,0,6
5/7/2022 22:00,10.1,25,0,8
5/7/2022 23:00,9.7,26,0,7
5/8/2022 0:00,8.1,33,0,9
5/8/2022 1:00,7.4,37,0,11
5/8/2022 2:00,6.7,41,0,10
5/8/2022 3:00,5.8,44,0,12
5/8/2022 4:00,5,46,0,12
5/8/2022 5:00,5,46,0,11
5/8/2022 6:00,6.2,44,0,7
5/8/2022 7:00,7.2,41,0,9
5/8/2022 8:00,8.9,36,0,10
5/8/2022 9:00,10.9,31,0,7
5/8/2022 10:00,12.5,30,0,6
5/8/2022 11:00,14.2,25,0,6
5/8/2022 12:00,15.3,23,0,9
5/8/2022 13:00,16.1,23,0,9
5/8/2022 14:00,16.8,19,0,7
5/8/2022 15:00,17.7,20,0,7
5/8/2022 16:00,17.7,17,0,11
5/8/2022 17:00,17.7,18,0,8
5/8/2022 18:00,16.7,19,0,11
5/8/2022 19:00,16.1,21,0,8
5/8/2022 20:00,14.6,23,0,7
5/8/2022 21:00,14,24,0,8
5/8/2022 22:00,13.2,24,0,4
5/8/2022 23:00,13.2,22,0,7
5/9/2022 0:00,12.4,25,0,8
5/9/2022 1:00,11,28,0,10
5/9/2022 2:00,10,35,0,11
5/9/2022 3:00,8.6,43,0,11
5/9/2022 4:00,7.9,47,0,8
5/9/2022 5:00,7.6,50,0,8
5/9/2022 6:00,8.4,46,0,10
5/9/2022 7:00,10.1,44,0,6
5/9/2022 8:00,12.3,39,0,9
5/9/2022 9:00,14.9,35,0,6
5/9/2022 10:00,16.7,28,0,8
5/9/2022 11:00,19.2,26,0,7
5/9/2022 12:00,20.1,22,0,9
5/9/2022 13:00,20.7,19,0,8
5/9/2022 14:00,22.1,17,0,7
5/9/2022 15:00,22.4,15,0,6
5/9/2022 16:00,22.8,16,0,8
5/9/2022 17:00,22.9,15,0,7
5/9/2022 18:00,22.1,16,0,5
5/9/2022 19:00,21.2,17,0,7
5/9/2022 20:00,18.8,22,0,6
5/9/2022 21:00,18.4,23,0,5
5/9/2022 22:00,17.3,27,0,8
5/9/2022 23:00,16.3,30,0,7
5/10/2022 0:00,15,34,0,3
5/10/2022 1:00,15,29,0,3
5/10/2022 2:00,14.4,30,0,5
5/10/2022 3:00,13.4,35,0,7
5/10/2022 4:00,12.2,39,0,6
5/10/2022 5:00,12.2,38,0,4
5/10/2022 6:00,13.7,32,0.2,3
5/10/2022 7:00,16,28,0.2,5
5/10/2022 8:00,18.2,26,0,5
5/10/2022 9:00,18.9,20,0,5
5/10/2022 10:00,21.3,23,0,9
5/10/2022 11:00,21.2,19,0,7
5/10/2022 12:00,22.2,20,0,5
5/10/2022 13:00,24,23,0,7
5/10/2022 14:00,24.4,21,0,6
5/10/2022 15:00,23.9,17,0,5
5/10/2022 16:00,24.7,17,0,5
5/10/2022 17:00,24.5,18,0,4
5/10/2022 18:00,23.6,19,0,3
5/10/2022 19:00,21,27,0,3
5/10/2022 20:00,19.2,30,0,3
5/10/2022 21:00,19.8,27,0,3
5/10/2022 22:00,19.2,30,0,6
5/10/2022 23:00,18.7,30,0,2
5/11/2022 0:00,18.1,31,0,4
5/11/2022 1:00,18.1,30,0,4
5/11/2022 2:00,17,34,0,0
5/11/2022 3:00,15.8,37,0,5
5/11/2022 4:00,14.4,43,0,7
5/11/2022 5:00,13.5,47,0,7
5/11/2022 6:00,14.7,45,0,7
5/11/2022 7:00,16.4,40,0,7
5/11/2022 8:00,19.6,37,0,6
5/11/2022 9:00,21.8,27,0,4
5/11/2022 10:00,22.5,28,0,6
5/11/2022 11:00,24.5,26,0,5
5/11/2022 12:00,26.4,29,0,5
5/11/2022 13:00,26.4,21,0,7
5/11/2022 14:00,27,19,0,6
5/11/2022 15:00,27.9,18,0,8
5/11/2022 16:00,28,16,0,8
5/11/2022 17:00,27.5,15,0,7
5/11/2022 18:00,26.5,19,0,3
5/11/2022 19:00,24.6,21,0,3
5/11/2022 20:00,22.9,25,0,3
5/11/2022 21:00,22.8,24,0,4
5/11/2022 22:00,22.8,24,0,4
5/11/2022 23:00,23.1,24,0,4
5/12/2022 0:00,21.6,27,0,3
5/12/2022 1:00,20.8,28,0,2
5/12/2022 2:00,18.6,35,0,1
5/12/2022 3:00,17.9,37,0,0
5/12/2022 4:00,17.6,40,0,3
5/12/2022 5:00,17.6,41,0,7
5/12/2022 6:00,17,44,0,8
5/12/2022 7:00,18,42,0.2,4
5/12/2022 8:00,20.3,38,0,3
5/12/2022 9:00,22.4,32,0,5
5/12/2022 10:00,24.7,30,0,2
5/12/2022 11:00,26,24,0,4
5/12/2022 12:00,27.4,22,0,7
5/12/2022 13:00,29.6,22,0,9
5/12/2022 14:00,30.6,16,0,5
5/12/2022 15:00,30.8,19,0,5
5/12/2022 16:00,30.5,16,0,8
5/12/2022 17:00,30.1,18,0,5
5/12/2022 18:00,28.9,19,0,2
5/12/2022 19:00,26.7,20,0,3
5/12/2022 20:00,25.4,24,0,3
5/12/2022 21:00,25,25,0,3
5/12/2022 22:00,24.6,26,0,3
5/12/2022 23:00,22.6,32,0,4
5/13/2022 0:00,21.8,33,0,7
5/13/2022 1:00,20.3,37,0,5
5/13/2022 2:00,20,40,0,7
5/13/2022 3:00,19.8,39,0,7
5/13/2022 4:00,20,36,0,4
5/13/2022 5:00,19.9,43,0,4
5/13/2022 6:00,19.7,41,0,7
5/13/2022 7:00,22.5,40,0,7
5/13/2022 8:00,25.3,45,0,6
5/13/2022 9:00,26.3,45,0,10
5/13/2022 10:00,27.9,44,0,9
5/13/2022 11:00,27.8,43,0,4
5/13/2022 12:00,28.4,40,0,8
5/13/2022 13:00,29,39,0,5
5/13/2022 14:00,30.5,36,0,6
5/13/2022 15:00,30.2,33,0,7
5/13/2022 16:00,30.1,32,0,5
5/13/2022 17:00,30.1,33,0,4
5/13/2022 18:00,28.5,37,0,5
5/13/2022 19:00,26.7,42,0,4
5/13/2022 20:00,25.4,45,0,1
5/13/2022 21:00,23.8,49,0,2
5/13/2022 22:00,23.7,49,0,0
5/13/2022 23:00,22.5,55,0,3
5/14/2022 0:00,22,57,0,7
5/14/2022 1:00,21.6,59,0,5
5/14/2022 2:00,21.3,61,0,6
5/14/2022 3:00,20.8,65,0,4
5/14/2022 4:00,20.5,66,0,6
5/14/2022 5:00,20.7,66,0,4
5/14/2022 6:00,21.3,66,0,6
5/14/2022 7:00,22.4,63,0,5
5/14/2022 8:00,23.5,61,0,9
5/14/2022 9:00,25.6,56,0,8
5/14/2022 10:00,25.7,54,0,6
5/14/2022 11:00,28,51,0,7
5/14/2022 12:00,28.8,48,0,6
5/14/2022 13:00,29.6,37,0,4
5/14/2022 14:00,30.8,35,0,5
5/14/2022 15:00,31.1,26,0,4
5/14/2022 16:00,31.6,32,0,3
5/14/2022 17:00,30.7,27,0,5
5/14/2022 18:00,28.7,44,0,8
5/14/2022 19:00,27.8,47,0,6
5/14/2022 20:00,26.7,50,0,2
5/14/2022 21:00,23.9,56,0,10
5/14/2022 22:00,23,62,0,10
5/14/2022 23:00,22.4,63,0,6
5/15/2022 0:00,22.3,60,0,3
5/15/2022 1:00,21.8,64,0,4
5/15/2022 2:00,21,71,0,5
5/15/2022 3:00,20,75,0,5
5/15/2022 4:00,18.5,74,0,4
5/15/2022 5:00,18.6,79,0,1
5/15/2022 6:00,18.7,74,0,6
5/15/2022 7:00,18.1,73,0,7
5/15/2022 8:00,17.2,78,0,7
5/15/2022 9:00,17.5,81,0,3
5/15/2022 10:00,18.8,84,0,3
5/15/2022 11:00,19.9,76,0.3,4
5/15/2022 12:00,21.5,71,0,7
5/15/2022 13:00,20.8,73,0,12
5/15/2022 14:00,22.2,71,0,4
5/15/2022 15:00,23,66,0,6
5/15/2022 16:00,22.1,74,0,5
5/15/2022 17:00,19.4,88,3.5,5
5/15/2022 18:00,19.1,94,22.2,2
5/15/2022 19:00,19.6,92,0,5
5/15/2022 20:00,18.9,92,0.9,7
5/15/2022 21:00,18.4,93,0,2
5/15/2022 22:00,17.9,95,0,1
5/15/2022 23:00,18.2,94,0,6
5/16/2022 0:00,17.9,95,0,2
5/16/2022 1:00,17.8,92,0,4
5/16/2022 2:00,16.7,96,0,3
5/16/2022 3:00,16.2,97,0,3
5/16/2022 4:00,15.6,98,0,4
5/16/2022 5:00,16.2,98,0,1
5/16/2022 6:00,16.4,98,0,2
5/16/2022 7:00,16.4,97,0.2,4
5/16/2022 8:00,18.3,91,0.2,4
5/16/2022 9:00,20.6,76,0,5
5/16/2022 10:00,21.6,70,0,5
5/16/2022 11:00,21.2,78,0,11
5/16/2022 12:00,22.7,72,0,5
5/16/2022 13:00,23.5,68,0,8
5/16/2022 14:00,23.3,71,0,10
5/16/2022 15:00,22.8,74,0,10
5/16/2022 16:00,22.2,77,0,10
5/16/2022 17:00,19.5,83,1,2
5/16/2022 18:00,18.8,84,2.6,5
5/16/2022 19:00,18.1,89,2.2,4
5/16/2022 20:00,17.6,90,0.4,9
5/16/2022 21:00,16.2,90,0,12
5/16/2022 22:00,14.2,92,0.2,11
5/16/2022 23:00,13.8,88,0,11
5/17/2022 0:00,13.4,85,0,9
5/17/2022 1:00,12.7,84,0,6
5/17/2022 2:00,12.1,86,0.4,8
5/17/2022 3:00,11.9,82,0,7
5/17/2022 4:00,11.1,87,0,10
5/17/2022 5:00,11.4,86,0.2,11
5/17/2022 6:00,11.9,85,0,6
5/17/2022 7:00,12.6,84,0,7
5/17/2022 8:00,12.3,83,0,6
5/17/2022 9:00,12.6,80,0,10
5/17/2022 10:00,11.4,90,0.4,9
5/17/2022 11:00,12.6,86,0,9
5/17/2022 12:00,13.8,78,0,9
5/17/2022 13:00,13.6,81,1.2,4
5/17/2022 14:00,14.7,64,0,7
5/17/2022 15:00,15.3,58,0,5
5/17/2022 16:00,15.3,51,0,13
5/17/2022 17:00,14.3,53,0,7
5/17/2022 18:00,12.9,52,0,13
5/17/2022 19:00,11.8,52,0,12
5/17/2022 20:00,11.4,54,0,5
5/17/2022 21:00,11.3,55,0,4
5/17/2022 22:00,11.1,55,0,9
5/17/2022 23:00,10.8,49,0,14
5/18/2022 0:00,10.5,46,0,12
5/18/2022 1:00,10.1,46,0,8
5/18/2022 2:00,9.5,44,0,7
5/18/2022 3:00,8.5,46,0,6
5/18/2022 4:00,7.6,48,0,7
5/18/2022 5:00,7.2,48,0,7
5/18/2022 6:00,7.7,46,0,9
5/18/2022 7:00,8.2,39,0,9
5/18/2022 8:00,9.3,38,0,11
5/18/2022 9:00,10.4,37,0,9
5/18/2022 10:00,12,34,0,6
5/18/2022 11:00,12.6,33,0,9
5/18/2022 12:00,13.8,42,0,7
5/18/2022 13:00,14.9,39,0,10
5/18/2022 14:00,15.5,34,0,8
5/18/2022 15:00,16.6,35,0,7
5/18/2022 16:00,16,37,0,9
5/18/2022 17:00,16.2,38,0,10
5/18/2022 18:00,15.4,39,0,6
5/18/2022 19:00,14.6,42,0,6
5/18/2022 20:00,13.8,46,0,3
5/18/2022 21:00,13.5,46,0,2
5/18/2022 22:00,13.1,47,0,3
5/18/2022 23:00,13,48,0,10
5/19/2022 0:00,12.1,54,0,5
5/19/2022 1:00,10.2,63,0,6
5/19/2022 2:00,9.4,63,0,5
5/19/2022 3:00,8.8,67,0,1
5/19/2022 4:00,8.8,69,0,2
5/19/2022 5:00,9.3,69,0,2
5/19/2022 6:00,10.4,72,0,3
5/19/2022 7:00,10.8,63,0,4
5/19/2022 8:00,11.1,66,0,5
5/19/2022 9:00,13.3,59,0,7
5/19/2022 10:00,13.5,60,0,8
5/19/2022 11:00,12.7,68,0,8
5/19/2022 12:00,11.5,78,0.6,9
5/19/2022 13:00,10.9,86,1.1,7
5/19/2022 14:00,10.9,89,2.5,4
5/19/2022 15:00,10.5,91,2.4,4
5/19/2022 16:00,10.9,89,0.2,3
5/19/2022 17:00,11,88,0,5
5/19/2022 18:00,11.4,88,0,3
5/19/2022 19:00,11.3,88,0,3
5/19/2022 20:00,11.3,90,0,3
5/19/2022 21:00,11,88,0,4
5/19/2022 22:00,11,93,0,3
5/19/2022 23:00,10.8,93,0,3
5/20/2022 0:00,10.7,94,0,3
5/20/2022 1:00,10.8,94,0,2
5/20/2022 2:00,11,94,0,1
5/20/2022 3:00,11.2,91,0,3
5/20/2022 4:00,10.2,93,0,3
5/20/2022 5:00,10.9,93,0,3
5/20/2022 6:00,11.2,90,0.2,5
5/20/2022 7:00,12.5,81,0,6
5/20/2022 8:00,13.3,82,0,7
5/20/2022 9:00,14.6,77,0,9
5/20/2022 10:00,15.6,73,0,11
5/20/2022 11:00,18.3,62,0,10
5/20/2022 12:00,20.6,56,0,8
5/20/2022 13:00,23,54,0,8
5/20/2022 14:00,23.2,48,0,9
5/20/2022 15:00,24.5,46,0,7
5/20/2022 16:00,25.1,50,0,9
5/20/2022 17:00,25.8,49,0,6
5/20/2022 18:00,24.9,51,0,7
5/20/2022 19:00,24.3,54,0,1
5/20/2022 20:00,23.5,56,0,7
5/20/2022 21:00,22.9,57,0,7
5/20/2022 22:00,22.2,60,0,6
5/20/2022 23:00,21.4,65,0,8
5/21/2022 0:00,20.6,69,0,7
5/21/2022 1:00,19.8,73,0,8
5/21/2022 2:00,19.5,76,0,8
5/21/2022 3:00,19.2,78,0,8
5/21/2022 4:00,19,80,0,6
5/21/2022 5:00,18.9,82,0,6
5/21/2022 6:00,19.6,80,0,6
5/21/2022 7:00,21,77,0,5
5/21/2022 8:00,23.3,71,0,7
5/21/2022 9:00,25.5,66,0,3
5/21/2022 10:00,27.6,61,0,8
5/21/2022 11:00,29.1,55,0,8
5/21/2022 12:00,30.7,52,0,9
5/21/2022 13:00,31.3,51,0,8
5/21/2022 14:00,31.3,51,0,8
5/21/2022 15:00,31.1,48,0,10
5/21/2022 16:00,28.9,54,0,10
5/21/2022 17:00,26.4,56,0,5
5/21/2022 18:00,24.6,50,0,6
5/21/2022 19:00,22.8,61,0,6
5/21/2022 20:00,22.2,64,0,2
5/21/2022 21:00,21.8,66,0.2,3
5/21/2022 22:00,21.7,67,0,5
5/21/2022 23:00,20.9,71,0,4
5/22/2022 0:00,20.3,75,0,2
5/22/2022 1:00,20.1,79,0,2
5/22/2022 2:00,19.5,83,0,2
5/22/2022 3:00,19.5,82,0,9
5/22/2022 4:00,19.1,88,0,6
5/22/2022 5:00,19,89,0,5
5/22/2022 6:00,19.3,87,0,7
5/22/2022 7:00,20.1,83,0,9
5/22/2022 8:00,20.8,77,0,8
5/22/2022 9:00,21.5,71,0,13
5/22/2022 10:00,22.6,64,0,10
5/22/2022 11:00,24,60,0,10
5/22/2022 12:00,24.6,60,0,6
5/22/2022 13:00,24.6,64,0,5
5/22/2022 14:00,24.4,65,0,1
5/22/2022 15:00,18.3,67,0,17
5/22/2022 16:00,16.5,73,0,13
5/22/2022 17:00,16.2,80,0,5
5/22/2022 18:00,15.3,85,0,4
5/22/2022 19:00,14.4,87,0,5
5/22/2022 20:00,14.2,74,0,7
5/22/2022 21:00,13.1,70,0,8
5/22/2022 22:00,12.8,70,0,6
5/22/2022 23:00,12.6,67,0,9
5/23/2022 0:00,12,62,0,13
5/23/2022 1:00,10.9,61,0,12
5/23/2022 2:00,9.8,56,0,15
5/23/2022 3:00,8.7,55,0,12
5/23/2022 4:00,7.8,57,0,10
5/23/2022 5:00,7.4,59,0,9
5/23/2022 6:00,8,58,0,11
5/23/2022 7:00,8.6,55,0,7
5/23/2022 8:00,9.8,56,0,9
5/23/2022 9:00,10.7,49,0,7
5/23/2022 10:00,12.6,47,0,7
5/23/2022 11:00,13.1,44,0,5
5/23/2022 12:00,13.5,40,0,7
5/23/2022 13:00,14.5,40,0,5
5/23/2022 14:00,15.3,41,0,9
5/23/2022 15:00,15.7,41,0,3
5/23/2022 16:00,15.2,38,0,3
5/23/2022 17:00,14.9,41,0,3
5/23/2022 18:00,14.8,40,0,3
5/23/2022 19:00,13.6,48,0,4
5/23/2022 20:00,13,50,0,5
5/23/2022 21:00,12.3,54,0,5
5/23/2022 22:00,11.5,58,0,4
5/23/2022 23:00,12.1,56,0,3
5/24/2022 0:00,11.9,50,0,3
5/24/2022 1:00,11.8,50,0,3
5/24/2022 2:00,10.5,57,0,2
5/24/2022 3:00,10.8,53,0,2
5/24/2022 4:00,9,62,0,2
5/24/2022 5:00,10.3,55,0,2
5/24/2022 6:00,11,69,0,5
5/24/2022 7:00,11.8,58,0,4
5/24/2022 8:00,14.3,51,0,5
5/24/2022 9:00,15.6,44,0,7
5/24/2022 10:00,15.1,36,0,8
5/24/2022 11:00,15.5,34,0,6
5/24/2022 12:00,16.7,36,0,6
5/24/2022 13:00,16.9,37,0,6
5/24/2022 14:00,17,35,0,7
5/24/2022 15:00,17.4,32,0,6
5/24/2022 16:00,17.2,32,0,9
5/24/2022 17:00,17.4,30,0,6
5/24/2022 18:00,16.8,30,0,4
5/24/2022 19:00,15.9,35,0,4
5/24/2022 20:00,14.1,41,0,4
5/24/2022 21:00,13.9,46,0,4
5/24/2022 22:00,13.3,46,0,3
5/24/2022 23:00,13.3,47,0,4
5/25/2022 0:00,12.5,49,0,2
5/25/2022 1:00,12.1,50,0,2
5/25/2022 2:00,11.7,52,0,2
5/25/2022 3:00,11.1,57,0,3
5/25/2022 4:00,11.7,55,0,2
5/25/2022 5:00,10.6,64,0,2
5/25/2022 6:00,14.4,52,0,0
5/25/2022 7:00,14.6,48,0,5
5/25/2022 8:00,17.1,41,0,2
5/25/2022 9:00,18.9,41,0,4
5/25/2022 10:00,18.9,30,0,6
5/25/2022 11:00,19.5,30,0,9
5/25/2022 12:00,20.5,25,0,5
5/25/2022 13:00,21.7,30,0,6
5/25/2022 14:00,21.6,25,0,7
5/25/2022 15:00,22.4,27,0,7
5/25/2022 16:00,22.8,26,0,5
5/25/2022 17:00,22.2,26,0,4
5/25/2022 18:00,21.6,28,0,7
5/25/2022 19:00,20.5,34,0,2
5/25/2022 20:00,19.7,34,0,4
5/25/2022 21:00,18.3,38,0,3
5/25/2022 22:00,17.8,42,0,2
5/25/2022 23:00,18.5,40,0,2
5/26/2022 0:00,18.6,38,0,2
5/26/2022 1:00,18.2,40,0,1
5/26/2022 2:00,17.1,48,0,5
5/26/2022 3:00,16.4,60,0,5
5/26/2022 4:00,16.3,61,0,5
5/26/2022 5:00,16.3,64,0,4
5/26/2022 6:00,16,72,0,4
5/26/2022 7:00,15.9,75,0,5
5/26/2022 8:00,15.6,82,0,7
5/26/2022 9:00,16.1,72,0,9
5/26/2022 10:00,16.9,63,0,8
5/26/2022 11:00,19.9,56,0,7
5/26/2022 12:00,22.1,45,0,12
5/26/2022 13:00,22.4,41,0,11
5/26/2022 14:00,22.5,40,0,9
5/26/2022 15:00,21.7,44,0,6
5/26/2022 16:00,21.4,48,0,4
5/26/2022 17:00,21.8,47,0,6
5/26/2022 18:00,22.2,45,0,5
5/26/2022 19:00,22.3,49,0,5
5/26/2022 20:00,21.7,52,0,7
5/26/2022 21:00,20.9,55,0,5
5/26/2022 22:00,20.7,58,0,5
5/26/2022 23:00,20.3,61,0,6
5/27/2022 0:00,19.8,64,0,6
5/27/2022 1:00,19,68,0,5
5/27/2022 2:00,18.8,72,0,4
5/27/2022 3:00,18.3,75,0,5
5/27/2022 4:00,17.1,87,0.5,4
5/27/2022 5:00,16.5,94,2.8,7
5/27/2022 6:00,16.4,95,2.7,6
5/27/2022 7:00,16.7,96,0.8,6
5/27/2022 8:00,17.2,94,1,6
5/27/2022 9:00,17.7,94,1,5
5/27/2022 10:00,17.9,97,6.4,7
5/27/2022 11:00,18.1,95,0.8,4
5/27/2022 12:00,19.6,96,1.8,5
5/27/2022 13:00,19.1,95,1.9,2
5/27/2022 14:00,19.7,91,4.6,7
5/27/2022 15:00,20.4,87,0.2,4
5/27/2022 16:00,20.5,89,0,6
5/27/2022 17:00,21,80,0,7
5/27/2022 18:00,20.7,81,0,4
5/27/2022 19:00,20.5,83,0,4
5/27/2022 20:00,19.8,89,0,3
5/27/2022 21:00,19.5,95,1.1,4
5/27/2022 22:00,19.2,96,5.2,6
5/27/2022 23:00,18.6,95,3.2,4
5/28/2022 0:00,18.5,95,2.8,5
5/28/2022 1:00,18.3,95,0.5,6
5/28/2022 2:00,18.2,92,0,5
5/28/2022 3:00,17.9,94,0.3,3
5/28/2022 4:00,17.8,95,0,3
5/28/2022 5:00,17.6,92,0,2
5/28/2022 6:00,17.5,90,0,3
5/28/2022 7:00,17.6,86,0,9
5/28/2022 8:00,17.2,83,0,6
5/28/2022 9:00,16.9,81,0.4,6
5/28/2022 10:00,18,74,0.2,6
5/28/2022 11:00,17.6,67,0,3
5/28/2022 12:00,18.3,62,0,9
5/28/2022 13:00,18.7,60,0,8
5/28/2022 14:00,19.2,53,0,10
5/28/2022 15:00,18.7,51,0,15
5/28/2022 16:00,19.5,48,0,11
5/28/2022 17:00,20,46,0,5
5/28/2022 18:00,19.1,50,0,6
5/28/2022 19:00,17.6,59,0,4
5/28/2022 20:00,16.8,62,0,3
5/28/2022 21:00,16.8,62,0,3
5/28/2022 22:00,17.6,57,0,4
5/28/2022 23:00,18.1,54,0,8
5/29/2022 0:00,17.4,59,0,10
5/29/2022 1:00,17,63,0,6
5/29/2022 2:00,15.8,71,0,8
5/29/2022 3:00,15,77,0,8
5/29/2022 4:00,14.7,81,0,8
5/29/2022 5:00,14.3,83,0,10
5/29/2022 6:00,15.3,77,0,12
5/29/2022 7:00,17,70,0,10
5/29/2022 8:00,17.8,66,0,10
5/29/2022 9:00,19.5,62,0,7
5/29/2022 10:00,21.7,55,0,8
5/29/2022 11:00,22.5,47,0,6
5/29/2022 12:00,24.2,42,0,9
5/29/2022 13:00,24.8,35,0,9
5/29/2022 14:00,25,37,0,3
5/29/2022 15:00,24.8,38,0,7
5/29/2022 16:00,25.1,36,0,2
5/29/2022 17:00,25.1,37,0,6
5/29/2022 18:00,24,41,0,5
5/29/2022 19:00,22.9,43,0,5
5/29/2022 20:00,22,45,0,3
5/29/2022 21:00,21.3,41,0,3
5/29/2022 22:00,20.1,46,0,5
5/29/2022 23:00,19.4,50,0,4
5/30/2022 0:00,18.9,57,0,4
5/30/2022 1:00,18.1,62,0,5
5/30/2022 2:00,17.5,67,0,5
5/30/2022 3:00,17,69,0,4
5/30/2022 4:00,16.6,71,0,5
5/30/2022 5:00,16.7,71,0,7
5/30/2022 6:00,16.9,71,0,8
5/30/2022 7:00,17.3,71,0,6
5/30/2022 8:00,17.5,72,0,8
5/30/2022 9:00,18.1,69,0,10
5/30/2022 10:00,20.3,64,0,3
5/30/2022 11:00,23.5,52,,0
5/30/2022 12:00,24.1,50,0,7
5/30/2022 13:00,25.6,47,0,7
5/30/2022 14:00,25.6,48,0,7
5/30/2022 15:00,26.3,50,0,5
5/30/2022 16:00,26.6,49,0,6
5/30/2022 17:00,26.5,49,0,6
5/30/2022 18:00,26.2,52,0,5
5/30/2022 19:00,25.3,56,0,6
5/30/2022 20:00,24.7,58,0,6
5/30/2022 21:00,24.3,61,0,8
5/30/2022 22:00,23.6,64,0,8
5/30/2022 23:00,23.8,64,0,7
5/31/2022 0:00,23.4,65,0,2
5/31/2022 1:00,18.9,73,0,9
5/31/2022 2:00,16.8,76,0,12
5/31/2022 3:00,15,77,0,13
5/31/2022 4:00,13.9,82,0,13
5/31/2022 5:00,13,78,0,12
5/31/2022 6:00,12.9,78,0,11
5/31/2022 7:00,12.6,77,0,15
5/31/2022 8:00,12.2,76,0,11
5/31/2022 9:00,12.4,72,0,12
5/31/2022 10:00,12.7,70,0,11
5/31/2022 11:00,14.4,68,0,11
5/31/2022 12:00,15.7,61,0,10
5/31/2022 13:00,16.8,58,0,10
5/31/2022 14:00,17.3,53,0,11
5/31/2022 15:00,17.9,50,0,9
5/31/2022 16:00,18,49,0,10
5/31/2022 17:00,18.4,46,0,8
5/31/2022 18:00,18.4,44,0,6
5/31/2022 19:00,17.5,50,0,6
5/31/2022 20:00,17.1,52,0,6
5/31/2022 21:00,16.5,57,0,7
5/31/2022 22:00,16.2,58,0,8
5/31/2022 23:00,15.9,55,0,7
6/1/2022 0:00,15.6,56,0,6
6/1/2022 1:00,15.5,50,0,6
6/1/2022 2:00,15,53,0,6
6/1/2022 3:00,14.6,52,0,7
6/1/2022 4:00,14.2,53,0,11
6/1/2022 5:00,13.6,56,0,8
6/1/2022 6:00,13.2,57,0,9
6/1/2022 7:00,13,60,0,9
6/1/2022 8:00,13.1,62,0,9
6/1/2022 9:00,13.8,58,0,8
6/1/2022 10:00,14.9,57,0,9
6/1/2022 11:00,16,59,0,5
6/1/2022 12:00,16.5,66,0,4
6/1/2022 13:00,16.8,74,0,5
6/1/2022 14:00,16.5,79,0,6
6/1/2022 15:00,17,77,0,4
6/1/2022 16:00,16.8,76,0,5
6/1/2022 17:00,16.7,79,0,5
6/1/2022 18:00,16.5,80,0,7
6/1/2022 19:00,16,82,0,7
6/1/2022 20:00,15.6,85,0,3
6/1/2022 21:00,15.2,89,0,4
6/1/2022 22:00,14.6,94,0.7,3
6/1/2022 23:00,13.7,95,0.3,10
6/2/2022 0:00,13.4,96,0.2,10
6/2/2022 1:00,13.4,94,0,9
6/2/2022 2:00,12.8,87,0,6
6/2/2022 3:00,12,90,0,9
6/2/2022 4:00,11.8,92,0,7
6/2/2022 5:00,12,91,0,8
6/2/2022 6:00,11.8,85,0,9
6/2/2022 7:00,13.3,80,0,10
6/2/2022 8:00,14.6,72,0,10
6/2/2022 9:00,16.2,66,0,10
6/2/2022 10:00,16.7,64,0,9
6/2/2022 11:00,17.8,61,0,7
6/2/2022 12:00,19.1,62,0,7
6/2/2022 13:00,19.4,60,0,6
6/2/2022 14:00,20.4,57,0,4
6/2/2022 15:00,20.9,55,0,5
6/2/2022 16:00,20.4,59,0,4
6/2/2022 17:00,20.3,59,0,1
6/2/2022 18:00,20.1,61,0,1
6/2/2022 19:00,20.1,63,0,2
6/2/2022 20:00,18.3,70,0,3
6/2/2022 21:00,17.5,74,0,3
6/2/2022 22:00,17.7,76,0,1
6/2/2022 23:00,17.5,78,0,2
6/3/2022 0:00,17.2,80,0,3
6/3/2022 1:00,17.2,78,0,5
6/3/2022 2:00,17.5,76,0,6
6/3/2022 3:00,17.4,79,0,5
6/3/2022 4:00,16.7,84,0,4
6/3/2022 5:00,16.3,87,0,4
6/3/2022 6:00,15.3,89,1.4,3
6/3/2022 7:00,17.5,69,0,5
6/3/2022 8:00,19.4,59,0,5
6/3/2022 9:00,19.8,54,0,6
6/3/2022 10:00,20.5,61,0,7
6/3/2022 11:00,21.9,51,0,6
6/3/2022 12:00,22,44,0,6
6/3/2022 13:00,22.2,43,0,8
6/3/2022 14:00,22.9,45,0,12
6/3/2022 15:00,22.4,41,0,7
6/3/2022 16:00,24.2,37,0,5
6/3/2022 17:00,24,34,0,3
6/3/2022 18:00,23.6,33,0,5
6/3/2022 19:00,21.2,40,0,2
6/3/2022 20:00,19.8,46,0,3
6/3/2022 21:00,19.3,59,0,6
6/3/2022 22:00,18.9,53,0,4
6/3/2022 23:00,18.2,57,0,2
6/4/2022 0:00,16.8,67,0,3
6/4/2022 1:00,16.8,67,0,4
6/4/2022 2:00,16,71,0,6
6/4/2022 3:00,15.7,73,0,3
6/4/2022 4:00,15.1,76,0,3
6/4/2022 5:00,15.1,70,0,4
6/4/2022 6:00,17.3,65,0,7
6/4/2022 7:00,18,56,0,5
6/4/2022 8:00,19.3,53,0,5
6/4/2022 9:00,20.2,48,0,9
6/4/2022 10:00,22.1,44,0,10
6/4/2022 11:00,21.8,47,0,10
6/4/2022 12:00,21.8,37,0,11
6/4/2022 13:00,20.6,43,0,14
6/4/2022 14:00,20.5,38,0,6
6/4/2022 15:00,19.6,41,0,9
6/4/2022 16:00,19.3,43,0,6
6/4/2022 17:00,19.6,35,0,7
6/4/2022 18:00,17.6,41,0,8
6/4/2022 19:00,17.3,42,0,5
6/4/2022 20:00,15.8,45,0,5
6/4/2022 21:00,14.6,51,0,5
6/4/2022 22:00,13.4,54,0,2
6/4/2022 23:00,13.3,55,0,3
6/5/2022 0:00,13,60,0,2
6/5/2022 1:00,12.4,65,0,3
6/5/2022 2:00,12.3,63,0,2
6/5/2022 3:00,11.8,65,0,4
6/5/2022 4:00,11.5,69,0,4
6/5/2022 5:00,11.2,73,0,6
6/5/2022 6:00,12.7,69,0,6
6/5/2022 7:00,13.3,66,0,5
6/5/2022 8:00,14.8,60,0,6
6/5/2022 9:00,16.4,53,0,6
6/5/2022 10:00,16.6,47,0,6
6/5/2022 11:00,18.5,49,0,6
6/5/2022 12:00,18.1,46,0,5
6/5/2022 13:00,20.1,45,0,9
6/5/2022 14:00,19,39,0,6
6/5/2022 15:00,20.5,45,0,4
6/5/2022 16:00,19.6,40,0,8
6/5/2022 17:00,19.8,40,0,10
6/5/2022 18:00,19.8,38,0,7
6/5/2022 19:00,18.4,44,0,4
6/5/2022 20:00,17.1,47,0,6
6/5/2022 21:00,15.9,54,0,3
6/5/2022 22:00,15.1,57,0,3
6/5/2022 23:00,15.4,59,0,2
6/6/2022 0:00,15.9,59,0,2
6/6/2022 1:00,15.8,59,0,2
6/6/2022 2:00,14.8,62,0,2
6/6/2022 3:00,14.6,63,0,3
6/6/2022 4:00,14,65,0,2
6/6/2022 5:00,13.8,72,0,2
6/6/2022 6:00,15.1,69,0,3
6/6/2022 7:00,16.9,64,0,3
6/6/2022 8:00,18.8,58,0,8
6/6/2022 9:00,20.2,51,0,7
6/6/2022 10:00,21.1,45,0,7
6/6/2022 11:00,21.9,41,0,8
6/6/2022 12:00,22.9,40,0,4
6/6/2022 13:00,23.4,35,0,4
6/6/2022 14:00,23.9,32,0,1
6/6/2022 15:00,24.1,34,0,0
6/6/2022 16:00,23.5,35,0,0
6/6/2022 17:00,23.1,37,0,6
6/6/2022 18:00,22.2,37,0,8
6/6/2022 19:00,21.6,41,0,7
6/6/2022 20:00,20.9,43,0,5
6/6/2022 21:00,20.3,46,0,5
6/6/2022 22:00,19.6,50,0,2
6/6/2022 23:00,19.4,50,0,5
6/7/2022 0:00,19.3,50,0,3
6/7/2022 1:00,19,51,0,3
6/7/2022 2:00,18.4,54,0,6
6/7/2022 3:00,18.4,55,0,3
6/7/2022 4:00,18.4,56,0,4
6/7/2022 5:00,17.8,62,0,5
6/7/2022 6:00,18.1,68,0,3
6/7/2022 7:00,17.7,69,0,4
6/7/2022 8:00,18.1,72,0,6
6/7/2022 9:00,20.4,61,0,5
6/7/2022 10:00,21.4,56,0,6
6/7/2022 11:00,23.3,48,0,8
6/7/2022 12:00,22.9,49,0,7
6/7/2022 13:00,23.8,45,0,9
6/7/2022 14:00,24.9,41,0,7
6/7/2022 15:00,25,41,0,10
6/7/2022 16:00,24.8,43,0,7
6/7/2022 17:00,23.1,52,0,9
6/7/2022 18:00,18.9,78,0,6
6/7/2022 19:00,17.8,88,1.5,9
6/7/2022 20:00,17.8,90,1,6
6/7/2022 21:00,17.6,94,1.8,6
6/7/2022 22:00,17.4,96,3.4,6
6/7/2022 23:00,17.4,96,0.9,6
6/8/2022 0:00,16.8,95,1,5
6/8/2022 1:00,16.3,94,1,7
6/8/2022 2:00,16.4,96,12.4,5
6/8/2022 3:00,17.2,95,0,8
6/8/2022 4:00,16.6,90,0,9
6/8/2022 5:00,16.3,91,0,7
6/8/2022 6:00,16.4,89,0,9
6/8/2022 7:00,17,83,0,7
6/8/2022 8:00,16.2,87,0,5
6/8/2022 9:00,17.4,81,0,5
6/8/2022 10:00,17.8,71,0,5
6/8/2022 11:00,17.4,67,0,7
6/8/2022 12:00,19,61,0,9
6/8/2022 13:00,20.6,56,0,5
6/8/2022 14:00,22,53,0,5
6/8/2022 15:00,21.8,46,0,7
6/8/2022 16:00,22.4,46,0,5
6/8/2022 17:00,23.2,42,0,5
6/8/2022 18:00,22.9,42,0,3
6/8/2022 19:00,20.3,54,0,3
6/8/2022 20:00,19.1,56,0,4
6/8/2022 21:00,19.8,56,0,5
6/8/2022 22:00,18.1,67,0,3
6/8/2022 23:00,17.6,64,0,2
6/9/2022 0:00,17,70,0,2
6/9/2022 1:00,16.8,70,0,1
6/9/2022 2:00,17.6,60,0,6
6/9/2022 3:00,16.5,69,0,2
6/9/2022 4:00,15.9,73,0,6
6/9/2022 5:00,15.8,72,0,6
6/9/2022 6:00,14.6,83,0.5,5
6/9/2022 7:00,14.2,88,2.2,7
6/9/2022 8:00,14,90,2.5,9
6/9/2022 9:00,13.8,92,2,5
6/9/2022 10:00,13.9,91,3,9
6/9/2022 11:00,14.4,92,0.7,8
6/9/2022 12:00,14.7,90,0.6,7
6/9/2022 13:00,14.7,86,0,9
6/9/2022 14:00,14.2,85,1.6,7
6/9/2022 15:00,14.4,86,0.6,7
6/9/2022 16:00,14.8,84,0,8
6/9/2022 17:00,15.8,69,0,6
6/9/2022 18:00,15.6,69,0,6
6/9/2022 19:00,13.7,83,0,3
6/9/2022 20:00,15.3,74,0,3
6/9/2022 21:00,15.2,76,0,4
6/9/2022 22:00,14.8,75,0,4
6/9/2022 23:00,14.4,81,0,3
6/10/2022 0:00,14,87,0,4
6/10/2022 1:00,13.9,88,0,6
6/10/2022 2:00,14.2,89,0,4
6/10/2022 3:00,14.3,90,0,3
6/10/2022 4:00,14.2,88,0,4
6/10/2022 5:00,14.1,90,0,4
6/10/2022 6:00,14.1,90,0.2,7
6/10/2022 7:00,14.6,87,0,6
6/10/2022 8:00,15.2,80,0,5
6/10/2022 9:00,17.2,70,0,7
6/10/2022 10:00,17.7,67,0,6
6/10/2022 11:00,17.7,63,0,7
6/10/2022 12:00,19,63,0,8
6/10/2022 13:00,19.7,61,0,5
6/10/2022 14:00,18.8,68,0,9
6/10/2022 15:00,19.9,61,0,8
6/10/2022 16:00,19.6,65,0,8
6/10/2022 17:00,19.6,66,0,7
6/10/2022 18:00,18.6,73,0,7
6/10/2022 19:00,18.8,71,0,1
6/10/2022 20:00,18,71,0,5
6/10/2022 21:00,17.1,78,0,3
6/10/2022 22:00,16.5,84,0,4
6/10/2022 23:00,16.1,83,0,5
6/11/2022 0:00,15.5,83,0,5
6/11/2022 1:00,14.7,86,0,5
6/11/2022 2:00,14.4,87,0,6
6/11/2022 3:00,13.9,87,0,4
6/11/2022 4:00,14.5,83,0,6
6/11/2022 5:00,14.2,85,0,4
6/11/2022 6:00,14.4,83,0,5
6/11/2022 7:00,16.4,73,0,7
6/11/2022 8:00,19.1,68,0,5
6/11/2022 9:00,20.3,66,0,5
6/11/2022 10:00,21.9,53,0,6
6/11/2022 11:00,22.2,45,0,9
6/11/2022 12:00,22.6,43,0,10
6/11/2022 13:00,23.6,39,0,9
6/11/2022 14:00,23.6,40,0,9
6/11/2022 15:00,24.3,38,0,4
6/11/2022 16:00,23.7,33,0,7
6/11/2022 17:00,24.1,31,0,5
6/11/2022 18:00,24.1,34,0,5
6/11/2022 19:00,20.7,49,0,2
6/11/2022 20:00,19.5,52,0,3
6/11/2022 21:00,20.3,56,0,6
6/11/2022 22:00,18.5,60,0,3
6/11/2022 23:00,18.7,56,0,3
6/12/2022 0:00,17.6,62,0,1
6/12/2022 1:00,17.5,63,0,3
6/12/2022 2:00,16.8,67,0,1
6/12/2022 3:00,16.5,69,0,4
6/12/2022 4:00,16.2,68,0,5
6/12/2022 5:00,15.9,71,0,6
6/12/2022 6:00,17.6,66,0,4
6/12/2022 7:00,18.6,66,0,5
6/12/2022 8:00,19.3,63,0,6
6/12/2022 9:00,20.3,61,0,6
6/12/2022 10:00,22.4,56,0,6
6/12/2022 11:00,23.8,48,0,7
6/12/2022 12:00,19.4,75,0.2,6
6/12/2022 13:00,20.9,79,0,4
6/12/2022 14:00,21.4,82,2.1,2
6/12/2022 15:00,22.2,64,0,2
6/12/2022 16:00,20.5,73,0,6
6/12/2022 17:00,18.1,89,0.4,4
6/12/2022 18:00,18.3,87,0,2
6/12/2022 19:00,18.9,81,0,1
6/12/2022 20:00,18.9,79,0,3
6/12/2022 21:00,19.1,80,0,3
6/12/2022 22:00,18.7,80,0,3
6/12/2022 23:00,19.4,72,0,5
6/13/2022 0:00,18,85,0.4,4
6/13/2022 1:00,17.8,88,1.4,1
6/13/2022 2:00,17.9,90,0,6
6/13/2022 3:00,17.5,89,0,3
6/13/2022 4:00,17,91,0,2
6/13/2022 5:00,17.3,89,0,7
6/13/2022 6:00,17.9,88,0,7
6/13/2022 7:00,18.7,81,0,8
6/13/2022 8:00,19.8,71,0,6
6/13/2022 9:00,20.9,56,0,5
6/13/2022 10:00,21.8,55,0,6
6/13/2022 11:00,21.6,44,0,5
6/13/2022 12:00,22.6,47,0,6
6/13/2022 13:00,22.1,47,0,6
6/13/2022 14:00,21.5,47,0,5
6/13/2022 15:00,21.6,47,0,6
6/13/2022 16:00,22.4,46,0,5
6/13/2022 17:00,21.7,47,0,3
6/13/2022 18:00,21.3,48,0,4
6/13/2022 19:00,19.7,52,0,3
6/13/2022 20:00,19.3,54,0,1
6/13/2022 21:00,18.4,57,0,1
6/13/2022 22:00,18,59,0,4
6/13/2022 23:00,17.3,62,0,3
6/14/2022 0:00,17.2,63,0,4
6/14/2022 1:00,16.6,67,0,5
6/14/2022 2:00,16.2,69,0,9
6/14/2022 3:00,16.1,71,0,10
6/14/2022 4:00,15.7,77,0,9
6/14/2022 5:00,15.8,77,0,8
6/14/2022 6:00,17.1,71,0,9
6/14/2022 7:00,18.4,67,0,8
6/14/2022 8:00,20.1,60,0,8
6/14/2022 9:00,21.6,57,0,6
6/14/2022 10:00,22.3,51,0,3
6/14/2022 11:00,24,47,0,5
6/14/2022 12:00,23.8,45,0,7
6/14/2022 13:00,24.4,46,0,5
6/14/2022 14:00,25.1,42,0,8
6/14/2022 15:00,25.8,42,0,8
6/14/2022 16:00,25.5,43,0,8
6/14/2022 17:00,25,46,0,4
6/14/2022 18:00,24.8,46,0,9
6/14/2022 19:00,23.7,49,0,6
6/14/2022 20:00,22.8,53,0,5
6/14/2022 21:00,21.8,58,0,4
6/14/2022 22:00,21.2,60,0,5
6/14/2022 23:00,20.2,63,0,8
6/15/2022 0:00,18.8,66,0,7
6/15/2022 1:00,17.8,75,0,8
6/15/2022 2:00,16.8,79,0,7
6/15/2022 3:00,16.1,79,0,8
6/15/2022 4:00,15.4,82,0,7
6/15/2022 5:00,15,83,0,7
6/15/2022 6:00,15.5,80,0,9
6/15/2022 7:00,16.4,78,0,10
6/15/2022 8:00,18.2,74,0,8
6/15/2022 9:00,20,70,0,6
6/15/2022 10:00,20.5,64,0,7
6/15/2022 11:00,21.2,58,0,5
6/15/2022 12:00,23.3,55,0,4
6/15/2022 13:00,22.8,52,0,6
6/15/2022 14:00,23.2,56,0,5
6/15/2022 15:00,23.3,55,0,5
6/15/2022 16:00,23.8,53,0,6
6/15/2022 17:00,24.7,49,0,5
6/15/2022 18:00,24.3,50,0,6
6/15/2022 19:00,21.7,58,0,2
6/15/2022 20:00,20.9,63,0,1
6/15/2022 21:00,22,57,0,2
6/15/2022 22:00,20.8,63,0,1
6/15/2022 23:00,21.1,63,0,2
6/16/2022 0:00,20.9,66,0,5
6/16/2022 1:00,20.4,71,0,5
6/16/2022 2:00,20.5,72,0,6
6/16/2022 3:00,18.6,87,3.4,4
6/16/2022 4:00,18.6,86,0.2,6
6/16/2022 5:00,19.2,83,0,5
6/16/2022 6:00,20,79,0,7
6/16/2022 7:00,21.4,74,0,10
6/16/2022 8:00,23,69,0,7
6/16/2022 9:00,21.6,73,0,8
6/16/2022 10:00,19.6,84,1,8
6/16/2022 11:00,20.9,79,0,10
6/16/2022 12:00,23.9,67,0,7
6/16/2022 13:00,25.1,64,0,2
6/16/2022 14:00,25,66,0,12
6/16/2022 15:00,23.4,70,0,0
6/16/2022 16:00,20.1,95,34.9,7
6/16/2022 17:00,20.2,96,3.4,9
6/16/2022 18:00,20,94,8,8
6/16/2022 19:00,19.8,94,8.8,7
6/16/2022 20:00,19.7,92,0,8
6/16/2022 21:00,19.7,92,0,6
6/16/2022 22:00,19.7,92,0,7
6/16/2022 23:00,19.4,94,0,7
6/17/2022 0:00,19.1,94,0,6
6/17/2022 1:00,18.8,95,0,5
6/17/2022 2:00,18.6,95,0,7
6/17/2022 3:00,18.6,95,0,6
6/17/2022 4:00,18.8,95,0,4
6/17/2022 5:00,21,86,0,4
6/17/2022 6:00,20.1,76,0,8
6/17/2022 7:00,21.1,70,0,7
6/17/2022 8:00,22.6,58,0,6
6/17/2022 9:00,23.1,50,0,10
6/17/2022 10:00,23.6,48,0,9
6/17/2022 11:00,23.9,48,0,7
6/17/2022 12:00,24.3,46,0,7
6/17/2022 13:00,25,45,0,5
6/17/2022 14:00,25.2,43,0,9
6/17/2022 15:00,26,43,0,8
6/17/2022 16:00,26.5,41,0,6
6/17/2022 17:00,24.4,47,0,8
6/17/2022 18:00,17.6,86,6.5,4
6/17/2022 19:00,17.8,84,0,2
6/17/2022 20:00,17.7,83,0,2
6/17/2022 21:00,15,85,0.9,9
6/17/2022 22:00,12.2,75,0.2,13
6/17/2022 23:00,11.8,62,0,8
6/18/2022 0:00,10.8,67,0,4
6/18/2022 1:00,10.5,74,0,4
6/18/2022 2:00,10.8,76,0,4
6/18/2022 3:00,11,75,0,6
6/18/2022 4:00,10.7,78,0,4
6/18/2022 5:00,10.6,74,0,8
6/18/2022 6:00,10,73,0,5
6/18/2022 7:00,9,84,0,5
6/18/2022 8:00,9.6,82,0.2,4
6/18/2022 9:00,10,80,0,4
6/18/2022 10:00,9.7,87,1.1,5
6/18/2022 11:00,10.2,87,0.5,4
6/18/2022 12:00,10.7,86,0.3,3
6/18/2022 13:00,10.8,86,0.3,4
6/18/2022 14:00,10.9,89,0.7,8
6/18/2022 15:00,11.9,83,0.5,5
6/18/2022 16:00,14.5,63,0,10
6/18/2022 17:00,14.9,55,0,9
6/18/2022 18:00,15.2,51,0,13
6/18/2022 19:00,14.7,53,0,8
6/18/2022 20:00,13.9,57,0,10
6/18/2022 21:00,13.2,56,0,10
6/18/2022 22:00,12.7,57,0,14
6/18/2022 23:00,11.8,61,0,14
6/19/2022 0:00,11.4,61,0,14
6/19/2022 1:00,10.9,63,0,10
6/19/2022 2:00,10.6,64,0,14
6/19/2022 3:00,10.3,64,0,15
6/19/2022 4:00,10,65,0,16
6/19/2022 5:00,10,66,0,14
6/19/2022 6:00,11,62,0,15
6/19/2022 7:00,12.4,51,0,16
6/19/2022 8:00,13.4,44,0,15
6/19/2022 9:00,14.3,40,0,17
6/19/2022 10:00,15.9,40,0,14
6/19/2022 11:00,16.9,40,0,12
6/19/2022 12:00,18.4,38,0,15
6/19/2022 13:00,19.3,31,0,15
6/19/2022 14:00,20.6,29,0,15
6/19/2022 15:00,21.1,27,0,14
6/19/2022 16:00,21.8,28,0,11
6/19/2022 17:00,21.8,29,0,10
6/19/2022 18:00,21.3,28,0,17
6/19/2022 19:00,20.5,30,0,12
6/19/2022 20:00,18.8,36,0,5
6/19/2022 21:00,18.5,37,0,8
6/19/2022 22:00,18.2,38,0,10
6/19/2022 23:00,17.5,40,0,13
6/20/2022 0:00,16.6,43,0,11
6/20/2022 1:00,15.5,46,0,7
6/20/2022 2:00,15.1,47,0,8
6/20/2022 3:00,14.6,48,0,10
6/20/2022 4:00,14.7,46,0,13
6/20/2022 5:00,14.9,45,0,10
6/20/2022 6:00,15.4,47,0,10
6/20/2022 7:00,16.5,43,0,10
6/20/2022 8:00,17.5,41,0,6
6/20/2022 9:00,18.9,42,0,5
6/20/2022 10:00,19.6,37,0,5
6/20/2022 11:00,21,34,0,4
6/20/2022 12:00,21.8,37,0,7
6/20/2022 13:00,22.3,34,0,7
6/20/2022 14:00,23.6,33,0,5
6/20/2022 15:00,23.8,26,0,6
6/20/2022 16:00,25,28,0,5
6/20/2022 17:00,24.6,30,0,4
6/20/2022 18:00,24.3,28,0,4
6/20/2022 19:00,22.2,37,0,4
6/20/2022 20:00,21.5,40,0,3
6/20/2022 21:00,20.5,41,0,2
6/20/2022 22:00,20.4,41,0,3
6/20/2022 23:00,19.9,44,0,3
6/21/2022 0:00,18.6,56,0,5
6/21/2022 1:00,18.1,54,0,5
6/21/2022 2:00,17.8,57,0,6
6/21/2022 3:00,17.7,53,0,6
6/21/2022 4:00,16.7,58,0,5
6/21/2022 5:00,16.9,54,0,6
6/21/2022 6:00,17.3,54,0,4
6/21/2022 7:00,17.6,55,0,2
6/21/2022 8:00,18.7,55,0,4
6/21/2022 9:00,19.6,57,0,2
6/21/2022 10:00,18.9,62,0,6
6/21/2022 11:00,18.4,59,0,5
6/21/2022 12:00,18.2,64,0,4
6/21/2022 13:00,19.1,61,0,4
6/21/2022 14:00,19.6,60,0,5
6/21/2022 15:00,19.2,66,0,5
6/21/2022 16:00,18.7,65,0,5
6/21/2022 17:00,19,59,0,5
6/21/2022 18:00,17.5,71,0,6
6/21/2022 19:00,16.3,84,0.7,5
6/21/2022 20:00,16,84,0,7
6/21/2022 21:00,16,83,0,8
6/21/2022 22:00,16,80,0,8
6/21/2022 23:00,15.9,81,0,7
6/22/2022 0:00,14.7,92,4.1,7
6/22/2022 1:00,15,89,0,6
6/22/2022 2:00,14.9,90,0.4,8
6/22/2022 3:00,14.9,91,1.1,8
6/22/2022 4:00,14.5,96,6.8,8
6/22/2022 5:00,14.6,96,3.5,8
6/22/2022 6:00,15.5,93,0,8
6/22/2022 7:00,16.4,88,0,9
6/22/2022 8:00,17.6,83,0,12
6/22/2022 9:00,18.6,80,0,9
6/22/2022 10:00,20.4,71,0,13
6/22/2022 11:00,21.7,69,0,11
6/22/2022 12:00,22.2,66,0,12
6/22/2022 13:00,23.3,65,0,14
6/22/2022 14:00,23.4,60,0,14
6/22/2022 15:00,22.9,62,0,11
6/22/2022 16:00,22.7,62,0,13
6/22/2022 17:00,21.9,62,0,12
6/22/2022 18:00,20.4,67,0,3
6/22/2022 19:00,19.7,69,0,9
6/22/2022 20:00,19.2,69,0,10
6/22/2022 21:00,18.9,70,0,10
6/22/2022 22:00,18.5,72,0,10
6/22/2022 23:00,18.6,69,0,9
6/23/2022 0:00,18.3,69,0,8
6/23/2022 1:00,17.9,72,0,7
6/23/2022 2:00,15.4,91,4.7,7
6/23/2022 3:00,15.7,91,2.9,4
6/23/2022 4:00,15.2,94,3.6,6
6/23/2022 5:00,15.2,94,1,7
6/23/2022 6:00,15.1,96,4.6,6
6/23/2022 7:00,14.9,95,3.9,5
6/23/2022 8:00,15.1,95,0.7,7
6/23/2022 9:00,15,95,0.3,7
6/23/2022 10:00,15.1,95,0,7
6/23/2022 11:00,15.3,94,0.5,6
6/23/2022 12:00,15.6,94,0.8,6
6/23/2022 13:00,15.9,95,1.2,4
6/23/2022 14:00,16.6,92,0,6
6/23/2022 15:00,16.9,93,0.3,6
6/23/2022 16:00,17,94,1.6,3
6/23/2022 17:00,17.3,94,0.6,4
6/23/2022 18:00,17.4,94,0,4
6/23/2022 19:00,17.4,93,0.2,4
6/23/2022 20:00,17,92,0,4
6/23/2022 21:00,16.9,91,0,5
6/23/2022 22:00,16.9,92,0,5
6/23/2022 23:00,16.7,92,0,5
6/24/2022 0:00,16.6,93,0,2
6/24/2022 1:00,16.8,92,0,4
6/24/2022 2:00,16.7,92,0,2
6/24/2022 3:00,16.6,94,0,3
6/24/2022 4:00,15.8,94,0,2
6/24/2022 5:00,16.7,94,0,4
6/24/2022 6:00,17.4,90,0,3
6/24/2022 7:00,18.6,85,0.2,3
6/24/2022 8:00,19.7,81,0,4
6/24/2022 9:00,20.3,75,0,4
6/24/2022 10:00,21.2,71,0,5
6/24/2022 11:00,22.5,70,0,2
6/24/2022 12:00,24.8,68,0,5
6/24/2022 13:00,24.3,62,0,6
6/24/2022 14:00,25.5,60,0,4
6/24/2022 15:00,26.1,58,0,7
6/24/2022 16:00,26.5,54,0,6
6/24/2022 17:00,26.7,51,0,7
6/24/2022 18:00,26.5,50,0,3
6/24/2022 19:00,23.6,64,0,2
6/24/2022 20:00,22.3,60,0,1
6/24/2022 21:00,23.4,57,0,3
6/24/2022 22:00,22.1,61,0,1
6/24/2022 23:00,22.8,59,0.4,5
6/25/2022 0:00,21.8,64,0,3
6/25/2022 1:00,21.3,66,0,5
6/25/2022 2:00,20.3,73,0,5
6/25/2022 3:00,19.9,75,0,4
6/25/2022 4:00,19.4,77,0,7
6/25/2022 5:00,19.3,79,0,9
6/25/2022 6:00,20.1,77,0,5
6/25/2022 7:00,20.7,73,0,6
6/25/2022 8:00,22.6,67,0,4
6/25/2022 9:00,24.4,61,0,3
6/25/2022 10:00,25.8,57,0,5
6/25/2022 11:00,26.7,54,0,3
6/25/2022 12:00,27.7,59,0,5
6/25/2022 13:00,29.1,50,0,7
6/25/2022 14:00,29.1,40,0,5
6/25/2022 15:00,28.9,44,0,5
6/25/2022 16:00,29.8,43,0,5
6/25/2022 17:00,29.3,45,0,3
6/25/2022 18:00,27.9,56,0,3
6/25/2022 19:00,25.8,62,0,4
6/25/2022 20:00,25.1,59,0,3
6/25/2022 21:00,24.3,61,0,3
6/25/2022 22:00,23.6,64,0,3
6/25/2022 23:00,23.4,67,0,0
6/26/2022 0:00,23.2,72,0,1
6/26/2022 1:00,22.9,72,0,0
6/26/2022 2:00,22.2,76,0,3
6/26/2022 3:00,21.9,77,0,3
6/26/2022 4:00,21.7,79,0,6
6/26/2022 5:00,21.3,83,0,4
6/26/2022 6:00,22.2,79,0,3
6/26/2022 7:00,23.8,74,0,7
6/26/2022 8:00,26.3,65,0,6
6/26/2022 9:00,27.4,62,0,8
6/26/2022 10:00,29,54,0,8
6/26/2022 11:00,30.1,52,0,9
6/26/2022 12:00,30.1,52,0,11
6/26/2022 13:00,31.3,46,0,9
6/26/2022 14:00,31.8,42,0,8
6/26/2022 15:00,31.9,46,0,10
6/26/2022 16:00,31.2,44,0,8
6/26/2022 17:00,30.5,46,0,7
6/26/2022 18:00,30,49,0,6
6/26/2022 19:00,27.8,43,0,5
6/26/2022 20:00,24.7,59,0,6
6/26/2022 21:00,23.9,66,0,4
6/26/2022 22:00,21.3,88,0.7,5
6/26/2022 23:00,21.4,90,0.6,5
6/27/2022 0:00,21.6,89,0.9,4
6/27/2022 1:00,21.3,93,0.4,5
6/27/2022 2:00,21.3,94,2.3,4
6/27/2022 3:00,21.4,94,0.2,3
6/27/2022 4:00,21.6,94,0.2,2
6/27/2022 5:00,21.6,93,0.5,2
6/27/2022 6:00,21.5,91,0,3
6/27/2022 7:00,21.7,91,0,3
6/27/2022 8:00,22.4,87,0.2,1
6/27/2022 9:00,22.7,75,0,5
6/27/2022 10:00,23.6,59,0,7
6/27/2022 11:00,23.3,50,0,8
6/27/2022 12:00,23.6,42,0,10
6/27/2022 13:00,23.2,44,0,8
6/27/2022 14:00,23.3,46,0,6
6/27/2022 15:00,22.7,44,0,5
6/27/2022 16:00,22.4,42,0,7
6/27/2022 17:00,22.2,43,0,6
6/27/2022 18:00,21.5,45,0,6
6/27/2022 19:00,20.3,49,0,3
6/27/2022 20:00,19.5,52,0,4
6/27/2022 21:00,18.7,58,0,2
6/27/2022 22:00,18.6,60,0,1
6/27/2022 23:00,18.2,63,0,7
6/28/2022 0:00,17.6,67,0,5
6/28/2022 1:00,16.6,75,0,5
6/28/2022 2:00,16.5,76,0,5
6/28/2022 3:00,16.4,77,0,6
6/28/2022 4:00,16.5,74,0,4
6/28/2022 5:00,16.5,74,0,5
6/28/2022 6:00,17.1,68,0,6
6/28/2022 7:00,17.5,62,0,4
6/28/2022 8:00,18.3,53,0,3
6/28/2022 9:00,19.3,42,0,7
6/28/2022 10:00,20.6,37,0,3
6/28/2022 11:00,21,37,0,3
6/28/2022 12:00,21,42,0,3
6/28/2022 13:00,22.8,45,0,9
6/28/2022 14:00,23,46,0,3
6/28/2022 15:00,23.1,43,0,6
6/28/2022 16:00,22.8,46,0,2
6/28/2022 17:00,23.1,44,0,6
6/28/2022 18:00,22.6,46,0,2
6/28/2022 19:00,21.7,50,0,2
6/28/2022 20:00,20.7,55,0,0
6/28/2022 21:00,20.3,60,0,4
6/28/2022 22:00,19.9,64,0,5
6/28/2022 23:00,19.1,67,0,0
6/29/2022 0:00,18.4,62,0,6
6/29/2022 1:00,17.7,65,0,4
6/29/2022 2:00,17.1,64,0,5
6/29/2022 3:00,16.8,64,0,3
6/29/2022 4:00,16.7,61,0,6
6/29/2022 5:00,16.3,65,0,5
6/29/2022 6:00,17.2,61,0,5
6/29/2022 7:00,19.3,54,0,6
6/29/2022 8:00,20.8,49,0,7
6/29/2022 9:00,21.7,48,0,6
6/29/2022 10:00,22.7,47,0,8
6/29/2022 11:00,24,44,0,9
6/29/2022 12:00,24.6,47,0,7
6/29/2022 13:00,25.9,43,0,5
6/29/2022 14:00,25.6,43,0,8
6/29/2022 15:00,20.3,71,0,3
6/29/2022 16:00,18.8,75,0,5
6/29/2022 17:00,19,72,0,5
6/29/2022 18:00,19.3,72,0,3
6/29/2022 19:00,19.1,73,0,5
6/29/2022 20:00,18.6,75,0,3
6/29/2022 21:00,17.8,79,0,2
6/29/2022 22:00,16.8,81,0,3
6/29/2022 23:00,16,84,0,4
6/30/2022 0:00,15.7,78,0,5
6/30/2022 1:00,15.6,75,0,7
6/30/2022 2:00,15.1,79,0,4
6/30/2022 3:00,15,81,0,3
6/30/2022 4:00,14.6,85,0,5
6/30/2022 5:00,15,84,0,1
6/30/2022 6:00,17.3,72,0.2,0
6/30/2022 7:00,17.5,69,0,5
6/30/2022 8:00,19.7,65,0,4
6/30/2022 9:00,18.7,71,0,3
6/30/2022 10:00,19.3,64,0,6
6/30/2022 11:00,20.2,58,0,4
6/30/2022 12:00,21.3,55,0,6
6/30/2022 13:00,22.8,49,0,6
6/30/2022 14:00,23.3,46,0,6
6/30/2022 15:00,22,46,0,5
6/30/2022 16:00,21.6,52,0,3
6/30/2022 17:00,22,46,0,4
6/30/2022 18:00,22,51,0,7
6/30/2022 19:00,21,61,0,5
6/30/2022 20:00,20.6,61,0,5
6/30/2022 21:00,20.4,59,0,3
6/30/2022 22:00,20.2,60,0,2
6/30/2022 23:00,19.9,65,0,5
7/1/2022 0:00,19.5,68,0,5
7/1/2022 1:00,19.4,69,0,6
7/1/2022 2:00,19.6,68,0,6
7/1/2022 3:00,19.7,69,0,5
7/1/2022 4:00,19.3,72,0,3
7/1/2022 5:00,19.6,72,0,5
7/1/2022 6:00,20,71,0,7
7/1/2022 7:00,21.5,68,0,4
7/1/2022 8:00,22.7,66,0,0
7/1/2022 9:00,25,57,0,5
7/1/2022 10:00,24.2,59,0,5
7/1/2022 11:00,24.3,58,0,4
7/1/2022 12:00,24.7,57,0,5
7/1/2022 13:00,25.5,58,0,7
7/1/2022 14:00,25.6,60,0,5
7/1/2022 15:00,26.2,56,0,4
7/1/2022 16:00,28,52,0,5
7/1/2022 17:00,26.7,57,0,0
7/1/2022 18:00,26.2,59,0,7
7/1/2022 19:00,25.8,62,0,0
7/1/2022 20:00,24.3,68,0,3
7/1/2022 21:00,23,75,0,3
7/1/2022 22:00,23,74,0,2
7/1/2022 23:00,24.3,65,0,6
7/2/2022 0:00,23.9,63,0,6
7/2/2022 1:00,23.5,64,0,6
7/2/2022 2:00,22.7,69,0,5
7/2/2022 3:00,22.1,71,0,4
7/2/2022 4:00,21.2,74,0,1
7/2/2022 5:00,20.5,77,0,0
7/2/2022 6:00,20.9,69,0,6
7/2/2022 7:00,21.5,64,0,5
7/2/2022 8:00,22,59,0,6
7/2/2022 9:00,22.7,51,0,2
7/2/2022 10:00,23.2,49,0,1
7/2/2022 11:00,24.4,44,0,0
7/2/2022 12:00,25,37,0,1
7/2/2022 13:00,25.1,37,0,4
7/2/2022 14:00,26.7,38,0,2
7/2/2022 15:00,25,40,0,2
7/2/2022 16:00,25.4,40,0,3
7/2/2022 17:00,25.7,41,0,4
7/2/2022 18:00,25.3,42,0,0
7/2/2022 19:00,24.4,45,0,7
7/2/2022 20:00,23.5,47,0,6
7/2/2022 21:00,22.4,50,0,5
7/2/2022 22:00,21.6,53,0,4
7/2/2022 23:00,20.9,55,0,5
7/3/2022 0:00,19.9,58,0,3
7/3/2022 1:00,19,59,0,7
7/3/2022 2:00,18.6,59,0,6
7/3/2022 3:00,17.6,65,0,3
7/3/2022 4:00,17.5,64,0,8
7/3/2022 5:00,17.1,64,0,5
7/3/2022 6:00,17.9,60,0,8
7/3/2022 7:00,18.9,63,0,5
7/3/2022 8:00,19.9,57,0,4
7/3/2022 9:00,20.6,52,0,8
7/3/2022 10:00,22.3,46,0,7
7/3/2022 11:00,22.2,43,0,5
7/3/2022 12:00,23.7,40,0,6
7/3/2022 13:00,24.1,39,0,8
7/3/2022 14:00,24.1,40,0,7
7/3/2022 15:00,23.7,37,0,5
7/3/2022 16:00,23.7,39,0,2
7/3/2022 17:00,23.8,35,0,2
7/3/2022 18:00,23.5,38,0,3
7/3/2022 19:00,21.4,45,0,5
7/3/2022 20:00,20.3,49,0,3
7/3/2022 21:00,19.4,52,0,3
7/3/2022 22:00,19.4,52,0,3
7/3/2022 23:00,18.8,56,0,2
7/4/2022 0:00,18.3,57,0,2
7/4/2022 1:00,17.7,59,0,7
7/4/2022 2:00,16.6,63,0,7
7/4/2022 3:00,17.1,60,0,5
7/4/2022 4:00,16.9,60,0,6
7/4/2022 5:00,17,59,0,6
7/4/2022 6:00,18.1,52,0,7
7/4/2022 7:00,18.6,55,0,6
7/4/2022 8:00,20,44,0,11
7/4/2022 9:00,20.8,41,0,9
7/4/2022 10:00,21.8,37,0,9
7/4/2022 11:00,23.6,35,0,4
7/4/2022 12:00,23.9,39,0,8
7/4/2022 13:00,23.8,38,0,8
7/4/2022 14:00,24.7,44,0,4
7/4/2022 15:00,23.9,42,0,6
7/4/2022 16:00,24.2,39,0,6
7/4/2022 17:00,25,35,0,2
7/4/2022 18:00,24.4,40,0,0
7/4/2022 19:00,23.1,41,0,2
7/4/2022 20:00,20.6,57,0,3
7/4/2022 21:00,20.2,59,0,2
7/4/2022 22:00,21.6,56,0,4
7/4/2022 23:00,21,54,0,4
7/5/2022 0:00,20.5,55,0,3
7/5/2022 1:00,19.5,67,0,3
7/5/2022 2:00,19.3,65,0,8
7/5/2022 3:00,19.2,61,0,10
7/5/2022 4:00,19.2,59,0,7
7/5/2022 5:00,18.9,61,0,1
7/5/2022 6:00,18.9,67,0,5
7/5/2022 7:00,19.2,64,0,6
7/5/2022 8:00,19.8,62,0,6
7/5/2022 9:00,19.7,66,0,5
7/5/2022 10:00,19.3,69,0,2
7/5/2022 11:00,19,78,0,2
7/5/2022 12:00,18,86,0,3
7/5/2022 13:00,19.8,63,0.4,5
7/5/2022 14:00,20.3,66,0,4
7/5/2022 15:00,20.3,71,0,5
7/5/2022 16:00,20.5,71,0,6
7/5/2022 17:00,20.1,73,0,7
7/5/2022 18:00,19,82,0.6,6
7/5/2022 19:00,18.7,88,1.9,3
7/5/2022 20:00,18.1,93,0.8,3
7/5/2022 21:00,17.9,94,0.7,6
7/5/2022 22:00,16.6,95,0.2,7
7/5/2022 23:00,16.4,95,0,9
7/6/2022 0:00,16.2,94,0,9
7/6/2022 1:00,16.1,93,0.2,11
7/6/2022 2:00,16.2,92,0,10
7/6/2022 3:00,15.6,95,0,9
7/6/2022 4:00,16.1,90,0,11
7/6/2022 5:00,16.4,88,0,10
7/6/2022 6:00,16.7,85,0,8
7/6/2022 7:00,17.5,77,0,11
7/6/2022 8:00,18.4,73,0,9
7/6/2022 9:00,19.7,65,0,10
7/6/2022 10:00,20.2,55,0,12
7/6/2022 11:00,21.3,53,0,9
7/6/2022 12:00,21.7,51,0,10
7/6/2022 13:00,22.1,55,0,9
7/6/2022 14:00,22.1,51,0,11
7/6/2022 15:00,22.8,49,0,8
7/6/2022 16:00,22.9,46,0,6
7/6/2022 17:00,23.6,38,0,9
7/6/2022 18:00,23.3,38,0,8
7/6/2022 19:00,21.3,44,0,6
7/6/2022 20:00,19.8,49,0,5
7/6/2022 21:00,18.5,54,0,2
7/6/2022 22:00,18.4,57,0,3
7/6/2022 23:00,17.5,63,0,4
7/7/2022 0:00,16.9,65,0,2
7/7/2022 1:00,16.5,69,0,5
7/7/2022 2:00,16.4,60,0,6
7/7/2022 3:00,15.8,60,0,8
7/7/2022 4:00,14.9,67,0,7
7/7/2022 5:00,15,71,0,7
7/7/2022 6:00,16.4,70,0,8
7/7/2022 7:00,17,66,0,7
7/7/2022 8:00,19.3,57,0,5
7/7/2022 9:00,21.2,49,0,5
7/7/2022 10:00,22.1,47,0,6
7/7/2022 11:00,23.2,53,0,6
7/7/2022 12:00,24,41,0,9
7/7/2022 13:00,24.3,38,0,7
7/7/2022 14:00,24.7,37,0,7
7/7/2022 15:00,24.8,40,0,4
7/7/2022 16:00,23.5,42,0,3
7/7/2022 17:00,24.1,40,0,6
7/7/2022 18:00,23.9,38,0,5
7/7/2022 19:00,21.5,48,0,2
7/7/2022 20:00,20.1,52,0,2
7/7/2022 21:00,20.5,50,0,3
7/7/2022 22:00,20.3,54,0,2
7/7/2022 23:00,19.6,56,0,2
7/8/2022 0:00,19.7,58,0,2
7/8/2022 1:00,20.6,51,0,2
7/8/2022 2:00,19.6,59,0,4
7/8/2022 3:00,19.4,62,0,5
7/8/2022 4:00,19.1,64,0,6
7/8/2022 5:00,19,66,0,5
7/8/2022 6:00,19.3,66,0,11
7/8/2022 7:00,20.4,66,0,8
7/8/2022 8:00,21.3,64,0,5
7/8/2022 9:00,22.7,60,0,6
7/8/2022 10:00,23.3,55,0,7
7/8/2022 11:00,24,53,0,9
7/8/2022 12:00,24.3,52,0,6
7/8/2022 13:00,24.9,46,0,9
7/8/2022 14:00,25.5,46,0,5
7/8/2022 15:00,24.6,45,0,7
7/8/2022 16:00,24.5,41,0,2
7/8/2022 17:00,24,35,0,3
7/8/2022 18:00,23.8,37,0,6
7/8/2022 19:00,22.5,41,0,8
7/8/2022 20:00,21.4,38,0,6
7/8/2022 21:00,20.5,40,0,9
7/8/2022 22:00,19,43,0,17
7/8/2022 23:00,17.5,46,0,14
7/9/2022 0:00,16.5,48,0,14
7/9/2022 1:00,15.5,49,0,12
7/9/2022 2:00,14.8,50,0,8
7/9/2022 3:00,14,54,0,8
7/9/2022 4:00,13.6,56,0,5
7/9/2022 5:00,13.1,59,0,11
7/9/2022 6:00,14.1,59,0,8
7/9/2022 7:00,15.3,55,0,9
7/9/2022 8:00,16.2,49,0,7
7/9/2022 9:00,17.2,47,0,4
7/9/2022 10:00,18.6,43,0,5
7/9/2022 11:00,19.1,45,0,7
7/9/2022 12:00,20,38,0,7
7/9/2022 13:00,20.9,36,0,8
7/9/2022 14:00,21.6,37,0,5
7/9/2022 15:00,21.6,38,0,8
7/9/2022 16:00,22.6,38,0,7
7/9/2022 17:00,22.7,32,0,7
7/9/2022 18:00,22.1,35,0,7
7/9/2022 19:00,20.5,40,0,4
7/9/2022 20:00,19.2,43,0,2
7/9/2022 21:00,18.8,46,0,5
7/9/2022 22:00,18.7,46,0.2,7
7/9/2022 23:00,18.6,46,0,6
7/10/2022 0:00,18.6,46,0,6
7/10/2022 1:00,18.2,48,0,7
7/10/2022 2:00,17.7,50,0,7
7/10/2022 3:00,17.9,50,0,7
7/10/2022 4:00,17,53,0,4
7/10/2022 5:00,16.8,64,0,8
7/10/2022 6:00,17.2,66,0,7
7/10/2022 7:00,19.2,57,0,6
7/10/2022 8:00,20.6,56,0,5
7/10/2022 9:00,21.8,47,0,7
7/10/2022 10:00,22.8,47,0,6
7/10/2022 11:00,24.3,43,0,10
7/10/2022 12:00,24.7,44,0,10
7/10/2022 13:00,24.9,42,0,11
7/10/2022 14:00,26.4,41,0,9
7/10/2022 15:00,27,41,0,6
7/10/2022 16:00,26.4,42,0,2
7/10/2022 17:00,26.1,40,0,10
7/10/2022 18:00,26,41,0,6
7/10/2022 19:00,24.6,45,0,4
7/10/2022 20:00,23.9,49,0,5
7/10/2022 21:00,22.7,57,0,4
7/10/2022 22:00,22.1,57,0,6
7/10/2022 23:00,21.4,58,0,6
7/11/2022 0:00,20.8,60,0,6
7/11/2022 1:00,20.5,59,0,7
7/11/2022 2:00,20.4,56,0,5
7/11/2022 3:00,20.2,56,0,6
7/11/2022 4:00,19.8,58,0,5
7/11/2022 5:00,19.9,60,0,5
7/11/2022 6:00,20.2,59,0,5
7/11/2022 7:00,21,56,0,5
7/11/2022 8:00,22.7,53,0,6
7/11/2022 9:00,23.5,50,0,8
7/11/2022 10:00,25.2,45,0,8
7/11/2022 11:00,26.2,42,0,5
7/11/2022 12:00,26.6,39,0,1
7/11/2022 13:00,26.7,39,0,3
7/11/2022 14:00,27.3,40,0,2
7/11/2022 15:00,29.7,36,0,7
7/11/2022 16:00,29.4,36,0,2
7/11/2022 17:00,28.6,33,0,1
7/11/2022 18:00,27.4,30,0,2
7/11/2022 19:00,26.6,33,0,8
7/11/2022 20:00,26.2,40,0,7
7/11/2022 21:00,25.7,42,0,5
7/11/2022 22:00,25.2,42,0,7
7/11/2022 23:00,25.1,36,0,9
7/12/2022 0:00,24.5,36,0,7
7/12/2022 1:00,24.6,40,0,6
7/12/2022 2:00,24.6,47,0,7
7/12/2022 3:00,22.2,68,0,7
7/12/2022 4:00,19.4,89,0.7,8
7/12/2022 5:00,19,90,1,6
7/12/2022 6:00,19,95,3.1,6
7/12/2022 7:00,19.9,94,0.2,6
7/12/2022 8:00,21.1,90,0.5,7
7/12/2022 9:00,21.8,87,0,8
7/12/2022 10:00,24.1,78,0,9
7/12/2022 11:00,25.7,68,0,1
7/12/2022 12:00,26.6,61,0,2
7/12/2022 13:00,27.9,55,0,2
7/12/2022 14:00,23.6,69,0,5
7/12/2022 15:00,20.7,92,9.8,4
7/12/2022 16:00,22.4,76,0,2
7/12/2022 17:00,23.6,68,0,3
7/12/2022 18:00,23.4,69,0,6
7/12/2022 19:00,19.8,86,6.9,5
7/12/2022 20:00,19.8,89,0,4
7/12/2022 21:00,19.7,85,0,4
7/12/2022 22:00,19.1,78,0,5
7/12/2022 23:00,18.7,84,0,4
7/13/2022 0:00,19.3,77,0,4
7/13/2022 1:00,18.9,81,0,5
7/13/2022 2:00,19.1,78,0,7
7/13/2022 3:00,18.7,79,0,6
7/13/2022 4:00,18.4,80,0,6
7/13/2022 5:00,18,80,0,9
7/13/2022 6:00,18.8,77,0,7
7/13/2022 7:00,20.5,72,0.3,4
7/13/2022 8:00,21.6,60,0,2
7/13/2022 9:00,23.4,65,0,2
7/13/2022 10:00,23.3,56,0,5
7/13/2022 11:00,23.2,51,0,6
7/13/2022 12:00,23.9,44,0,4
7/13/2022 13:00,25.1,44,0,4
7/13/2022 14:00,24.8,39,0,7
7/13/2022 15:00,24.9,36,0,2
7/13/2022 16:00,24.8,39,0,3
7/13/2022 17:00,24.4,37,0,2
7/13/2022 18:00,23.7,39,0,2
7/13/2022 19:00,22.5,47,0,2
7/13/2022 20:00,21.2,49,0,2
7/13/2022 21:00,20.9,49,0,3
7/13/2022 22:00,21.3,48,0,6
7/13/2022 23:00,21.7,45,0,8
7/14/2022 0:00,21.3,47,0,5
7/14/2022 1:00,19.8,60,0,7
7/14/2022 2:00,19.6,69,0,6
7/14/2022 3:00,18.2,79,0,5
7/14/2022 4:00,17.8,80,0,3
7/14/2022 5:00,17.7,83,0,5
7/14/2022 6:00,18.8,73,0.2,5
7/14/2022 7:00,21.4,66,0,3
7/14/2022 8:00,20.2,74,0,7
7/14/2022 9:00,19.6,76,0,3
7/14/2022 10:00,20.3,67,0,5
7/14/2022 11:00,21.5,64,0,5
7/14/2022 12:00,21.2,64,0,7
7/14/2022 13:00,21.5,61,0,7
7/14/2022 14:00,21.6,59,0,4
7/14/2022 15:00,23,52,0,9
7/14/2022 16:00,21.2,56,0,7
7/14/2022 17:00,21.7,55,0,7
7/14/2022 18:00,21.8,49,0,5
7/14/2022 19:00,20,54,0,5
7/14/2022 20:00,19.3,55,0,5
7/14/2022 21:00,18,64,0,4
7/14/2022 22:00,18,64,0,4
7/14/2022 23:00,19,63,0,6
7/15/2022 0:00,18.8,66,0,7
7/15/2022 1:00,18.6,64,0,9
7/15/2022 2:00,18,68,0,9
7/15/2022 3:00,17.7,69,0,6
7/15/2022 4:00,17.5,74,0,4
7/15/2022 5:00,17.3,76,0,7
7/15/2022 6:00,19,65,0,3
7/15/2022 7:00,20.7,59,0,2
7/15/2022 8:00,,,,
7/15/2022 9:00,,,,
7/15/2022 10:00,,,,
7/15/2022 11:00,,,,
7/15/2022 12:00,,,,
7/15/2022 13:00,,,,
7/15/2022 14:00,,,,
7/15/2022 15:00,26.9,34,0,3
7/15/2022 16:00,26.6,33,0,4
7/15/2022 17:00,26.3,37,0,4
7/15/2022 18:00,25.6,41,0,0
7/15/2022 19:00,23.8,47,0,1
7/15/2022 20:00,22,51,0,3
7/15/2022 21:00,21.9,53,0,3
7/15/2022 22:00,21.7,54,0,2
7/15/2022 23:00,21.3,56,0,2
7/16/2022 0:00,21,56,0,2
7/16/2022 1:00,21.2,56,0,3
7/16/2022 2:00,20.8,62,0,3
7/16/2022 3:00,20.6,62,0,4
7/16/2022 4:00,20.4,64,0,6
7/16/2022 5:00,20.1,64,0,4
7/16/2022 6:00,20.2,60,0,5
7/16/2022 7:00,21.9,54,0,7
7/16/2022 8:00,22.6,50,0,10
7/16/2022 9:00,23.6,51,0,9
7/16/2022 10:00,25.7,52,0,6
7/16/2022 11:00,26.3,43,0,8
7/16/2022 12:00,27.3,41,0,9
7/16/2022 13:00,27.7,36,0,1
7/16/2022 14:00,27.1,37,0,1
7/16/2022 15:00,27.7,34,0,7
7/16/2022 16:00,27.6,38,0,1
7/16/2022 17:00,27.5,38,0,4
7/16/2022 18:00,27.3,34,0,4
7/16/2022 19:00,25.7,41,0,2
7/16/2022 20:00,23.3,51,0,1
7/16/2022 21:00,22.5,57,0,2
7/16/2022 22:00,22.2,59,0,3
7/16/2022 23:00,22.9,56,0,2
7/17/2022 0:00,23.5,51,0,4
7/17/2022 1:00,23.7,47,0,8
7/17/2022 2:00,22.3,57,0,8
7/17/2022 3:00,21.4,62,0,9
7/17/2022 4:00,20.7,66,0,7
7/17/2022 5:00,20.4,68,0,6
7/17/2022 6:00,21.4,68,0,4
7/17/2022 7:00,22.4,61,0,3
7/17/2022 8:00,23.7,57,0,4
7/17/2022 9:00,25.5,52,0,0
7/17/2022 10:00,28.5,51,0,6
7/17/2022 11:00,28.4,43,0,0
7/17/2022 12:00,28.6,44,0,5
7/17/2022 13:00,30.2,40,0,6
7/17/2022 14:00,29.9,38,0,5
7/17/2022 15:00,30.3,36,0,6
7/17/2022 16:00,29.9,39,0,4
7/17/2022 17:00,29.9,41,0,1
7/17/2022 18:00,29.1,44,0,0
7/17/2022 19:00,26.6,52,0,1
7/17/2022 20:00,25.3,55,0,3
7/17/2022 21:00,24.8,56,0,3
7/17/2022 22:00,23.8,60,0,2
7/17/2022 23:00,23.7,62,0,2
7/18/2022 0:00,22.5,66,0,1
7/18/2022 1:00,22.9,66,0,2
7/18/2022 2:00,23.2,62,0,4
7/18/2022 3:00,21.9,69,0,2
7/18/2022 4:00,21.9,73,0,4
7/18/2022 5:00,21.9,74,0,5
7/18/2022 6:00,22.5,73,0,6
7/18/2022 7:00,23,69,0,6
7/18/2022 8:00,24.3,63,0,5
7/18/2022 9:00,26,60,0,2
7/18/2022 10:00,26.9,56,0,6
7/18/2022 11:00,26.3,60,0,2
7/18/2022 12:00,26,63,0,5
7/18/2022 13:00,24.1,82,0,9
7/18/2022 14:00,22.7,92,0.8,4
7/18/2022 15:00,21.9,93,1.7,6
7/18/2022 16:00,21.1,97,7.3,4
7/18/2022 17:00,20.9,98,14.2,7
7/18/2022 18:00,20.8,99,14.1,8
7/18/2022 19:00,20.4,99,8.5,5
7/18/2022 20:00,20.7,97,2.8,6
7/18/2022 21:00,20.6,97,1.7,7
7/18/2022 22:00,20,98,1.1,6
7/18/2022 23:00,20.4,100,1.2,6
7/19/2022 0:00,20.8,98,0.7,10
7/19/2022 1:00,20.5,97,0.2,6
7/19/2022 2:00,20.6,93,0,8
7/19/2022 3:00,20.1,94,0,6
7/19/2022 4:00,20.3,94,0,5
7/19/2022 5:00,19.8,95,0,5
7/19/2022 6:00,20.1,95,0,6
7/19/2022 7:00,20.7,91,0,6
7/19/2022 8:00,21.2,91,0,5
7/19/2022 9:00,22.7,80,0,7
7/19/2022 10:00,24.1,73,0,7
7/19/2022 11:00,25.9,67,0,5
7/19/2022 12:00,26.3,62,0,6
7/19/2022 13:00,28.1,59,0,2
7/19/2022 14:00,28,52,0,3
7/19/2022 15:00,28.1,50,0,2
7/19/2022 16:00,28.9,48,0,8
7/19/2022 17:00,29,44,0,5
7/19/2022 18:00,28.1,44,0,4
7/19/2022 19:00,27.3,45,0,4
7/19/2022 20:00,25.8,50,0,4
7/19/2022 21:00,24.5,55,0,2
7/19/2022 22:00,23.6,67,0,3
7/19/2022 23:00,23.7,77,0,6
7/20/2022 0:00,23.4,75,0,5
7/20/2022 1:00,23.4,71,0,5
7/20/2022 2:00,21.8,72,0,2
7/20/2022 3:00,20.7,86,0,2
7/20/2022 4:00,21.3,88,0,3
7/20/2022 5:00,21,89,0,2
7/20/2022 6:00,22.1,68,0,5
7/20/2022 7:00,22.2,62,0,5
7/20/2022 8:00,23.8,56,0,7
7/20/2022 9:00,24.7,57,0,6
7/20/2022 10:00,25.5,52,0,6
7/20/2022 11:00,26.8,65,0,8
7/20/2022 12:00,28.1,62,0,4
7/20/2022 13:00,28.5,65,0,1
7/20/2022 14:00,29.5,59,0,3
7/20/2022 15:00,29.5,59,0,5
7/20/2022 16:00,30.9,49,0,4
7/20/2022 17:00,30.1,56,0,0
7/20/2022 18:00,29.1,67,0,1
7/20/2022 19:00,28.7,70,0,0
7/20/2022 20:00,27.6,77,0,3
7/20/2022 21:00,27.7,69,0,4
7/20/2022 22:00,26.9,75,0,4
7/20/2022 23:00,26.4,79,0,5
7/21/2022 0:00,25.9,81,0,5
7/21/2022 1:00,26.2,73,0,6
7/21/2022 2:00,26,71,0,4
7/21/2022 3:00,25.7,72,0,3
7/21/2022 4:00,25.6,72,0,4
7/21/2022 5:00,25.2,73,0,5
7/21/2022 6:00,25.3,73,0,7
7/21/2022 7:00,26.1,71,0,5
7/21/2022 8:00,27.2,67,0,8
7/21/2022 9:00,28.1,64,0,7
7/21/2022 10:00,27.7,67,0,2
7/21/2022 11:00,29.2,60,0,2
7/21/2022 12:00,29.6,57,0,1
7/21/2022 13:00,30.3,55,0,0
7/21/2022 14:00,30.3,54,0,0
7/21/2022 15:00,30.1,51,0,7
7/21/2022 16:00,29.7,52,0,5
7/21/2022 17:00,28.4,57,0,5
7/21/2022 18:00,26.4,64,0,10
7/21/2022 19:00,25.5,71,0,9
7/21/2022 20:00,25.1,73,0,8
7/21/2022 21:00,25,68,0,7
7/21/2022 22:00,24.7,66,0,4
7/21/2022 23:00,24.7,65,0,6
7/22/2022 0:00,24.3,68,0,5
7/22/2022 1:00,24,66,0,6
7/22/2022 2:00,22.9,73,0,4
7/22/2022 3:00,22.1,75,0,5
7/22/2022 4:00,21.8,77,0,6
7/22/2022 5:00,21.2,83,0,5
7/22/2022 6:00,22.5,78,0,3
7/22/2022 7:00,23.1,71,0,4
7/22/2022 8:00,24.4,70,0,5
7/22/2022 9:00,25,64,0,7
7/22/2022 10:00,25.4,63,0,6
7/22/2022 11:00,26.3,61,0,6
7/22/2022 12:00,26.3,60,0,6
7/22/2022 13:00,27.6,51,0,7
7/22/2022 14:00,28.2,53,0,4
7/22/2022 15:00,28.1,49,0,0
7/22/2022 16:00,28.8,45,0,1
7/22/2022 17:00,28.8,43,0,5
7/22/2022 18:00,28,47,0,3
7/22/2022 19:00,27.1,50,0,5
7/22/2022 20:00,26.4,54,0,5
7/22/2022 21:00,25.7,57,0,4
7/22/2022 22:00,24.7,62,0,5
7/22/2022 23:00,24.5,60,0,4
7/23/2022 0:00,23.5,61,0,5
7/23/2022 1:00,22.9,66,0,4
7/23/2022 2:00,22.5,66,0,5
7/23/2022 3:00,22.1,69,0,7
7/23/2022 4:00,21.2,73,0,5
7/23/2022 5:00,21.2,79,0,3
7/23/2022 6:00,22.4,73,0,6
7/23/2022 7:00,24.3,66,0,6
7/23/2022 8:00,25.7,59,0,6
7/23/2022 9:00,26.4,60,0,10
7/23/2022 10:00,27.2,60,0,8
7/23/2022 11:00,28.1,56,0,6
7/23/2022 12:00,29.3,50,0,1
7/23/2022 13:00,29.7,49,0,1
7/23/2022 14:00,29.7,49,0,0
7/23/2022 15:00,30.6,48,0,8
7/23/2022 16:00,30.6,51,0,7
7/23/2022 17:00,29.3,53,0,2
7/23/2022 18:00,28.7,51,0,1
7/23/2022 19:00,28.3,49,0,6
7/23/2022 20:00,27.2,54,0,7
7/23/2022 21:00,27.1,56,0,5
7/23/2022 22:00,26.7,59,0,6
7/23/2022 23:00,26,63,0,5
7/24/2022 0:00,25.5,64,0,4
7/24/2022 1:00,25.2,67,0,6
7/24/2022 2:00,24.7,69,0,5
7/24/2022 3:00,24.5,70,0,6
7/24/2022 4:00,23.8,75,0,4
7/24/2022 5:00,23.8,73,0,5
7/24/2022 6:00,24.3,72,0,9
7/24/2022 7:00,25,69,0,6
7/24/2022 8:00,25.4,70,0,6
7/24/2022 9:00,26.4,65,0,10
7/24/2022 10:00,27.3,63,0,11
7/24/2022 11:00,29,59,0,2
7/24/2022 12:00,29.3,61,0,2
7/24/2022 13:00,30,59,0,5
7/24/2022 14:00,29.3,61,0,5
7/24/2022 15:00,27.6,65,0,6
7/24/2022 16:00,27.3,66,0,4
7/24/2022 17:00,27,67,0,4
7/24/2022 18:00,21.8,93,4,5
7/24/2022 19:00,22.3,93,1.7,5
7/24/2022 20:00,22.4,93,0,2
7/24/2022 21:00,22.4,95,1.5,7
7/24/2022 22:00,22.5,93,0,6
7/24/2022 23:00,23,90,0,5
7/25/2022 0:00,22.4,95,1.9,7
7/25/2022 1:00,20.7,94,5.6,8
7/25/2022 2:00,20.9,95,0.6,8
7/25/2022 3:00,20.9,94,0,6
7/25/2022 4:00,21.1,93,0,6
7/25/2022 5:00,20.8,94,0,4
7/25/2022 6:00,21.1,93,0,6
7/25/2022 7:00,22.1,93,0,7
7/25/2022 8:00,23.1,87,0,9
7/25/2022 9:00,25.1,74,0,4
7/25/2022 10:00,25.4,59,0,6
7/25/2022 11:00,25.8,55,0,2
7/25/2022 12:00,25.6,49,0,0
7/25/2022 13:00,25.8,51,0,10
7/25/2022 14:00,25.9,42,0,8
7/25/2022 15:00,25.3,42,0,5
7/25/2022 16:00,24.7,48,0,8
7/25/2022 17:00,23.9,48,0,6
7/25/2022 18:00,22.8,53,0,7
7/25/2022 19:00,22,52,0,3
7/25/2022 20:00,21.1,55,0,1
7/25/2022 21:00,19.9,58,0,1
7/25/2022 22:00,19.5,60,0,3
7/25/2022 23:00,18.9,65,0,3
7/26/2022 0:00,18.6,67,0,2
7/26/2022 1:00,18.8,66,0,3
7/26/2022 2:00,18.3,69,0,3
7/26/2022 3:00,17,75,0,2
7/26/2022 4:00,17.8,77,0,4
7/26/2022 5:00,17.9,78,0,4
7/26/2022 6:00,19,73,0,3
7/26/2022 7:00,19.4,70,0,6
7/26/2022 8:00,20.7,70,0,8
7/26/2022 9:00,20.9,68,0,7
7/26/2022 10:00,21.8,64,0,11
7/26/2022 11:00,23.4,61,0,7
7/26/2022 12:00,23.8,53,0,10
7/26/2022 13:00,24,53,0,10
7/26/2022 14:00,24,51,0,11
7/26/2022 15:00,23.7,53,0,6
7/26/2022 16:00,24.2,52,0,5
7/26/2022 17:00,24.1,53,0,5
7/26/2022 18:00,23.2,56,0,5
7/26/2022 19:00,22.3,59,0,5
7/26/2022 20:00,21.8,62,0,2
7/26/2022 21:00,21.4,64,0,4
7/26/2022 22:00,20.9,70,0,5
7/26/2022 23:00,20.4,73,0,7
7/27/2022 0:00,19.5,76,0,5
7/27/2022 1:00,19.2,77,0,6
7/27/2022 2:00,18.8,78,0,5
7/27/2022 3:00,18.3,81,0,4
7/27/2022 4:00,18.3,80,0,10
7/27/2022 5:00,18.1,83,0,9
7/27/2022 6:00,19.3,76,0,4
7/27/2022 7:00,19.7,73,0,6
7/27/2022 8:00,21.3,68,0,8
7/27/2022 9:00,22.6,67,0,8
7/27/2022 10:00,23.3,58,0,7
7/27/2022 11:00,24.9,60,0,7
7/27/2022 12:00,25.3,45,0,7
7/27/2022 13:00,26.3,45,0,6
7/27/2022 14:00,26.7,37,0,10
7/27/2022 15:00,26.3,36,0,8
7/27/2022 16:00,26.6,43,0,8
7/27/2022 17:00,26.4,43,0,6
7/27/2022 18:00,25,47,0,7
7/27/2022 19:00,24.1,51,0,3
7/27/2022 20:00,21.9,63,0,3
7/27/2022 21:00,22.1,63,0,2
7/27/2022 22:00,21.8,67,0,3
7/27/2022 23:00,21.2,69,0,3
7/28/2022 0:00,21.7,64,0,4
7/28/2022 1:00,21.1,72,0,3
7/28/2022 2:00,21,77,0,3
7/28/2022 3:00,20.2,82,0,4
7/28/2022 4:00,19.6,82,0,3
7/28/2022 5:00,19.3,85,0,2
7/28/2022 6:00,20.4,82,0,6
7/28/2022 7:00,23,66,0,5
7/28/2022 8:00,24.5,62,0,5
7/28/2022 9:00,24.5,58,0,6
7/28/2022 10:00,26.1,58,0,8
7/28/2022 11:00,27.2,55,0,12
7/28/2022 12:00,28.6,50,0,5
7/28/2022 13:00,30,52,0,8
7/28/2022 14:00,27.9,57,0,6
7/28/2022 15:00,21.9,87,1.4,4
7/28/2022 16:00,22.3,91,13.2,4
7/28/2022 17:00,21.7,92,0,3
7/28/2022 18:00,22.4,82,0,3
7/28/2022 19:00,21.3,88,0,1
7/28/2022 20:00,21.9,89,0,2
7/28/2022 21:00,22.2,89,0,7
7/28/2022 22:00,21.9,92,0,6
7/28/2022 23:00,21.7,89,0,5
7/29/2022 0:00,21.6,90,0,4
7/29/2022 1:00,21.3,92,0,5
7/29/2022 2:00,20.9,91,0,3
7/29/2022 3:00,20.3,90,0,5
7/29/2022 4:00,19.4,88,0,6
7/29/2022 5:00,19.1,84,0,6
7/29/2022 6:00,20,79,0,7
7/29/2022 7:00,20.3,72,0,8
7/29/2022 8:00,21.3,65,0,6
7/29/2022 9:00,21.8,57,0,6
7/29/2022 10:00,23.1,55,0,7
7/29/2022 11:00,23.1,52,0,6
7/29/2022 12:00,23.9,50,0,6
7/29/2022 13:00,23.5,49,0,9
7/29/2022 14:00,24.5,47,0,8
7/29/2022 15:00,24.2,49,0,3
7/29/2022 16:00,24.5,48,0,8
7/29/2022 17:00,24.5,49,0,8
7/29/2022 18:00,23.9,50,0,4
7/29/2022 19:00,23.6,57,0,7
7/29/2022 20:00,22.6,61,0,7
7/29/2022 21:00,22,63,0,8
7/29/2022 22:00,21.4,69,0,2
7/29/2022 23:00,21.8,66,0,6
7/30/2022 0:00,20.9,67,0,5
7/30/2022 1:00,20,74,0,5
7/30/2022 2:00,19.2,77,0,5
7/30/2022 3:00,18.5,77,0,6
7/30/2022 4:00,18.1,78,0,6
7/30/2022 5:00,17.5,79,0,5
7/30/2022 6:00,18.4,76,0,4
7/30/2022 7:00,20.4,72,0,4
7/30/2022 8:00,20.4,69,0,5
7/30/2022 9:00,21.4,65,0,6
7/30/2022 10:00,20.9,66,0,4
7/30/2022 11:00,21,66,0,5
7/30/2022 12:00,21.5,66,0,8
7/30/2022 13:00,22.1,61,0,8
7/30/2022 14:00,22.3,62,0,5
7/30/2022 15:00,22.1,62,0,4
7/30/2022 16:00,22.3,61,0,5
7/30/2022 17:00,22.4,63,0,4
7/30/2022 18:00,22.3,64,0,6
7/30/2022 19:00,22,65,0,3
7/30/2022 20:00,20.3,73,0,1
7/30/2022 21:00,20.8,70,0,4
7/30/2022 22:00,19.5,81,0,2
7/30/2022 23:00,19.9,82,0,3
7/31/2022 0:00,19.7,83,0,2
7/31/2022 1:00,19.5,88,0,2
7/31/2022 2:00,19.4,90,0,4
7/31/2022 3:00,19.1,92,0,4
7/31/2022 4:00,18.5,91,0,3
7/31/2022 5:00,18.3,91,0,4
7/31/2022 6:00,19.4,85,0,5
7/31/2022 7:00,20.6,83,0,5
7/31/2022 8:00,21.9,78,0,5
7/31/2022 9:00,22.7,69,0,9
7/31/2022 10:00,23.5,62,0,10
7/31/2022 11:00,24.6,59,0,12
7/31/2022 12:00,25.6,53,0,12
7/31/2022 13:00,25.5,53,0,11
7/31/2022 14:00,25.3,52,0,12
7/31/2022 15:00,25.4,54,0,8
7/31/2022 16:00,25.2,56,0,8
7/31/2022 17:00,25.3,54,0,6
7/31/2022 18:00,24.7,57,0,5
7/31/2022 19:00,24.2,60,0,4
7/31/2022 20:00,23.5,64,0,2
7/31/2022 21:00,22.7,69,0,2
7/31/2022 22:00,22.7,71,0,2
7/31/2022 23:00,22.2,74,0,6
8/1/2022 0:00,21.9,74,0,5
8/1/2022 1:00,21.6,74,0,5
8/1/2022 2:00,21,78,0,5
8/1/2022 3:00,21.3,76,0,5
8/1/2022 4:00,20.8,79,0,6
8/1/2022 5:00,20.5,78,0,6
8/1/2022 6:00,21.6,76,0,5
8/1/2022 7:00,22.3,72,0,6
8/1/2022 8:00,24.1,66,0,6
8/1/2022 9:00,25,61,0,5
8/1/2022 10:00,26.8,57,0,6
8/1/2022 11:00,27.1,58,0,4
8/1/2022 12:00,27.1,55,0,8
8/1/2022 13:00,28.9,50,0,9
8/1/2022 14:00,29,46,0,6
8/1/2022 15:00,29.1,47,0,6
8/1/2022 16:00,29,45,0,7
8/1/2022 17:00,28.4,49,0,7
8/1/2022 18:00,27.6,51,0,2
8/1/2022 19:00,26.7,54,0,4
8/1/2022 20:00,26.1,57,0,2
8/1/2022 21:00,23.8,66,0,1
8/1/2022 22:00,23.6,66,0,3
8/1/2022 23:00,24.2,67,0,4
8/2/2022 0:00,24.5,61,0,6
8/2/2022 1:00,24.6,60,0,5
8/2/2022 2:00,24.6,59,0,4
8/2/2022 3:00,23.7,64,0,5
8/2/2022 4:00,23.5,65,0,5
8/2/2022 5:00,23.4,67,0,4
8/2/2022 6:00,21.4,87,0,4
8/2/2022 7:00,21.9,89,0.3,6
8/2/2022 8:00,21.5,94,0.4,5
8/2/2022 9:00,22.7,90,0,4
8/2/2022 10:00,23.9,84,0,4
8/2/2022 11:00,26,72,0,5
8/2/2022 12:00,26.5,62,0,5
8/2/2022 13:00,27.7,61,0,5
8/2/2022 14:00,27.2,57,0,6
8/2/2022 15:00,26.1,57,0,5
8/2/2022 16:00,25.5,50,0,11
8/2/2022 17:00,25.4,49,0,7
8/2/2022 18:00,23.7,53,0,6
8/2/2022 19:00,22.1,56,0,9
8/2/2022 20:00,20.8,56,0,10
8/2/2022 21:00,19.6,58,0,10
8/2/2022 22:00,18.6,62,0,7
8/2/2022 23:00,17.6,66,0,6
8/3/2022 0:00,17.4,66,0,6
8/3/2022 1:00,16.7,71,0,7
8/3/2022 2:00,16.6,68,0,6
8/3/2022 3:00,16.5,69,0,3
8/3/2022 4:00,14.8,78,0,2
8/3/2022 5:00,14.1,81,0,3
8/3/2022 6:00,16.9,69,0,2
8/3/2022 7:00,19.2,65,0,6
8/3/2022 8:00,19.7,65,0,8
8/3/2022 9:00,21.4,60,0,4
8/3/2022 10:00,21.7,57,0,7
8/3/2022 11:00,22.5,49,0,5
8/3/2022 12:00,23.5,50,0,7
8/3/2022 13:00,23.7,48,0,5
8/3/2022 14:00,25.1,47,0,7
8/3/2022 15:00,26.2,49,0,6
8/3/2022 16:00,26,53,0,6
8/3/2022 17:00,25.6,57,0,7
8/3/2022 18:00,25.6,56,0,6
8/3/2022 19:00,25.2,58,0,5
8/3/2022 20:00,24.1,63,0,2
8/3/2022 21:00,23.7,67,0,3
8/3/2022 22:00,24.2,66,0,3
8/3/2022 23:00,24.2,66,0,4
8/4/2022 0:00,23.9,66,0,6
8/4/2022 1:00,23.6,67,0,5
8/4/2022 2:00,23.7,66,0,5
8/4/2022 3:00,23.5,66,0,6
8/4/2022 4:00,23,67,0,4
8/4/2022 5:00,23.4,66,0,6
8/4/2022 6:00,21.8,86,0,2
8/4/2022 7:00,22.5,84,0,5
8/4/2022 8:00,23.6,77,0,6
8/4/2022 9:00,23.9,73,0,6
8/4/2022 10:00,24.2,75,0,7
8/4/2022 11:00,25.6,70,0,7
8/4/2022 12:00,25.5,73,0,6
8/4/2022 13:00,25.1,77,0,6
8/4/2022 14:00,25.2,77,0,3
8/4/2022 15:00,25.4,75,0,7
8/4/2022 16:00,25.3,79,0,3
8/4/2022 17:00,26,76,0,7
8/4/2022 18:00,26,76,0,6
8/4/2022 19:00,25.7,79,0,3
8/4/2022 20:00,25,83,0,4
8/4/2022 21:00,24.7,86,0,3
8/4/2022 22:00,23.9,88,0,3
8/4/2022 23:00,24.3,88,0,3
8/5/2022 0:00,23.9,90,0,4
8/5/2022 1:00,23.8,90,0,3
8/5/2022 2:00,23.5,92,0,3
8/5/2022 3:00,22.9,86,0,9
8/5/2022 4:00,22.2,86,0,8
8/5/2022 5:00,21.9,87,0,10
8/5/2022 6:00,21.3,78,0,10
8/5/2022 7:00,21.2,78,0,11
8/5/2022 8:00,21.5,70,0,14
8/5/2022 9:00,21.8,62,0,14
8/5/2022 10:00,23.3,56,0,12
8/5/2022 11:00,24,54,0,9
8/5/2022 12:00,25.1,53,0,8
8/5/2022 13:00,25.6,50,0,6
8/5/2022 14:00,25.8,48,0,6
8/5/2022 15:00,27,50,0,5
8/5/2022 16:00,26.8,48,0,4
8/5/2022 17:00,26.8,48,0,3
8/5/2022 18:00,25.3,53,0,4
8/5/2022 19:00,24.4,55,0,4
8/5/2022 20:00,24.2,57,0,8
8/5/2022 21:00,23.2,58,0,2
8/5/2022 22:00,22.8,56,0,3
8/5/2022 23:00,20.6,64,0,1
8/6/2022 0:00,22.1,56,0,5
8/6/2022 1:00,21.1,60,0,3
8/6/2022 2:00,19.3,67,0,4
8/6/2022 3:00,18.2,75,0,3
8/6/2022 4:00,18.8,78,0,4
8/6/2022 5:00,18.2,78,0,1
8/6/2022 6:00,19.8,71,0,3
8/6/2022 7:00,20.4,68,0,6
8/6/2022 8:00,23,63,0,2
8/6/2022 9:00,25.3,62,0,3
8/6/2022 10:00,27.3,58,0,5
8/6/2022 11:00,28.1,58,0,7
8/6/2022 12:00,30.6,51,0,1
8/6/2022 13:00,30.9,44,0,6
8/6/2022 14:00,31.6,49,0,5
8/6/2022 15:00,31.2,51,0,5
8/6/2022 16:00,31,54,0,1
8/6/2022 17:00,31.8,57,0,5
8/6/2022 18:00,30.4,59,0,1
8/6/2022 19:00,29,67,0,5
8/6/2022 20:00,27.7,71,0,5
8/6/2022 21:00,27,75,0,4
8/6/2022 22:00,27.2,71,0,5
8/6/2022 23:00,26.5,74,0,5
8/7/2022 0:00,26.2,74,0,6
8/7/2022 1:00,25.6,75,0,6
8/7/2022 2:00,25.2,78,0,7
8/7/2022 3:00,25,80,0,7
8/7/2022 4:00,24.8,80,0,6
8/7/2022 5:00,24.4,84,0,6
8/7/2022 6:00,25.1,82,0,6
8/7/2022 7:00,26.7,78,0,5
8/7/2022 8:00,27.7,72,0,5
8/7/2022 9:00,27.7,73,0,8
8/7/2022 10:00,28.8,68,0,9
8/7/2022 11:00,30.2,66,0,2
8/7/2022 12:00,31.2,63,0,3
8/7/2022 13:00,31.4,58,0,10
8/7/2022 14:00,30.7,60,0,8
8/7/2022 15:00,31.4,59,0,9
8/7/2022 16:00,29.5,58,0,3
8/7/2022 17:00,26.7,76,0,10
8/7/2022 18:00,24.2,86,0.9,5
8/7/2022 19:00,23.3,89,0.5,10
8/7/2022 20:00,23.2,90,0,9
8/7/2022 21:00,22.3,84,0,7
8/7/2022 22:00,21.1,85,0.3,7
8/7/2022 23:00,20.4,80,0,7
8/8/2022 0:00,19.4,83,0,6
8/8/2022 1:00,18.6,88,0.2,9
8/8/2022 2:00,17.5,88,0.2,12
8/8/2022 3:00,16.8,90,0,12
8/8/2022 4:00,15.8,94,1.3,9
8/8/2022 5:00,15.7,93,0,14
8/8/2022 6:00,15.8,94,0,12
8/8/2022 7:00,16.1,91,0,8
8/8/2022 8:00,15.8,89,0,12
8/8/2022 9:00,15.8,94,0,11
8/8/2022 10:00,15.8,98,2.1,7
8/8/2022 11:00,16,94,0,7
8/8/2022 12:00,16.2,94,0,6
8/8/2022 13:00,15.6,96,0,10
8/8/2022 14:00,16,95,0.2,10
8/8/2022 15:00,16.7,93,0,10
8/8/2022 16:00,16.6,91,0,11
8/8/2022 17:00,16.9,91,0,4
8/8/2022 18:00,16.8,93,0,5
8/8/2022 19:00,17,92,0,4
8/8/2022 20:00,16.4,95,0.5,7
8/8/2022 21:00,15.2,96,3.5,13
8/8/2022 22:00,14.9,97,0.3,10
8/8/2022 23:00,14.7,95,0,11
8/9/2022 0:00,14.5,97,0.7,11
8/9/2022 1:00,14.3,97,0.7,9
8/9/2022 2:00,13.8,100,16,13
8/9/2022 3:00,14.4,100,7.2,9
8/9/2022 4:00,14.5,98,0.2,13
8/9/2022 5:00,14.5,97,0,12
8/9/2022 6:00,14.5,95,0,10
8/9/2022 7:00,14.8,95,0,9
8/9/2022 8:00,14.7,97,0,9
8/9/2022 9:00,15,95,0.2,10
8/9/2022 10:00,15.5,93,0,12
8/9/2022 11:00,15.5,94,0,11
8/9/2022 12:00,16.1,92,0,7
8/9/2022 13:00,16.8,86,0,11
8/9/2022 14:00,17.6,83,0,9
8/9/2022 15:00,18.3,80,0,9
8/9/2022 16:00,18.1,79,0,10
8/9/2022 17:00,18.4,77,0,7
8/9/2022 18:00,18.2,78,0,8
8/9/2022 19:00,18.2,79,0,6
8/9/2022 20:00,18.2,79,0,7
8/9/2022 21:00,17.9,83,0,3
8/9/2022 22:00,17.8,82,0,5
8/9/2022 23:00,17.5,83,0,4
8/10/2022 0:00,17.4,85,0,5
8/10/2022 1:00,17.2,88,0,3
8/10/2022 2:00,17.4,86,0,5
8/10/2022 3:00,17.1,88,0,5
8/10/2022 4:00,16.9,90,0,2
8/10/2022 5:00,16.8,91,0,1
8/10/2022 6:00,17.4,87,0,0
8/10/2022 7:00,18.6,79,0,1
8/10/2022 8:00,19.2,72,0,5
8/10/2022 9:00,20.5,68,0,4
8/10/2022 10:00,20.1,69,0,5
8/10/2022 11:00,22.2,68,0,5
8/10/2022 12:00,21.8,63,0,4
8/10/2022 13:00,23.1,55,0,6
8/10/2022 14:00,24,51,0,9
8/10/2022 15:00,23.8,52,0,5
8/10/2022 16:00,24,52,0,4
8/10/2022 17:00,24.6,53,0,3
8/10/2022 18:00,22.8,58,0,2
8/10/2022 19:00,20.9,72,0,2
8/10/2022 20:00,19.9,78,0,2
8/10/2022 21:00,19.5,82,0,1
8/10/2022 22:00,20.4,77,0,5
8/10/2022 23:00,19.9,79,0,6
8/11/2022 0:00,19.4,81,0,6
8/11/2022 1:00,18.9,82,0,5
8/11/2022 2:00,18.4,87,0,2
8/11/2022 3:00,18.1,88,0,6
8/11/2022 4:00,18.2,82,0,6
8/11/2022 5:00,18.1,84,0,7
8/11/2022 6:00,18.7,84,0,5
8/11/2022 7:00,19.5,80,0,7
8/11/2022 8:00,20,78,0,5
8/11/2022 9:00,20.1,79,0,4
8/11/2022 10:00,22.4,76,0,5
8/11/2022 11:00,23.8,68,0,3
8/11/2022 12:00,25.2,63,0,6
8/11/2022 13:00,25.5,64,0,7
8/11/2022 14:00,22.5,76,0,7
8/11/2022 15:00,22.8,75,4.5,5
8/11/2022 16:00,23.1,69,0,4
8/11/2022 17:00,23.6,62,0,4
8/11/2022 18:00,22.7,49,0,4
8/11/2022 19:00,21.6,48,0,8
8/11/2022 20:00,20.5,51,0,9
8/11/2022 21:00,19.2,56,0,9
8/11/2022 22:00,18.4,59,0,8
8/11/2022 23:00,17,67,0,2
8/12/2022 0:00,16.4,69,0,4
8/12/2022 1:00,15.9,70,0,2
8/12/2022 2:00,15.3,72,0,5
8/12/2022 3:00,15.2,75,0,5
8/12/2022 4:00,15.6,73,0,4
8/12/2022 5:00,15.6,72,0,3
8/12/2022 6:00,15.7,71,0,1
8/12/2022 7:00,15.6,73,0,8
8/12/2022 8:00,16.6,70,0,9
8/12/2022 9:00,17.3,60,0,8
8/12/2022 10:00,17.5,59,0,4
8/12/2022 11:00,17.4,63,0,7
8/12/2022 12:00,18,60,0,6
8/12/2022 13:00,18.9,57,0,4
8/12/2022 14:00,19.5,56,0,5
8/12/2022 15:00,19.3,58,0,8
8/12/2022 16:00,19.7,57,0,4
8/12/2022 17:00,19.3,58,0,4
8/12/2022 18:00,18.8,62,0,4
8/12/2022 19:00,18.3,66,0,6
8/12/2022 20:00,18.1,66,0,5
8/12/2022 21:00,18.2,65,0,4
8/12/2022 22:00,18.1,65,0,3
8/12/2022 23:00,18.1,67,0,5
8/13/2022 0:00,18.1,66,0,6
8/13/2022 1:00,17.4,71,0,7
8/13/2022 2:00,16.8,71,0,8
8/13/2022 3:00,16.3,70,0,7
8/13/2022 4:00,15.7,71,0,7
8/13/2022 5:00,15.4,72,0,4
8/13/2022 6:00,16.4,66,0,5
8/13/2022 7:00,17.1,66,0,7
8/13/2022 8:00,19.3,62,0,1
8/13/2022 9:00,19.7,58,0,7
8/13/2022 10:00,21.1,49,0,6
8/13/2022 11:00,21.4,40,0,6
8/13/2022 12:00,22.3,38,0,7
8/13/2022 13:00,23.2,34,0,3
8/13/2022 14:00,22.7,38,0,4
8/13/2022 15:00,23.7,34,0,3
8/13/2022 16:00,23.5,38,0,0
8/13/2022 17:00,23.9,41,0,1
8/13/2022 18:00,20.8,53,0,3
8/13/2022 19:00,19.9,52,0,3
8/13/2022 20:00,19.5,53,0,3
8/13/2022 21:00,19.1,55,0,3
8/13/2022 22:00,19.3,54,0,4
8/13/2022 23:00,18.9,65,0,4
8/14/2022 0:00,18.6,66,0,4
8/14/2022 1:00,17.2,73,0,2
8/14/2022 2:00,16.7,75,0,3
8/14/2022 3:00,17.5,77,0,5
8/14/2022 4:00,17.4,79,0,7
8/14/2022 5:00,16.9,80,0,6
8/14/2022 6:00,17.2,82,0,4
8/14/2022 7:00,18.6,77,0,3
8/14/2022 8:00,19.8,67,0,3
8/14/2022 9:00,22.2,58,0,0
8/14/2022 10:00,23.8,58,0,0
8/14/2022 11:00,25,54,0,0
8/14/2022 12:00,23.7,46,0,3
8/14/2022 13:00,23.8,43,0,3
8/14/2022 14:00,25.9,35,0,1
8/14/2022 15:00,26.5,34,0,1
8/14/2022 16:00,26.1,33,0,5
8/14/2022 17:00,25.7,34,0,3
8/14/2022 18:00,22,49,0,2
8/14/2022 19:00,21.2,48,0,3
8/14/2022 20:00,20.6,53,0,3
8/14/2022 21:00,21.1,55,0,4
8/14/2022 22:00,20,66,0,4
8/14/2022 23:00,19.9,59,0,4
8/15/2022 0:00,19.2,57,0,5
8/15/2022 1:00,18,62,0,4
8/15/2022 2:00,16.6,70,0,2
8/15/2022 3:00,17.3,75,0,4
8/15/2022 4:00,17.5,77,0,5
8/15/2022 5:00,16.9,79,0,3
8/15/2022 6:00,18.4,77,0,0
8/15/2022 7:00,20.1,71,0,3
8/15/2022 8:00,21.5,64,0,3
8/15/2022 9:00,23.3,61,0,0
8/15/2022 10:00,24.7,55,0,0
8/15/2022 11:00,26.1,40,0,0
8/15/2022 12:00,26.1,37,0,0
8/15/2022 13:00,27.1,35,0,0
8/15/2022 14:00,26.3,36,0,0
8/15/2022 15:00,26.2,40,0,2
8/15/2022 16:00,26.4,36,0,2
8/15/2022 17:00,25.8,41,0,4
8/15/2022 18:00,24.7,40,0,4
8/15/2022 19:00,22.6,51,0,2
8/15/2022 20:00,21.6,57,0,4
8/15/2022 21:00,20.7,61,0,3
8/15/2022 22:00,20.1,64,0,2
8/15/2022 23:00,19.9,64,0,5
8/16/2022 0:00,19.3,67,0,5
8/16/2022 1:00,19.9,65,0,7
8/16/2022 2:00,19.2,70,0,6
8/16/2022 3:00,19.2,73,0,8
8/16/2022 4:00,18.7,75,0,8
8/16/2022 5:00,17.9,78,0,9
8/16/2022 6:00,17.7,81,0,9
8/16/2022 7:00,19.2,78,0,8
8/16/2022 8:00,19.3,74,0,8
8/16/2022 9:00,21.2,71,0,10
8/16/2022 10:00,22.7,64,0,10
8/16/2022 11:00,24.7,60,0,10
8/16/2022 12:00,26.4,55,0,6
8/16/2022 13:00,27,53,0,10
8/16/2022 14:00,27.3,48,0,7
8/16/2022 15:00,27.7,47,0,10
8/16/2022 16:00,18.8,81,3.6,7
8/16/2022 17:00,22.6,64,0.4,6
8/16/2022 18:00,21.9,71,0,3
8/16/2022 19:00,22.2,67,0,4
8/16/2022 20:00,23.3,63,0,6
8/16/2022 21:00,23.1,64,0,7
8/16/2022 22:00,22,70,0,5
8/16/2022 23:00,21.1,70,0,7
8/17/2022 0:00,20.7,72,0,7
8/17/2022 1:00,19.9,71,0,7
8/17/2022 2:00,19,64,0,11
8/17/2022 3:00,18.5,63,0,8
8/17/2022 4:00,18,64,0,10
8/17/2022 5:00,18,67,0,11
8/17/2022 6:00,18.2,68,0,9
8/17/2022 7:00,18.4,71,0,9
8/17/2022 8:00,19.2,67,0,6
8/17/2022 9:00,20.3,69,0,8
8/17/2022 10:00,21.1,72,0,9
8/17/2022 11:00,23,66,0,9
8/17/2022 12:00,23.6,64,0,12
8/17/2022 13:00,24.6,61,0,11
8/17/2022 14:00,25.2,56,0,10
8/17/2022 15:00,25.3,53,0,11
8/17/2022 16:00,26,43,0,3
8/17/2022 17:00,24.8,44,0,11
8/17/2022 18:00,23.9,45,0,10
8/17/2022 19:00,23.3,51,0,7
8/17/2022 20:00,23,56,0,8
8/17/2022 21:00,21.2,67,0,8
8/17/2022 22:00,20.9,68,0,4
8/17/2022 23:00,20.2,72,0,4
8/18/2022 0:00,19.5,76,0,5
8/18/2022 1:00,19,80,0,7
8/18/2022 2:00,18.9,78,0,4
8/18/2022 3:00,18,84,0.4,6
8/18/2022 4:00,18.1,85,0,4
8/18/2022 5:00,18.2,83,0,6
8/18/2022 6:00,18.5,80,0,5
8/18/2022 7:00,19.2,74,0,5
8/18/2022 8:00,20,63,0,8
8/18/2022 9:00,20.9,56,0,10
8/18/2022 10:00,21.5,52,0,10
8/18/2022 11:00,22.1,49,0,10
8/18/2022 12:00,21.7,51,0,12
8/18/2022 13:00,21.5,55,0,13
8/18/2022 14:00,21.4,59,0,13
8/18/2022 15:00,21.1,64,0,7
8/18/2022 16:00,20.1,75,0,6
8/18/2022 17:00,19.7,79,0,8
8/18/2022 18:00,19.3,78,0,8
8/18/2022 19:00,18.2,83,0.2,2
8/18/2022 20:00,17.6,83,0.2,2
8/18/2022 21:00,17.7,83,0,3
8/18/2022 22:00,18.5,80,0,4
8/18/2022 23:00,19.2,80,0,6
8/19/2022 0:00,19,79,0,3
8/19/2022 1:00,18.6,85,0,3
8/19/2022 2:00,18.3,87,0,2
8/19/2022 3:00,18.3,87,0,2
8/19/2022 4:00,18.2,89,0,2
8/19/2022 5:00,18.2,84,0,3
8/19/2022 6:00,19.1,83,0,2
8/19/2022 7:00,19.5,80,0,4
8/19/2022 8:00,20.5,71,0,4
8/19/2022 9:00,22.6,63,0,7
8/19/2022 10:00,24.2,53,0,7
8/19/2022 11:00,25.8,54,0,6
8/19/2022 12:00,27.2,53,0,8
8/19/2022 13:00,28.6,51,0,8
8/19/2022 14:00,28.7,48,0,7
8/19/2022 15:00,29.2,38,0,6
8/19/2022 16:00,28.9,42,0,7
8/19/2022 17:00,27.5,47,0,3
8/19/2022 18:00,27,51,0,5
8/19/2022 19:00,24.7,57,0,2
8/19/2022 20:00,23.6,62,0,2
8/19/2022 21:00,23.2,63,0,2
8/19/2022 22:00,23.4,60,0,3
8/19/2022 23:00,23.4,64,0,2
8/20/2022 0:00,22.9,67,0,3
8/20/2022 1:00,22.1,70,0,3
8/20/2022 2:00,22.2,67,0,11
8/20/2022 3:00,21.6,68,0,7
8/20/2022 4:00,20.6,72,0,3
8/20/2022 5:00,19.8,78,0,4
8/20/2022 6:00,19.8,77,0,3
8/20/2022 7:00,22.2,67,0,6
8/20/2022 8:00,23.3,62,0,2
8/20/2022 9:00,25.1,61,0,5
8/20/2022 10:00,26.4,56,0,2
8/20/2022 11:00,27.7,50,0,7
8/20/2022 12:00,29.1,42,0,6
8/20/2022 13:00,29.5,36,0,7
8/20/2022 14:00,29.6,33,0,5
8/20/2022 15:00,30.6,38,0,3
8/20/2022 16:00,29.8,37,0,5
8/20/2022 17:00,29.8,40,0,5
8/20/2022 18:00,27.8,48,0,2
8/20/2022 19:00,26.7,50,0,3
8/20/2022 20:00,24.1,58,0,2
8/20/2022 21:00,23.8,59,0,2
8/20/2022 22:00,24.3,55,0,1
8/20/2022 23:00,25,53,0,3
8/21/2022 0:00,24.6,56,0,4
8/21/2022 1:00,23.5,62,0,4
8/21/2022 2:00,22.4,69,0,2
8/21/2022 3:00,21.9,73,0,5
8/21/2022 4:00,21.6,74,0,3
8/21/2022 5:00,21.6,70,0,3
8/21/2022 6:00,22.4,70,0,4
8/21/2022 7:00,23,67,0,5
8/21/2022 8:00,25.7,58,0,5
8/21/2022 9:00,27.1,55,0,7
8/21/2022 10:00,27.7,55,0,3
8/21/2022 11:00,28.9,54,0,6
8/21/2022 12:00,29.8,51,0,5
8/21/2022 13:00,30,53,0,7
8/21/2022 14:00,25.4,73,0,7
8/21/2022 15:00,21.2,94,8.2,3
8/21/2022 16:00,21.8,86,0,4
8/21/2022 17:00,21.5,93,1.3,3
8/21/2022 18:00,21.6,94,0,2
8/21/2022 19:00,21.2,96,0,4
8/21/2022 20:00,21.3,95,0,2
8/21/2022 21:00,21.5,91,0,4
8/21/2022 22:00,21.3,91,0,3
8/21/2022 23:00,20.9,94,1.2,7
8/22/2022 0:00,21.2,87,0,2
8/22/2022 1:00,20.7,92,0.2,5
8/22/2022 2:00,20.2,95,0.2,3
8/22/2022 3:00,20.2,95,0,3
8/22/2022 4:00,20.5,96,0,4
8/22/2022 5:00,20.5,94,0,3
8/22/2022 6:00,20.6,93,0,2
8/22/2022 7:00,21.9,86,0,4
8/22/2022 8:00,23.7,79,0,5
8/22/2022 9:00,24.9,68,0,4
8/22/2022 10:00,26.2,71,0,3
8/22/2022 11:00,26.1,66,0,5
8/22/2022 12:00,26.4,62,0,6
8/22/2022 13:00,26.2,66,0,9
8/22/2022 14:00,26.6,64,0,1
8/22/2022 15:00,26.9,55,0,7
8/22/2022 16:00,26.5,58,0,5
8/22/2022 17:00,26.2,53,0,0
8/22/2022 18:00,25.8,56,0,5
8/22/2022 19:00,23.8,64,0,2
8/22/2022 20:00,23.5,83,0,10
8/22/2022 21:00,22.4,89,0,9
8/22/2022 22:00,22,91,0,9
8/22/2022 23:00,21.9,90,0,7
8/23/2022 0:00,21.8,89,0,6
8/23/2022 1:00,21.7,89,0,2
8/23/2022 2:00,21.3,92,0,4
8/23/2022 3:00,20.8,96,0.2,3
8/23/2022 4:00,20.9,94,0.3,4
8/23/2022 5:00,19.8,96,3.4,4
8/23/2022 6:00,19.8,97,3.1,2
8/23/2022 7:00,20.2,96,2.1,3
8/23/2022 8:00,20.3,96,3.1,3
8/23/2022 9:00,20.2,97,6.1,4
8/23/2022 10:00,20,98,4.7,5
8/23/2022 11:00,20.5,95,1.2,3
8/23/2022 12:00,20.9,93,0.3,4
8/23/2022 13:00,21.8,91,0,3
8/23/2022 14:00,22.7,86,0,6
8/23/2022 15:00,23,80,0,5
8/23/2022 16:00,23.7,76,0,4
8/23/2022 17:00,24.1,78,0,5
8/23/2022 18:00,23.2,77,0,4
8/23/2022 19:00,22.6,81,0,3
8/23/2022 20:00,22.1,86,0,4
8/23/2022 21:00,20.1,97,1.6,4
8/23/2022 22:00,20.2,97,0,5
8/23/2022 23:00,20.3,96,0,7
8/24/2022 0:00,20.1,96,0,5
8/24/2022 1:00,19.4,96,0,4
8/24/2022 2:00,19.3,96,0,7
8/24/2022 3:00,19.1,97,0,6
8/24/2022 4:00,19.1,96,0,6
8/24/2022 5:00,18.9,94,0,5
8/24/2022 6:00,19.4,95,0,1
8/24/2022 7:00,20.9,86,0,0
8/24/2022 8:00,22,82,0,5
8/24/2022 9:00,23.6,79,0,6
8/24/2022 10:00,24.6,71,0,4
8/24/2022 11:00,24.6,65,0,6
8/24/2022 12:00,25.8,68,0,8
8/24/2022 13:00,26.2,61,0,9
8/24/2022 14:00,26.5,64,0,6
8/24/2022 15:00,26.4,63,0,0
8/24/2022 16:00,27.1,53,0,4
8/24/2022 17:00,27,55,0,4
8/24/2022 18:00,25.6,53,0,2
8/24/2022 19:00,23.5,69,0,1
8/24/2022 20:00,24.4,61,0,3
8/24/2022 21:00,23.3,65,0,3
8/24/2022 22:00,22.3,71,0,4
8/24/2022 23:00,22.7,68,0,11
8/25/2022 0:00,20.7,75,0,9
8/25/2022 1:00,20.1,65,0,11
8/25/2022 2:00,19.9,62,0,8
8/25/2022 3:00,19.1,61,0,9
8/25/2022 4:00,18.8,58,0,8
8/25/2022 5:00,18.4,60,0,9
8/25/2022 6:00,18,67,0,7
8/25/2022 7:00,18.1,67,0,9
8/25/2022 8:00,18.7,67,0,11
8/25/2022 9:00,19.5,64,0,8
8/25/2022 10:00,20.5,61,0,7
8/25/2022 11:00,21.7,52,0,6
8/25/2022 12:00,21.9,37,0,10
8/25/2022 13:00,22.7,45,0,7
8/25/2022 14:00,22.9,42,0,2
8/25/2022 15:00,22.5,43,0,6
8/25/2022 16:00,22.8,45,0,2
8/25/2022 17:00,21.9,48,0,3
8/25/2022 18:00,21.4,48,0,5
8/25/2022 19:00,20.9,53,0,4
8/25/2022 20:00,20.2,59,0,2
8/25/2022 21:00,19.8,60,0,1
8/25/2022 22:00,20.3,56,0,3
8/25/2022 23:00,19.7,57,0,5
8/26/2022 0:00,19.8,57,0,4
8/26/2022 1:00,19,63,0,1
8/26/2022 2:00,19.2,60,0,3
8/26/2022 3:00,18.8,66,0,5
8/26/2022 4:00,17.9,76,0,6
8/26/2022 5:00,17.8,67,0,7
8/26/2022 6:00,17.2,74,0,7
8/26/2022 7:00,17.3,76,0,7
8/26/2022 8:00,18,72,0,6
8/26/2022 9:00,19.1,67,0,9
8/26/2022 10:00,20.2,68,0,6
8/26/2022 11:00,20.1,71,0,6
8/26/2022 12:00,17.6,87,0,12
8/26/2022 13:00,19.1,80,0,7
8/26/2022 14:00,19.1,77,0,6
8/26/2022 15:00,19.6,79,0,9
8/26/2022 16:00,19.1,81,0,7
8/26/2022 17:00,18.1,84,0,9
8/26/2022 18:00,17.1,88,0,12
8/26/2022 19:00,17,85,0,12
8/26/2022 20:00,17.4,81,0,9
8/26/2022 21:00,17.6,79,0,7
8/26/2022 22:00,17.2,83,0,7
8/26/2022 23:00,17.1,83,0,8
8/27/2022 0:00,16.7,86,0,7
8/27/2022 1:00,16.8,88,0,5
8/27/2022 2:00,16.5,84,0,6
8/27/2022 3:00,16.3,87,0,3
8/27/2022 4:00,15.8,93,0,2
8/27/2022 5:00,16,92,0,2
8/27/2022 6:00,16,89,0,3
8/27/2022 7:00,16.3,87,0,6
8/27/2022 8:00,16.2,86,0,4
8/27/2022 9:00,16,89,0,6
8/27/2022 10:00,16.5,87,0.4,5
8/27/2022 11:00,17.4,79,0,3
8/27/2022 12:00,16.9,83,0,11
8/27/2022 13:00,18.4,76,0,5
8/27/2022 14:00,20.9,68,0,6
8/27/2022 15:00,20.8,58,0,5
8/27/2022 16:00,21.4,57,0,0
8/27/2022 17:00,20.7,62,0,2
8/27/2022 18:00,18.7,71,0,2
8/27/2022 19:00,17.7,75,0,4
8/27/2022 20:00,17.5,76,0,3
8/27/2022 21:00,17.6,79,0,3
8/27/2022 22:00,17.1,81,0,2
8/27/2022 23:00,16.8,82,0,2
8/28/2022 0:00,16.8,81,0,4
8/28/2022 1:00,16,85,0,3
8/28/2022 2:00,16.3,87,0,4
8/28/2022 3:00,15.8,90,0,3
8/28/2022 4:00,15,94,0,1
8/28/2022 5:00,15,96,0,3
8/28/2022 6:00,15.9,95,0,3
8/28/2022 7:00,18.7,83,0.3,2
8/28/2022 8:00,19.1,79,0,6
8/28/2022 9:00,20.4,70,0,6
8/28/2022 10:00,22.6,68,0,5
8/28/2022 11:00,23.3,56,0,4
8/28/2022 12:00,24.9,59,0,4
8/28/2022 13:00,24.6,53,0,6
8/28/2022 14:00,26.2,49,0,6
8/28/2022 15:00,25.7,44,0,5
8/28/2022 16:00,26.1,44,0,7
8/28/2022 17:00,25.5,52,0,3
8/28/2022 18:00,24.3,58,0,4
8/28/2022 19:00,22.7,67,0,2
8/28/2022 20:00,21.8,74,0,2
8/28/2022 21:00,22.4,71,0,3
8/28/2022 22:00,22.1,70,0,5
8/28/2022 23:00,21.2,72,0,5
8/29/2022 0:00,20.7,75,0,4
8/29/2022 1:00,20.2,80,0,4
8/29/2022 2:00,20.7,79,0,2
8/29/2022 3:00,20.7,78,0,4
8/29/2022 4:00,20.6,82,0,6
8/29/2022 5:00,20.3,89,0,5
8/29/2022 6:00,20.6,90,0,5
8/29/2022 7:00,21.9,84,0,4
8/29/2022 8:00,24.4,74,0,5
8/29/2022 9:00,26.2,70,0,0
8/29/2022 10:00,27.7,66,0,7
8/29/2022 11:00,28.4,66,0,5
8/29/2022 12:00,29.3,66,0,7
8/29/2022 13:00,29.7,65,0,8
8/29/2022 14:00,29.6,64,0,10
8/29/2022 15:00,29.8,64,0,9
8/29/2022 16:00,30.6,63,0,7
8/29/2022 17:00,29.7,63,0,7
8/29/2022 18:00,28.2,69,0,5
8/29/2022 19:00,27.5,72,0,6
8/29/2022 20:00,27.2,72,0,3
8/29/2022 21:00,25.1,84,0,9
8/29/2022 22:00,22.8,94,2.3,6
8/29/2022 23:00,22.6,96,3.1,7
8/30/2022 0:00,22.7,95,0,7
8/30/2022 1:00,22.4,94,0,7
8/30/2022 2:00,22.8,90,0,7
8/30/2022 3:00,22.5,90,0,7
8/30/2022 4:00,21.9,94,0,4
8/30/2022 5:00,22.2,92,0,5
8/30/2022 6:00,22.8,88,0,5
8/30/2022 7:00,23.4,87,0,7
8/30/2022 8:00,25.1,82,0,5
8/30/2022 9:00,25.4,75,0,6
8/30/2022 10:00,26.8,69,0,9
8/30/2022 11:00,28.3,64,0,8
8/30/2022 12:00,29.1,57,0,8
8/30/2022 13:00,28.9,60,0,5
8/30/2022 14:00,28.8,57,0,4
8/30/2022 15:00,27.9,63,0,4
8/30/2022 16:00,26.4,66,0,6
8/30/2022 17:00,25.4,69,0,3
8/30/2022 18:00,22.5,94,3.3,5
8/30/2022 19:00,20.6,91,1.6,2
8/30/2022 20:00,19.7,95,5.2,5
8/30/2022 21:00,19,96,3.4,5
8/30/2022 22:00,19,97,0.9,6
8/30/2022 23:00,18.7,96,0.3,7
8/31/2022 0:00,18.8,97,0,7
8/31/2022 1:00,18.7,96,0,6
8/31/2022 2:00,18.9,96,0,4
8/31/2022 3:00,19.1,95,0,3
8/31/2022 4:00,19.2,94,0,7
8/31/2022 5:00,19.4,94,0.8,6
8/31/2022 6:00,18.7,90,0,5
8/31/2022 7:00,18.8,87,0,4
8/31/2022 8:00,20.7,76,0,8
8/31/2022 9:00,19.2,78,0,9
8/31/2022 10:00,19,76,0,6
8/31/2022 11:00,20.5,67,0,7
8/31/2022 12:00,21.7,51,0,5
8/31/2022 13:00,22,47,0,8
8/31/2022 14:00,22.1,54,0,6
8/31/2022 15:00,22.8,51,0,8
8/31/2022 16:00,21.9,54,0,6
8/31/2022 17:00,22.2,52,0,8
8/31/2022 18:00,20.6,51,0,10
8/31/2022 19:00,19.4,61,0,7
8/31/2022 20:00,17.3,74,0,3
8/31/2022 21:00,17,77,0,4
8/31/2022 22:00,16.6,78,0,3
8/31/2022 23:00,16.3,81,0,6
9/1/2022 0:00,16,89,0,3
9/1/2022 1:00,15.6,92,0,2
9/1/2022 2:00,15.5,86,0,2
9/1/2022 3:00,14.5,77,0,4
9/1/2022 4:00,13.7,85,0.2,2
9/1/2022 5:00,13.6,84,0,3
9/1/2022 6:00,13.1,83,0,3
9/1/2022 7:00,13.8,76,0,6
9/1/2022 8:00,14.6,68,0,6
9/1/2022 9:00,15.4,69,0,7
9/1/2022 10:00,15.4,59,0,5
9/1/2022 11:00,15.4,58,0,7
9/1/2022 12:00,16,53,0,7
9/1/2022 13:00,16.3,50,0,7
9/1/2022 14:00,16.4,53,0,5
9/1/2022 15:00,15.6,54,0,8
9/1/2022 16:00,15.7,56,0,7
9/1/2022 17:00,15.6,55,0,5
9/1/2022 18:00,15.4,55,0,3
9/1/2022 19:00,14.5,60,0,1
9/1/2022 20:00,12.6,75,0,1
9/1/2022 21:00,11.9,81,0,2
9/1/2022 22:00,12.8,77,0,3
9/1/2022 23:00,12.8,77,0,3
9/2/2022 0:00,12.7,79,0,4
9/2/2022 1:00,13.2,73,0,4
9/2/2022 2:00,12,81,0,4
9/2/2022 3:00,12.3,77,0,4
9/2/2022 4:00,12.3,78,0,6
9/2/2022 5:00,11.9,82,0,4
9/2/2022 6:00,12.9,79,0,5
9/2/2022 7:00,15.2,74,0,4
9/2/2022 8:00,17.7,63,0,5
9/2/2022 9:00,18.7,62,0,7
9/2/2022 10:00,19.7,57,0,9
9/2/2022 11:00,21.5,53,0,7
9/2/2022 12:00,22.9,51,0,8
9/2/2022 13:00,24.3,52,0,2
9/2/2022 14:00,24.5,52,0,0
9/2/2022 15:00,23.9,50,0,1
9/2/2022 16:00,24,49,0,0
9/2/2022 17:00,23.1,51,0,5
9/2/2022 18:00,22.2,56,0,8
9/2/2022 19:00,21.5,59,0,4
9/2/2022 20:00,21.2,59,0,5
9/2/2022 21:00,20,65,0,2
9/2/2022 22:00,20,66,0,6
9/2/2022 23:00,18.9,71,0,4
9/3/2022 0:00,18.6,73,0,3
9/3/2022 1:00,18.5,73,0,6
9/3/2022 2:00,17.9,79,0,4
9/3/2022 3:00,17.7,80,0,4
9/3/2022 4:00,17.4,80,0,4
9/3/2022 5:00,17.2,81,0,6
9/3/2022 6:00,17.4,83,0,6
9/3/2022 7:00,19.4,75,0,6
9/3/2022 8:00,21.1,64,0,7
9/3/2022 9:00,22.6,64,0,7
9/3/2022 10:00,22.9,61,0,7
9/3/2022 11:00,23.8,56,0,7
9/3/2022 12:00,25.6,57,0,10
9/3/2022 13:00,26.2,56,0,7
9/3/2022 14:00,27,51,0,9
9/3/2022 15:00,26.9,51,0,10
9/3/2022 16:00,27.1,53,0,8
9/3/2022 17:00,26.3,55,0,6
9/3/2022 18:00,25.3,60,0,5
9/3/2022 19:00,24.2,65,0,4
9/3/2022 20:00,24.1,64,0,5
9/3/2022 21:00,24,66,0,5
9/3/2022 22:00,20.4,86,0.6,8
9/3/2022 23:00,20.5,86,0,7
9/4/2022 0:00,20.2,89,0,4
9/4/2022 1:00,20.2,91,0,3
9/4/2022 2:00,20.1,92,0,4
9/4/2022 3:00,17.6,86,0,11
9/4/2022 4:00,15.2,83,0,15
9/4/2022 5:00,14.2,80,0,17
9/4/2022 6:00,13,90,3.3,12
9/4/2022 7:00,13.4,85,0.8,9
9/4/2022 8:00,13.5,84,0,9
9/4/2022 9:00,13.6,84,0,10
9/4/2022 10:00,13.8,77,0,10
9/4/2022 11:00,13.9,72,0,11
9/4/2022 12:00,15,69,0,7
9/4/2022 13:00,15.7,63,0,7
9/4/2022 14:00,17.1,64,0,6
9/4/2022 15:00,18.4,59,0,6
9/4/2022 16:00,18.9,54,0,7
9/4/2022 17:00,18.7,56,0,4
9/4/2022 18:00,17.7,61,0,5
9/4/2022 19:00,17.3,64,0,5
9/4/2022 20:00,16.9,66,0,8
9/4/2022 21:00,15.5,72,0,9
9/4/2022 22:00,14.4,75,0,7
9/4/2022 23:00,13.5,78,0,8
9/5/2022 0:00,12.6,80,0,9
9/5/2022 1:00,12,81,0,12
9/5/2022 2:00,11.7,82,0,11
9/5/2022 3:00,11.6,84,0,11
9/5/2022 4:00,11.9,86,0,11
9/5/2022 5:00,12.4,87,0,10
9/5/2022 6:00,12.3,89,0,11
9/5/2022 7:00,13.3,80,0,10
9/5/2022 8:00,14,74,0,11
9/5/2022 9:00,14.1,74,0,12
9/5/2022 10:00,14.8,72,0,9
9/5/2022 11:00,16.3,66,0,8
9/5/2022 12:00,17.3,67,0,8
9/5/2022 13:00,18.6,65,0,6
9/5/2022 14:00,18.9,68,0,7
9/5/2022 15:00,18.5,67,0,5
9/5/2022 16:00,19.1,67,0,6
9/5/2022 17:00,19,69,0,4
9/5/2022 18:00,18.2,73,0,6
9/5/2022 19:00,17.3,77,0,8
9/5/2022 20:00,16.4,84,0,6
9/5/2022 21:00,16.2,84,0,7
9/5/2022 22:00,15.9,81,0,7
9/5/2022 23:00,15.4,81,0,9
9/6/2022 0:00,14.6,84,0,9
9/6/2022 1:00,13.8,86,0,9
9/6/2022 2:00,13.2,87,0,9
9/6/2022 3:00,13,87,0,10
9/6/2022 4:00,12.9,87,0,15
9/6/2022 5:00,12.7,86,0,12
9/6/2022 6:00,12.6,86,0,14
9/6/2022 7:00,12.9,86,0,10
9/6/2022 8:00,13.8,84,0,9
9/6/2022 9:00,14.6,84,0,11
9/6/2022 10:00,15.9,81,0,11
9/6/2022 11:00,17,79,0,8
9/6/2022 12:00,18.8,74,0,8
9/6/2022 13:00,19.6,73,0,9
9/6/2022 14:00,20.6,70,0,7
9/6/2022 15:00,20.4,71,0,7
9/6/2022 16:00,20.7,71,0,7
9/6/2022 17:00,20.5,73,0,5
9/6/2022 18:00,20.3,74,0,7
9/6/2022 19:00,20.2,74,0,9
9/6/2022 20:00,19.7,76,0,6
9/6/2022 21:00,19.4,78,0,5
9/6/2022 22:00,19.1,81,0,5
9/6/2022 23:00,18,85,0,6
9/7/2022 0:00,17.8,87,0,6
9/7/2022 1:00,17.8,87,0,5
9/7/2022 2:00,17.4,89,0,6
9/7/2022 3:00,16.5,94,0,6
9/7/2022 4:00,15.5,95,0,7
9/7/2022 5:00,15,96,0,8
9/7/2022 6:00,14.7,99,0,7
9/7/2022 7:00,14.8,100,0,7
9/7/2022 8:00,16.8,89,0,4
9/7/2022 9:00,18.6,79,0,4
9/7/2022 10:00,21.1,70,0,5
9/7/2022 11:00,21.4,59,0,5
9/7/2022 12:00,23.5,54,0,4
9/7/2022 13:00,23.4,54,0,3
9/7/2022 14:00,23.6,47,0,5
9/7/2022 15:00,25.1,45,0,0
9/7/2022 16:00,24.6,37,0,1
9/7/2022 17:00,22.5,47,0,0
9/7/2022 18:00,20.2,59,0,4
9/7/2022 19:00,19.9,71,0,4
9/7/2022 20:00,19.6,74,0,3
9/7/2022 21:00,19.1,76,0,2
9/7/2022 22:00,18.7,78,0,3
9/7/2022 23:00,18.4,79,0,3
9/8/2022 0:00,19.9,70,0,5
9/8/2022 1:00,19.3,72,0,4
9/8/2022 2:00,18.7,73,0,5
9/8/2022 3:00,17.5,87,0,5
9/8/2022 4:00,16.1,88,0,2
9/8/2022 5:00,17,89,0,3
9/8/2022 6:00,16.5,94,0,5
9/8/2022 7:00,18.7,86,0,4
9/8/2022 8:00,20.4,76,0,3
9/8/2022 9:00,22.6,72,0,5
9/8/2022 10:00,23.1,64,0,6
9/8/2022 11:00,24.9,57,0,0
9/8/2022 12:00,25.3,54,0,0
9/8/2022 13:00,26.7,48,0,3
9/8/2022 14:00,27.2,47,0,3
9/8/2022 15:00,27.2,46,0,6
9/8/2022 16:00,27.1,45,0,3
9/8/2022 17:00,25,53,0,2
9/8/2022 18:00,23.5,59,0,3
9/8/2022 19:00,22.5,61,0,3
9/8/2022 20:00,22.1,63,0,2
9/8/2022 21:00,22.2,61,0,4
9/8/2022 22:00,21.4,63,0,5
9/8/2022 23:00,21.5,63,0,7
9/9/2022 0:00,21.4,63,0,6
9/9/2022 1:00,20.5,66,0,6
9/9/2022 2:00,19.9,76,0,5
9/9/2022 3:00,19.2,75,0,5
9/9/2022 4:00,19,80,0,5
9/9/2022 5:00,18.8,84,0,4
9/9/2022 6:00,18.3,88,0,3
9/9/2022 7:00,19.4,84,0,4
9/9/2022 8:00,20.6,80,0,4
9/9/2022 9:00,22.8,71,0,3
9/9/2022 10:00,24.5,65,0,7
9/9/2022 11:00,24.7,61,0,5
9/9/2022 12:00,25.6,53,0,5
9/9/2022 13:00,27,52,0,6
9/9/2022 14:00,26.8,46,0,5
9/9/2022 15:00,26.3,44,0,5
9/9/2022 16:00,26.4,48,0,4
9/9/2022 17:00,24.7,53,0,3
9/9/2022 18:00,22.3,66,0,3
9/9/2022 19:00,21.2,69,0,2
9/9/2022 20:00,21.2,74,0,2
9/9/2022 21:00,20.5,81,0,2
9/9/2022 22:00,20.6,78,0,2
9/9/2022 23:00,20.4,78,0,2
9/10/2022 0:00,20.2,79,0,2
9/10/2022 1:00,19.3,82,0,0
9/10/2022 2:00,19.6,83,0,3
9/10/2022 3:00,19.9,82,0,2
9/10/2022 4:00,20.4,82,0,6
9/10/2022 5:00,18.7,91,0,1
9/10/2022 6:00,18.1,96,0,1
9/10/2022 7:00,19.9,88,0,5
9/10/2022 8:00,22.1,78,0,5
9/10/2022 9:00,23.8,70,0,6
9/10/2022 10:00,24.7,56,0,0
9/10/2022 11:00,25.4,55,0,0
9/10/2022 12:00,26.4,54,0,8
9/10/2022 13:00,27.8,52,0,5
9/10/2022 14:00,27.9,51,0,4
9/10/2022 15:00,28.5,47,0,7
9/10/2022 16:00,28.7,48,0,4
9/10/2022 17:00,25.8,55,0,3
9/10/2022 18:00,24.2,63,0,2
9/10/2022 19:00,24.3,66,0,4
9/10/2022 20:00,23.5,64,0,4
9/10/2022 21:00,22.4,67,0,2
9/10/2022 22:00,21.6,71,0,1
9/10/2022 23:00,23.1,67,0,6
9/11/2022 0:00,22.4,66,0,5
9/11/2022 1:00,22.3,60,0,5
9/11/2022 2:00,21.8,58,0,6
9/11/2022 3:00,20.4,74,0,4
9/11/2022 4:00,19.1,77,0,3
9/11/2022 5:00,19.2,94,0,4
9/11/2022 6:00,19.3,86,0,7
9/11/2022 7:00,21.8,70,0,2
9/11/2022 8:00,24.2,57,0,3
9/11/2022 9:00,25.3,56,0,5
9/11/2022 10:00,25.9,45,0,8
9/11/2022 11:00,26.5,46,0,6
9/11/2022 12:00,27,46,0,6
9/11/2022 13:00,27.8,43,0,6
9/11/2022 14:00,28.4,43,0,6
9/11/2022 15:00,28.1,45,0,8
9/11/2022 16:00,27.1,45,0,5
9/11/2022 17:00,25.9,54,0,1
9/11/2022 18:00,24.9,57,0,8
9/11/2022 19:00,24.3,55,0,2
9/11/2022 20:00,23.2,63,0,5
9/11/2022 21:00,22.4,69,0,5
9/11/2022 22:00,20.5,76,0,5
9/11/2022 23:00,19.4,84,0.3,3
9/12/2022 0:00,19.5,88,0,3
9/12/2022 1:00,19.1,86,0,2
9/12/2022 2:00,19.2,87,0,3
9/12/2022 3:00,19.4,81,0,7
9/12/2022 4:00,19.5,83,0,2
9/12/2022 5:00,19.2,79,0,2
9/12/2022 6:00,18.8,83,0,3
9/12/2022 7:00,20.5,76,0.2,4
9/12/2022 8:00,21.3,73,0,2
9/12/2022 9:00,21.9,73,0,6
9/12/2022 10:00,23,66,0,8
9/12/2022 11:00,25.2,61,0,2
9/12/2022 12:00,25.2,53,0,6
9/12/2022 13:00,26.3,49,0,0
9/12/2022 14:00,26.5,48,0,0
9/12/2022 15:00,26.6,51,0,4
9/12/2022 16:00,26.6,53,0,5
9/12/2022 17:00,25.8,51,0,2
9/12/2022 18:00,23.2,64,0,1
9/12/2022 19:00,24.5,61,0,4
9/12/2022 20:00,22.2,69,0,0
9/12/2022 21:00,21.8,73,0,2
9/12/2022 22:00,22.7,66,0,2
9/12/2022 23:00,22.6,65,0,1
9/13/2022 0:00,22.2,68,0,2
9/13/2022 1:00,22.1,68,0,2
9/13/2022 2:00,21.8,72,0,1
9/13/2022 3:00,21.4,71,0,3
9/13/2022 4:00,20.9,76,0,2
9/13/2022 5:00,20.9,78,0,4
9/13/2022 6:00,20.9,82,0,0
9/13/2022 7:00,21.2,84,0,5
9/13/2022 8:00,21.5,83,0,4
9/13/2022 9:00,22.4,83,0,6
9/13/2022 10:00,22.9,78,0,5
9/13/2022 11:00,21.4,88,0,4
9/13/2022 12:00,20.4,95,3.3,5
9/13/2022 13:00,20.9,97,5,3
9/13/2022 14:00,21,96,2.3,5
9/13/2022 15:00,20.8,97,4.6,6
9/13/2022 16:00,20,96,1.1,8
9/13/2022 17:00,19.1,99,39.5,11
9/13/2022 18:00,17.9,93,3.7,6
9/13/2022 19:00,17.5,95,1.1,5
9/13/2022 20:00,17.7,97,0.6,5
9/13/2022 21:00,17.4,96,1.3,5
9/13/2022 22:00,17.5,95,2,5
9/13/2022 23:00,17,94,0,5
9/14/2022 0:00,16.8,94,0,8
9/14/2022 1:00,16.8,94,0,8
9/14/2022 2:00,16.8,90,0,7
9/14/2022 3:00,17,92,0,7
9/14/2022 4:00,16.6,95,0.2,7
9/14/2022 5:00,16.9,96,1.3,6
9/14/2022 6:00,17.4,95,0,5
9/14/2022 7:00,18.3,92,0,6
9/14/2022 8:00,19.6,84,0,8
9/14/2022 9:00,20.6,77,0.2,9
9/14/2022 10:00,21.1,63,0,14
9/14/2022 11:00,21.5,59,0,12
9/14/2022 12:00,22.1,57,0,5
9/14/2022 13:00,21.9,59,0,3
9/14/2022 14:00,21.5,57,0,4
9/14/2022 15:00,20.7,62,0,8
9/14/2022 16:00,18.4,69,0,14
9/14/2022 17:00,17.3,65,0,12
9/14/2022 18:00,17,62,0,12
9/14/2022 19:00,16.2,65,0,11
9/14/2022 20:00,14.1,56,0,17
9/14/2022 21:00,13.1,58,0,13
9/14/2022 22:00,12.5,62,0,8
9/14/2022 23:00,11.9,64,0,3
9/15/2022 0:00,11.8,68,0,5
9/15/2022 1:00,10.8,73,0,9
9/15/2022 2:00,10.4,74,0,7
9/15/2022 3:00,10,76,0,8
9/15/2022 4:00,9.5,77,0,8
9/15/2022 5:00,9.1,80,0,4
9/15/2022 6:00,9.3,78,0,5
9/15/2022 7:00,10.2,72,0,9
9/15/2022 8:00,10.8,69,0,13
9/15/2022 9:00,10.7,63,0,13
9/15/2022 10:00,11.9,56,0,13
9/15/2022 11:00,13.5,52,0,7
9/15/2022 12:00,14.5,45,0,9
9/15/2022 13:00,15.9,40,0,6
9/15/2022 14:00,16.2,41,0,8
9/15/2022 15:00,16.8,44,0,7
9/15/2022 16:00,16.4,39,0,6
9/15/2022 17:00,15.4,41,0,6
9/15/2022 18:00,14.7,46,0,3
9/15/2022 19:00,13.8,49,0,6
9/15/2022 20:00,13.2,52,0,2
9/15/2022 21:00,12.7,55,0,3
9/15/2022 22:00,13,57,0,4
9/15/2022 23:00,13,58,0,3
9/16/2022 0:00,13,58,0,3
9/16/2022 1:00,12.9,59,0,2
9/16/2022 2:00,12.7,60,0,1
9/16/2022 3:00,12.4,63,0,1
9/16/2022 4:00,12.2,66,0,5
9/16/2022 5:00,12,67,0,2
9/16/2022 6:00,11.9,69,0,5
9/16/2022 7:00,12.5,63,0,7
9/16/2022 8:00,13.1,58,0,11
9/16/2022 9:00,13.7,55,0,13
9/16/2022 10:00,14.2,53,0,14
9/16/2022 11:00,13.4,53,0,11
9/16/2022 12:00,15.2,52,0,9
9/16/2022 13:00,16.4,49,0,5
9/16/2022 14:00,16.7,46,0,5
9/16/2022 15:00,16.6,50,0,7
9/16/2022 16:00,16.6,51,0,3
9/16/2022 17:00,15.7,60,0,3
9/16/2022 18:00,14.1,65,0,4
9/16/2022 19:00,14.7,57,0,4
9/16/2022 20:00,13.4,63,0,4
9/16/2022 21:00,13.6,59,0,7
9/16/2022 22:00,13.2,59,0,5
9/16/2022 23:00,12.2,63,0,4
9/17/2022 0:00,12,62,0,6
9/17/2022 1:00,11.4,63,0,7
9/17/2022 2:00,11.1,64,0,5
9/17/2022 3:00,10.8,65,0,5
9/17/2022 4:00,9.9,70,0,4
9/17/2022 5:00,9.1,79,0,4
9/17/2022 6:00,9.3,80,0,3
9/17/2022 7:00,11.3,72,0,3
9/17/2022 8:00,13.3,63,0,3
9/17/2022 9:00,15.2,54,0,3
9/17/2022 10:00,16.4,50,0,6
9/17/2022 11:00,16.3,52,0,7
9/17/2022 12:00,17.1,44,0,8
9/17/2022 13:00,18.2,39,0,4
9/17/2022 14:00,18.2,44,0,5
9/17/2022 15:00,18.9,42,0,4
9/17/2022 16:00,18.8,41,0,2
9/17/2022 17:00,18.1,48,0,3
9/17/2022 18:00,17.3,53,0,3
9/17/2022 19:00,17.3,54,0,4
9/17/2022 20:00,16.6,62,0,4
9/17/2022 21:00,16.5,64,0,3
9/17/2022 22:00,16.6,64,0,4
9/17/2022 23:00,16.3,66,0,3
9/18/2022 0:00,16,70,0,4
9/18/2022 1:00,15.7,75,0,3
9/18/2022 2:00,15.6,78,0,4
9/18/2022 3:00,15.6,83,0,4
9/18/2022 4:00,16,85,0,3
9/18/2022 5:00,15.6,90,0,3
9/18/2022 6:00,14.2,83,0,7
9/18/2022 7:00,14.2,91,0,9
9/18/2022 8:00,13.7,89,0,13
9/18/2022 9:00,12.2,97,0,11
9/18/2022 10:00,12.3,94,0,8
9/18/2022 11:00,12.8,92,0,11
9/18/2022 12:00,13.3,90,0,8
9/18/2022 13:00,12.7,93,0.4,6
9/18/2022 14:00,12.5,96,2.2,8
9/18/2022 15:00,12.6,98,4.2,7
9/18/2022 16:00,12.6,98,4.6,9
9/18/2022 17:00,12.7,97,7.7,9
9/18/2022 18:00,12.6,98,3.8,6
9/18/2022 19:00,12.6,97,0.6,9
9/18/2022 20:00,12.6,96,0,10
9/18/2022 21:00,12.6,93,0,9
9/18/2022 22:00,12.8,91,0,8
9/18/2022 23:00,13,86,0,7
9/19/2022 0:00,12.9,78,0,7
9/19/2022 1:00,12,78,0,8
9/19/2022 2:00,11.3,84,0,8
9/19/2022 3:00,11.3,86,0,5
9/19/2022 4:00,11.3,87,0,7
9/19/2022 5:00,10.2,92,2,11
9/19/2022 6:00,10.2,94,0.4,7
9/19/2022 7:00,10.4,94,0,7
9/19/2022 8:00,10.4,95,0,9
9/19/2022 9:00,10.6,98,4.8,9
9/19/2022 10:00,11.1,98,1.1,9
9/19/2022 11:00,11.3,97,0,6
9/19/2022 12:00,11.5,97,0.6,10
9/19/2022 13:00,11.9,97,0,10
9/19/2022 14:00,11.8,97,0,6
9/19/2022 15:00,11.9,99,3,6
9/19/2022 16:00,12,99,0,10
9/19/2022 17:00,12.5,100,12.7,7
9/19/2022 18:00,12.6,99,0,10
9/19/2022 19:00,13,99,0.2,8
9/19/2022 20:00,12.5,99,0,10
9/19/2022 21:00,12.3,99,0,9
9/19/2022 22:00,12.2,100,0,9
9/19/2022 23:00,11.8,99,0.3,10
9/20/2022 0:00,11.2,99,0,11
9/20/2022 1:00,10.8,99,0,11
9/20/2022 2:00,11,100,0,9
9/20/2022 3:00,11,100,0,7
9/20/2022 4:00,11.1,100,0,7
9/20/2022 5:00,11.2,100,0,8
9/20/2022 6:00,11.3,100,0,6
9/20/2022 7:00,11.4,100,0,5
9/20/2022 8:00,11.5,99,0,11
9/20/2022 9:00,11.8,98,0,9
9/20/2022 10:00,12.4,95,0,8
9/20/2022 11:00,12.3,95,0,10
9/20/2022 12:00,12.5,95,0,9
9/20/2022 13:00,12.9,96,0,8
9/20/2022 14:00,13.6,89,0,10
9/20/2022 15:00,14.2,86,0,13
9/20/2022 16:00,14.1,86,0,12
9/20/2022 17:00,13.5,92,0,9
9/20/2022 18:00,13.2,95,0,10
9/20/2022 19:00,12.7,98,0.2,9
9/20/2022 20:00,12.6,97,0,8
9/20/2022 21:00,12.4,97,0,8
9/20/2022 22:00,12.2,95,0,6
9/20/2022 23:00,11.7,97,0,9
9/21/2022 0:00,11.8,96,0,7
9/21/2022 1:00,11.6,97,0,7
9/21/2022 2:00,11.6,96,0,6
9/21/2022 3:00,11.4,96,0,3
9/21/2022 4:00,11.6,96,0,3
9/21/2022 5:00,11.6,95,0,1
9/21/2022 6:00,11.7,92,0,4
9/21/2022 7:00,12,88,0,4
9/21/2022 8:00,13,87,0,4
9/21/2022 9:00,13.2,84,0,5
9/21/2022 10:00,14.5,83,0,5
9/21/2022 11:00,14.8,82,0,4
9/21/2022 12:00,15.3,81,0,7
9/21/2022 13:00,15.9,77,0,7
9/21/2022 14:00,16.4,80,0,6
9/21/2022 15:00,17.9,77,0,5
9/21/2022 16:00,17.7,76,0,6
9/21/2022 17:00,17.4,79,0,9
9/21/2022 18:00,17.3,83,0,7
9/21/2022 19:00,17.7,85,0,5
9/21/2022 20:00,18.1,85,0,6
9/21/2022 21:00,17.6,87,0,7
9/21/2022 22:00,17.6,87,0,7
9/21/2022 23:00,17.7,88,0,7
9/22/2022 0:00,18,87,0,5
9/22/2022 1:00,18.2,96,2.2,5
9/22/2022 2:00,17.9,98,0,6
9/22/2022 3:00,18.1,96,0.5,5
9/22/2022 4:00,17.4,96,0,8
9/22/2022 5:00,16.9,94,0.2,5
9/22/2022 6:00,15.9,93,0,4
9/22/2022 7:00,15.5,93,0,6
9/22/2022 8:00,15.5,87,0,5
9/22/2022 9:00,16.5,79,0,5
9/22/2022 10:00,17.2,68,0,6
9/22/2022 11:00,18.7,61,0,6
9/22/2022 12:00,14.6,81,0,8
9/22/2022 13:00,15.2,74,0,11
9/22/2022 14:00,15.9,64,0,13
9/22/2022 15:00,14.9,64,0,11
9/22/2022 16:00,14.5,59,0,10
9/22/2022 17:00,13.9,57,0,14
9/22/2022 18:00,12.9,61,0,9
9/22/2022 19:00,12,66,0,15
9/22/2022 20:00,11,62,0,14
9/22/2022 21:00,10.2,64,0,10
9/22/2022 22:00,9.7,66,0,6
9/22/2022 23:00,9.4,68,0,7
9/23/2022 0:00,8.9,71,0,6
9/23/2022 1:00,9,67,0.3,8
9/23/2022 2:00,8.4,65,0,9
9/23/2022 3:00,7.5,65,0,8
9/23/2022 4:00,6.6,69,0,4
9/23/2022 5:00,6.3,69,0,4
9/23/2022 6:00,6,77,0,3
9/23/2022 7:00,6.3,70,0,8
9/23/2022 8:00,7,62,0,10
9/23/2022 9:00,7.4,60,0,12
9/23/2022 10:00,8.8,57,0,12
9/23/2022 11:00,9.8,52,0,9
9/23/2022 12:00,11,50,0,13
9/23/2022 13:00,12.2,45,0,9
9/23/2022 14:00,13.2,49,0,8
9/23/2022 15:00,13,44,0,7
9/23/2022 16:00,12.9,42,0,10
9/23/2022 17:00,11.8,47,0,8
9/23/2022 18:00,11.1,53,0,6
9/23/2022 19:00,10.2,56,0,4
9/23/2022 20:00,9.6,59,0,5
9/23/2022 21:00,9.2,63,0,3
9/23/2022 22:00,8.9,65,0,4
9/23/2022 23:00,8.5,66,0,6
9/24/2022 0:00,8.2,67,0,8
9/24/2022 1:00,8.4,67,0,6
9/24/2022 2:00,8.2,68,0,8
9/24/2022 3:00,8.1,69,0,8
9/24/2022 4:00,8.8,65,0,6
9/24/2022 5:00,7.8,79,0,11
9/24/2022 6:00,7.3,84,0,7
9/24/2022 7:00,8.8,74,0,7
9/24/2022 8:00,10.4,68,0,9
9/24/2022 9:00,12.1,62,0,6
9/24/2022 10:00,14.1,56,0,6
9/24/2022 11:00,16.2,52,0,5
9/24/2022 12:00,17,53,0,9
9/24/2022 13:00,17.8,48,0,1
9/24/2022 14:00,18.3,50,0,7
9/24/2022 15:00,18.4,45,0,4
9/24/2022 16:00,18,45,0,6
9/24/2022 17:00,17.1,46,0,3
9/24/2022 18:00,16.4,48,0,3
9/24/2022 19:00,14.7,59,0,4
9/24/2022 20:00,14.6,59,0,5
9/24/2022 21:00,14.6,58,0,3
9/24/2022 22:00,13.4,64,0,3
9/24/2022 23:00,12.6,76,0,5
9/25/2022 0:00,12.2,82,0,4
9/25/2022 1:00,12.3,82,0,4
9/25/2022 2:00,12.2,84,0,9
9/25/2022 3:00,12.2,85,0,8
9/25/2022 4:00,12.1,87,0,9
9/25/2022 5:00,12.4,85,0,7
9/25/2022 6:00,12.5,85,0,8
9/25/2022 7:00,12.7,85,0,3
9/25/2022 8:00,13.1,84,0,3
9/25/2022 9:00,13.2,76,0,5
9/25/2022 10:00,15.4,69,0,7
9/25/2022 11:00,16.1,65,0,7
9/25/2022 12:00,16.6,61,0,8
9/25/2022 13:00,16.7,60,0,7
9/25/2022 14:00,16.6,61,0,7
9/25/2022 15:00,15.9,68,0,9
9/25/2022 16:00,14.9,75,0,6
9/25/2022 17:00,14.4,77,0,5
9/25/2022 18:00,13.6,83,0,6
9/25/2022 19:00,13.3,87,0,6
9/25/2022 20:00,13.3,87,0,4
9/25/2022 21:00,13.2,87,0,4
9/25/2022 22:00,13.3,87,0,4
9/25/2022 23:00,13.2,89,0,4
9/26/2022 0:00,12.8,92,0,7
9/26/2022 1:00,12.8,92,0,5
9/26/2022 2:00,12.7,94,0,6
9/26/2022 3:00,12.6,95,0,5
9/26/2022 4:00,12.2,97,0,6
9/26/2022 5:00,12.4,94,0,7
9/26/2022 6:00,12.4,94,0,3
9/26/2022 7:00,12.6,92,0,5
9/26/2022 8:00,13.2,89,0,3
9/26/2022 9:00,13.2,90,0,2
9/26/2022 10:00,13.8,89,0,4
9/26/2022 11:00,14.5,89,0,5
9/26/2022 12:00,16.6,79,0,6
9/26/2022 13:00,16.4,79,0,3
9/26/2022 14:00,17.2,74,0,4
9/26/2022 15:00,16.5,83,0,2
9/26/2022 16:00,15.5,90,0.9,5
9/26/2022 17:00,14.3,93,5.2,3
9/26/2022 18:00,14,94,0.2,2
9/26/2022 19:00,13.3,97,0,2
9/26/2022 20:00,13.2,95,0,5
9/26/2022 21:00,12.6,95,0,5
9/26/2022 22:00,12.6,93,0,4
9/26/2022 23:00,12.7,93,0.3,4
9/27/2022 0:00,12.2,93,0,3
9/27/2022 1:00,12.7,90,0,4
9/27/2022 2:00,12.4,92,0.2,2
9/27/2022 3:00,12.3,91,0.5,3
9/27/2022 4:00,12.3,92,0,4
9/27/2022 5:00,12.1,90,0,5
9/27/2022 6:00,12.1,89,0,7
9/27/2022 7:00,11.8,94,1.3,6
9/27/2022 8:00,12.3,91,0.2,5
9/27/2022 9:00,12.5,90,0.7,7
9/27/2022 10:00,12.2,97,3.5,6
9/27/2022 11:00,13.2,90,0,10
9/27/2022 12:00,13.9,91,0,7
9/27/2022 13:00,13.5,93,0.5,6
9/27/2022 14:00,13.9,93,0.6,5
9/27/2022 15:00,15.1,83,0,3
9/27/2022 16:00,15.3,79,0,4
9/27/2022 17:00,13.6,92,0,2
9/27/2022 18:00,12.6,96,0,3
9/27/2022 19:00,12.3,96,0,2
9/27/2022 20:00,11.9,96,0,1
9/27/2022 21:00,12.2,93,0,3
9/27/2022 22:00,13,89,0,3
9/27/2022 23:00,13.1,92,0,4
9/28/2022 0:00,13.4,94,0,4
9/28/2022 1:00,13.4,91,0,6
9/28/2022 2:00,13,91,0,5
9/28/2022 3:00,12.5,93,0,6
9/28/2022 4:00,12.6,89,0,7
9/28/2022 5:00,12.8,87,0,4
9/28/2022 6:00,13.2,84,0,8
9/28/2022 7:00,13.1,86,0,6
9/28/2022 8:00,13.7,83,0,9
9/28/2022 9:00,13.7,87,0,6
9/28/2022 10:00,15,71,0.3,12
9/28/2022 11:00,16.4,66,0,3
9/28/2022 12:00,15.9,67,0,9
9/28/2022 13:00,16,62,0,8
9/28/2022 14:00,16.1,59,0,9
9/28/2022 15:00,15.6,61,0,6
9/28/2022 16:00,15.2,67,0,4
9/28/2022 17:00,14.5,69,0,6
9/28/2022 18:00,14.1,69,0,6
9/28/2022 19:00,13.1,72,0,7
9/28/2022 20:00,11.9,76,0,6
9/28/2022 21:00,11.7,75,0,11
9/28/2022 22:00,11.7,69,0,8
9/28/2022 23:00,11.2,73,0,2
9/29/2022 0:00,10.7,76,0,4
9/29/2022 1:00,10.5,69,0,10
9/29/2022 2:00,10,71,0,6
9/29/2022 3:00,8.9,73,0,9
9/29/2022 4:00,7.9,77,0,7
9/29/2022 5:00,7.1,82,0,4
9/29/2022 6:00,6.7,84,0,5
9/29/2022 7:00,7.5,77,0,3
9/29/2022 8:00,8.9,71,0,7
9/29/2022 9:00,9.2,64,0,10
9/29/2022 10:00,8.9,64,0,6
9/29/2022 11:00,10.2,59,0,9
9/29/2022 12:00,10.8,56,0,12
9/29/2022 13:00,12.1,53,0,6
9/29/2022 14:00,12.8,50,0,5
9/29/2022 15:00,13.2,52,0,3
9/29/2022 16:00,13,54,0,4
9/29/2022 17:00,10.7,66,0,3
9/29/2022 18:00,9.5,75,0,3
9/29/2022 19:00,9,75,0,2
9/29/2022 20:00,9.7,69,0,1
9/29/2022 21:00,10.8,62,0,5
9/29/2022 22:00,10.4,63,0,3
9/29/2022 23:00,10,67,0,3
9/30/2022 0:00,9.6,69,0,6
9/30/2022 1:00,9.1,68,0,5
9/30/2022 2:00,7.6,75,0,1
9/30/2022 3:00,7.2,80,0,3
9/30/2022 4:00,7.2,90,0,1
9/30/2022 5:00,8.3,83,0,2
9/30/2022 6:00,7.4,83,0,2
9/30/2022 7:00,9.7,75,0,3
9/30/2022 8:00,12,67,0,3
9/30/2022 9:00,12.1,63,0,7
9/30/2022 10:00,14.4,60,0,6
9/30/2022 11:00,14.5,49,0,5
9/30/2022 12:00,16.1,49,0,6
9/30/2022 13:00,15.9,50,0,5
9/30/2022 14:00,16.5,45,0,5
9/30/2022 15:00,17,42,0,5
9/30/2022 16:00,16.2,41,0,7
9/30/2022 17:00,13.9,56,0,2
9/30/2022 18:00,12,63,0,2
9/30/2022 19:00,12.6,61,0,2
9/30/2022 20:00,12.8,64,0,1
9/30/2022 21:00,12.8,65,0,3
9/30/2022 22:00,13,62,0,3
9/30/2022 23:00,13.1,64,0,5
10/1/2022 0:00,13.1,63,0,3
10/1/2022 1:00,12.6,67,0,6
10/1/2022 2:00,12,75,0,7
10/1/2022 3:00,11.4,84,0,7
10/1/2022 4:00,10.8,83,0,3
10/1/2022 5:00,10,88,0,4
10/1/2022 6:00,10.6,83,0,5
10/1/2022 7:00,11,83,0,2
10/1/2022 8:00,12.8,70,0,1
10/1/2022 9:00,12.9,68,0,5
10/1/2022 10:00,14.4,71,0,3
10/1/2022 11:00,14.3,62,0,7
10/1/2022 12:00,15.2,58,0,3
10/1/2022 13:00,16.3,59,0,6
10/1/2022 14:00,16.4,56,0,6
10/1/2022 15:00,16.2,60,0,8
10/1/2022 16:00,16,64,0,7
10/1/2022 17:00,14.9,70,0,8
10/1/2022 18:00,13.6,71,0,8
10/1/2022 19:00,13.1,72,0,8
10/1/2022 20:00,12.5,62,0,13
10/1/2022 21:00,11.7,56,0,11
10/1/2022 22:00,10.5,60,0,13
10/1/2022 23:00,9.5,61,0,14
10/2/2022 0:00,8.5,63,0,16
10/2/2022 1:00,7.5,64,0,13
10/2/2022 2:00,6.8,66,0,10
10/2/2022 3:00,6.1,66,0,11
10/2/2022 4:00,5.7,67,0,12
10/2/2022 5:00,5.4,70,0,12
10/2/2022 6:00,5,73,0,11
10/2/2022 7:00,5.7,67,0,14
10/2/2022 8:00,6.8,62,0,10
10/2/2022 9:00,8.1,57,0,11
10/2/2022 10:00,9.4,55,0,12
10/2/2022 11:00,9.8,48,0,15
10/2/2022 12:00,10.6,43,0,14
10/2/2022 13:00,11.3,40,0,11
10/2/2022 14:00,11.7,38,0,11
10/2/2022 15:00,11.7,35,0,13
10/2/2022 16:00,11.4,35,0,10
10/2/2022 17:00,10.8,42,0,6
10/2/2022 18:00,10.1,46,0,5
10/2/2022 19:00,10,46,0,4
10/2/2022 20:00,9.1,51,0,5
10/2/2022 21:00,8.4,56,0,4
10/2/2022 22:00,6.9,62,0,4
10/2/2022 23:00,7.6,63,0,5
10/3/2022 0:00,6.5,64,0,5
10/3/2022 1:00,5.8,68,0,6
10/3/2022 2:00,5.4,70,0,7
10/3/2022 3:00,4.9,74,0,6
10/3/2022 4:00,4.6,77,0,7
10/3/2022 5:00,4.2,77,0,7
10/3/2022 6:00,4.4,82,0,8
10/3/2022 7:00,4.9,76,0,9
10/3/2022 8:00,6.7,74,0,7
10/3/2022 9:00,8.3,69,0,7
10/3/2022 10:00,9.8,57,0,6
10/3/2022 11:00,11.5,53,0,4
10/3/2022 12:00,13.3,51,0,5
10/3/2022 13:00,14.2,40,0,4
10/3/2022 14:00,14,36,0,6
10/3/2022 15:00,14.3,39,0,5
10/3/2022 16:00,12.7,47,0,5
10/3/2022 17:00,10.7,54,0,5
10/3/2022 18:00,8.8,61,0,3
10/3/2022 19:00,9.8,61,0,4
10/3/2022 20:00,9.1,62,0,4
10/3/2022 21:00,8.7,64,0,3
10/3/2022 22:00,8.1,65,0,4
10/3/2022 23:00,7.3,68,0,3
10/4/2022 0:00,6.9,72,0,2
10/4/2022 1:00,6.5,76,0,3
10/4/2022 2:00,6.3,74,0,3
10/4/2022 3:00,5.7,77,0,3
10/4/2022 4:00,5.9,88,0,3
10/4/2022 5:00,5.3,78,0,2
10/4/2022 6:00,5.5,86,0,2
10/4/2022 7:00,7,77,0,0
10/4/2022 8:00,9.9,69,0,1
10/4/2022 9:00,11.4,60,0,3
10/4/2022 10:00,12.7,54,0,5
10/4/2022 11:00,14.1,43,0,4
10/4/2022 12:00,15.4,38,0,5
10/4/2022 13:00,17.6,38,0,5
10/4/2022 14:00,17.5,26,0,3
10/4/2022 15:00,17.8,30,0,2
10/4/2022 16:00,14.6,46,0,4
10/4/2022 17:00,13.4,52,0,4
10/4/2022 18:00,11.7,58,0,3
10/4/2022 19:00,11.2,57,0.2,3
10/4/2022 20:00,10,62,0,2
10/4/2022 21:00,9.9,60,0,4
10/4/2022 22:00,10.5,61,0,4
10/4/2022 23:00,8.8,64,0,3
10/5/2022 0:00,9,64,0,3
10/5/2022 1:00,8.5,66,0,2
10/5/2022 2:00,8.5,65,0,3
10/5/2022 3:00,6.4,75,0,0
10/5/2022 4:00,7.3,73,0,2
10/5/2022 5:00,7.6,90,0,2
10/5/2022 6:00,7,81,0,3
10/5/2022 7:00,8.6,78,0.2,0
10/5/2022 8:00,12.4,61,0.3,1
10/5/2022 9:00,14.5,59,0,3
10/5/2022 10:00,16,58,0,0
10/5/2022 11:00,16.9,43,0,5
10/5/2022 12:00,18.6,43,0,1
10/5/2022 13:00,20.2,37,0,5
10/5/2022 14:00,20.2,25,0,4
10/5/2022 15:00,20.5,20,0,4
10/5/2022 16:00,17.9,40,0,2
10/5/2022 17:00,16.2,55,0,1
10/5/2022 18:00,15.8,51,0,3
10/5/2022 19:00,16.1,48,0,4
10/5/2022 20:00,15.8,48,0,3
10/5/2022 21:00,16.5,47,0,3
10/5/2022 22:00,14.9,57,0,5
10/5/2022 23:00,14,54,0,5
10/6/2022 0:00,16.3,46,0,10
10/6/2022 1:00,14.8,55,0,8
10/6/2022 2:00,14.1,65,0,10
10/6/2022 3:00,13.9,68,0,3
10/6/2022 4:00,13.4,71,0,5
10/6/2022 5:00,13.2,76,0,11
10/6/2022 6:00,12.5,79,0,7
10/6/2022 7:00,12.9,78,0,6
10/6/2022 8:00,14.1,75,0,5
10/6/2022 9:00,16.7,69,0,6
10/6/2022 10:00,17.8,65,0,3
10/6/2022 11:00,18.8,59,0,4
10/6/2022 12:00,19.8,51,0,12
10/6/2022 13:00,21.3,44,0,8
10/6/2022 14:00,22.5,41,0,6
10/6/2022 15:00,21.5,41,0,5
10/6/2022 16:00,21.6,44,0,5
10/6/2022 17:00,20.4,52,0,3
10/6/2022 18:00,19.6,57,0,3
10/6/2022 19:00,18.5,63,0,2
10/6/2022 20:00,18.7,61,0,3
10/6/2022 21:00,18.4,61,0,4
10/6/2022 22:00,17.6,60,0,4
10/6/2022 23:00,16.7,70,0,5
10/7/2022 0:00,16.4,68,0,6
10/7/2022 1:00,16,72,0,6
10/7/2022 2:00,16.1,74,0,4
10/7/2022 3:00,15.6,78,0,5
10/7/2022 4:00,15.4,79,0,5
10/7/2022 5:00,15,82,0,5
10/7/2022 6:00,14.7,82,0,6
10/7/2022 7:00,15,84,0,6
10/7/2022 8:00,15.6,84,0,5
10/7/2022 9:00,16.6,75,0,8
10/7/2022 10:00,16.4,77,0,4
10/7/2022 11:00,14.7,82,0,4
10/7/2022 12:00,13.4,81,0,9
10/7/2022 13:00,13.2,77,0,7
10/7/2022 14:00,14,64,0,6
10/7/2022 15:00,13.7,64,0,5
10/7/2022 16:00,11.6,71,0,6
10/7/2022 17:00,9.5,80,0,4
10/7/2022 18:00,8.7,68,0,13
10/7/2022 19:00,7.5,71,0,2
10/7/2022 20:00,6.8,76,0,4
10/7/2022 21:00,6.3,78,0,5
10/7/2022 22:00,6,78,0,6
10/7/2022 23:00,5,77,0,3
10/8/2022 0:00,4.3,79,0,1
10/8/2022 1:00,4,78,0,3
10/8/2022 2:00,3.2,79,0,3
10/8/2022 3:00,2.7,80,0,3
10/8/2022 4:00,2.2,79,0,2
10/8/2022 5:00,1.8,79,0,2
10/8/2022 6:00,1.8,81,0,2
10/8/2022 7:00,2.8,82,0,3
10/8/2022 8:00,4.2,64,0,5
10/8/2022 9:00,4.3,60,0,8
10/8/2022 10:00,5.8,57,0,6
10/8/2022 11:00,6.4,59,0,7
10/8/2022 12:00,6.6,58,0,9
10/8/2022 13:00,7.8,52,0,7
10/8/2022 14:00,8,55,0,6
10/8/2022 15:00,7.9,53,0,8
10/8/2022 16:00,7.7,53,0,4
10/8/2022 17:00,7.3,54,0,3
10/8/2022 18:00,7.1,56,0,5
10/8/2022 19:00,6.4,67,0,2
10/8/2022 20:00,7.4,64,0,6
10/8/2022 21:00,7.6,66,0,8
10/8/2022 22:00,8.3,65,0,7
10/8/2022 23:00,8.3,72,0,9
10/9/2022 0:00,7.6,75,0,8
10/9/2022 1:00,7.5,78,0,6
10/9/2022 2:00,8.1,76,0,8
10/9/2022 3:00,8,73,0,8
10/9/2022 4:00,7.6,78,0,6
10/9/2022 5:00,7.9,77,0,6
10/9/2022 6:00,8.9,76,0,6
10/9/2022 7:00,9.1,79,0,7
10/9/2022 8:00,8.8,84,0,5
10/9/2022 9:00,8,90,1.5,5
10/9/2022 10:00,8.3,89,0.2,7
10/9/2022 11:00,9.8,83,0,4
10/9/2022 12:00,10.2,70,0,3
10/9/2022 13:00,10,60,0,6
10/9/2022 14:00,11,50,0,4
10/9/2022 15:00,11,46,0,5
10/9/2022 16:00,10.3,46,0,7
10/9/2022 17:00,8.7,47,0,6
10/9/2022 18:00,7.6,53,0,4
10/9/2022 19:00,6.6,55,0,4
10/9/2022 20:00,5.7,57,0,3
10/9/2022 21:00,5.8,56,0,3
10/9/2022 22:00,5.7,57,0,5
10/9/2022 23:00,4.5,65,0,4
10/10/2022 0:00,4.3,68,0,5
10/10/2022 1:00,3.6,73,0,2
10/10/2022 2:00,3.4,74,0,3
10/10/2022 3:00,4.1,71,0,3
10/10/2022 4:00,4.4,73,0,1
10/10/2022 5:00,4.2,75,0,1
10/10/2022 6:00,3.2,80,0,0
10/10/2022 7:00,5.1,64,0,5
10/10/2022 8:00,5,70,0,5
10/10/2022 9:00,6.6,63,0,6
10/10/2022 10:00,8.7,53,0.2,5
10/10/2022 11:00,9.6,47,0,6
10/10/2022 12:00,10.2,49,0,5
10/10/2022 13:00,9.6,46,0,3
10/10/2022 14:00,10,47,0,5
10/10/2022 15:00,10.7,40,0,6
10/10/2022 16:00,10.3,42,0,6
10/10/2022 17:00,8.7,48,0,2
10/10/2022 18:00,6.1,64,0,2
10/10/2022 19:00,6.7,59,0,5
10/10/2022 20:00,6.2,62,0,6
10/10/2022 21:00,4.9,69,0,3
10/10/2022 22:00,5.2,68,0,3
10/10/2022 23:00,5.4,71,0,4
10/11/2022 0:00,4.7,70,0,2
10/11/2022 1:00,5.4,67,0,5
10/11/2022 2:00,4.8,66,0,4
10/11/2022 3:00,5.1,63,0,5
10/11/2022 4:00,5,65,0,5
10/11/2022 5:00,4.9,65,0,4
10/11/2022 6:00,4.9,66,0,4
10/11/2022 7:00,5.4,69,0,5
10/11/2022 8:00,7.7,63,0,7
10/11/2022 9:00,9.8,55,0,7
10/11/2022 10:00,11.4,48,0,9
10/11/2022 11:00,12.3,52,0,9
10/11/2022 12:00,13,59,0,10
10/11/2022 13:00,14.8,61,0,6
10/11/2022 14:00,15.4,49,0,8
10/11/2022 15:00,15.7,47,0,7
10/11/2022 16:00,15.2,46,0,5
10/11/2022 17:00,12.6,56,0,2
10/11/2022 18:00,10.3,65,0,2
10/11/2022 19:00,9.9,71,0,1
10/11/2022 20:00,10.3,66,0,2
10/11/2022 21:00,10.9,66,0,4
10/11/2022 22:00,10.6,67,0,3
10/11/2022 23:00,10.9,64,0,4
10/12/2022 0:00,10.5,64,0,4
10/12/2022 1:00,11,69,0,6
10/12/2022 2:00,9.6,76,0,4
10/12/2022 3:00,9.9,79,0,4
10/12/2022 4:00,9.7,82,0,4
10/12/2022 5:00,9.5,84,0,5
10/12/2022 6:00,9.8,86,0,5
10/12/2022 7:00,10.7,87,0,6
10/12/2022 8:00,12.3,80,0,6
10/12/2022 9:00,14.2,73,0,7
10/12/2022 10:00,15.8,69,0,7
10/12/2022 11:00,17.2,63,0,5
10/12/2022 12:00,18,58,0,6
10/12/2022 13:00,19.1,52,0,0
10/12/2022 14:00,18.8,54,0,6
10/12/2022 15:00,18.9,53,0,5
10/12/2022 16:00,18.7,52,0,6
10/12/2022 17:00,17.7,53,0,5
10/12/2022 18:00,17,55,0,4
10/12/2022 19:00,16.2,57,0,5
10/12/2022 20:00,16.2,58,0,6
10/12/2022 21:00,15.5,60,0,5
10/12/2022 22:00,14.7,63,0,6
10/12/2022 23:00,14.4,64,0,7
10/13/2022 0:00,14.3,63,0,6
10/13/2022 1:00,14.1,65,0,6
10/13/2022 2:00,14.3,66,0,8
10/13/2022 3:00,13.7,69,0,7
10/13/2022 4:00,14,71,0,8
10/13/2022 5:00,13.7,75,0,9
10/13/2022 6:00,13.9,78,0,9
10/13/2022 7:00,14.4,77,0,8
10/13/2022 8:00,15.6,72,0,9
10/13/2022 9:00,16.5,68,0,10
10/13/2022 10:00,17.4,64,0,11
10/13/2022 11:00,16.9,70,0,11
10/13/2022 12:00,16.1,80,0.8,11
10/13/2022 13:00,16.1,86,1.5,7
10/13/2022 14:00,17.1,82,1.2,10
10/13/2022 15:00,17.4,80,0,11
10/13/2022 16:00,17.9,76,0.2,10
10/13/2022 17:00,12.9,94,1.5,4
10/13/2022 18:00,12.7,94,0.8,4
10/13/2022 19:00,12.7,96,0.5,5
10/13/2022 20:00,12.3,96,0.2,4
10/13/2022 21:00,12.1,98,0.5,6
10/13/2022 22:00,11.6,98,2.7,6
10/13/2022 23:00,11.4,98,3.4,7
10/14/2022 0:00,11.2,97,3.3,6
10/14/2022 1:00,11,98,2.7,6
10/14/2022 2:00,10.7,97,3.5,7
10/14/2022 3:00,10.5,97,1.1,5
10/14/2022 4:00,10.4,98,2.5,7
10/14/2022 5:00,10.3,97,1.5,6
10/14/2022 6:00,10.3,97,0,6
10/14/2022 7:00,10.4,95,0,4
10/14/2022 8:00,11.1,94,0,6
10/14/2022 9:00,11.9,91,0,6
10/14/2022 10:00,12.3,87,0,7
10/14/2022 11:00,13.3,77,0,4
10/14/2022 12:00,13.7,76,0,5
10/14/2022 13:00,14.8,68,0,5
10/14/2022 14:00,15.6,62,0,0
10/14/2022 15:00,15.1,59,0,2
10/14/2022 16:00,13.7,68,0,0
10/14/2022 17:00,12.2,70,0,4
10/14/2022 18:00,11.6,77,0,3
10/14/2022 19:00,12,80,0,4
10/14/2022 20:00,11.1,88,0,2
10/14/2022 21:00,10.6,85,0,2
10/14/2022 22:00,10.3,65,0,5
10/14/2022 23:00,9.2,76,0,3
10/15/2022 0:00,9,76,0,3
10/15/2022 1:00,9.6,75,0,3
10/15/2022 2:00,8.2,84,0,0
10/15/2022 3:00,9.3,95,0,4
10/15/2022 4:00,9,94,0,5
10/15/2022 5:00,7.1,95,0,3
10/15/2022 6:00,7,100,0,2
10/15/2022 7:00,6.6,100,0,2
10/15/2022 8:00,6.9,96,0.2,5
10/15/2022 9:00,8.3,87,0.3,5
10/15/2022 10:00,10.9,80,0,4
10/15/2022 11:00,14.5,73,0,4
10/15/2022 12:00,16.4,53,0,2
10/15/2022 13:00,17.1,49,0,6
10/15/2022 14:00,17.2,40,0,14
10/15/2022 15:00,17.3,41,0,11
10/15/2022 16:00,17,46,0,8
10/15/2022 17:00,16.8,49,0,6
10/15/2022 18:00,14.8,55,0,6
10/15/2022 19:00,13.5,59,0,3
10/15/2022 20:00,13.2,56,0,5
10/15/2022 21:00,12.6,53,0,7
10/15/2022 22:00,11.7,48,0,9
10/15/2022 23:00,10.9,50,0,7
10/16/2022 0:00,10.2,50,0,4
10/16/2022 1:00,9.1,49,0,6
10/16/2022 2:00,7.5,65,0,3
10/16/2022 3:00,6.9,70,0,4
10/16/2022 4:00,6.1,72,0,3
10/16/2022 5:00,6.4,68,0,2
10/16/2022 6:00,6.7,63,0,4
10/16/2022 7:00,7.1,62,0,6
10/16/2022 8:00,9.9,53,0,5
10/16/2022 9:00,11.7,45,0,8
10/16/2022 10:00,11.7,50,0,7
10/16/2022 11:00,13.7,39,0,8
10/16/2022 12:00,13.3,40,0,6
10/16/2022 13:00,13.7,44,0,2
10/16/2022 14:00,14.2,42,0,4
10/16/2022 15:00,13.4,47,0,5
10/16/2022 16:00,13.2,48,0,2
10/16/2022 17:00,11.1,64,0,2
10/16/2022 18:00,10.8,64,0,3
10/16/2022 19:00,11,62,0,0
10/16/2022 20:00,11.7,56,0,2
10/16/2022 21:00,11.5,59,0,3
10/16/2022 22:00,11.2,56,0,4
10/16/2022 23:00,10.7,57,0,4
10/17/2022 0:00,10.2,57,0,4
10/17/2022 1:00,9.4,63,0,5
10/17/2022 2:00,8.6,69,0,3
10/17/2022 3:00,8.3,74,0,4
10/17/2022 4:00,8.3,79,0,4
10/17/2022 5:00,8.2,79,0,4
10/17/2022 6:00,8.5,78,0,5
10/17/2022 7:00,9.2,71,0,5
10/17/2022 8:00,10.3,62,0,7
10/17/2022 9:00,10.6,63,0,5
10/17/2022 10:00,11.6,62,0,5
10/17/2022 11:00,13.7,55,0,6
10/17/2022 12:00,15.5,54,0,0
10/17/2022 13:00,16.2,46,0,5
10/17/2022 14:00,15.4,51,0,4
10/17/2022 15:00,13.7,61,0,8
10/17/2022 16:00,12,80,0,3
10/17/2022 17:00,11.8,79,1,4
10/17/2022 18:00,11.4,85,0.2,3
10/17/2022 19:00,11.3,87,0,5
10/17/2022 20:00,11.1,87,0,6
10/17/2022 21:00,11.3,87,0,4
10/17/2022 22:00,10.8,87,0.3,6
10/17/2022 23:00,9.8,88,0.3,2
10/18/2022 0:00,9.2,92,0.7,1
10/18/2022 1:00,9.2,94,0.7,3
10/18/2022 2:00,8.8,92,0.3,6
10/18/2022 3:00,9,93,0,4
10/18/2022 4:00,9.1,91,0,6
10/18/2022 5:00,8.6,94,0.6,7
10/18/2022 6:00,8.2,92,0,7
10/18/2022 7:00,8.4,86,0,6
10/18/2022 8:00,8.7,88,0,4
10/18/2022 9:00,8.5,85,0,4
10/18/2022 10:00,9.2,75,0,5
10/18/2022 11:00,10.7,69,0,5
10/18/2022 12:00,10.3,66,0,4
10/18/2022 13:00,10,60,0,3
10/18/2022 14:00,11.7,56,0,3
10/18/2022 15:00,12.3,52,0,4
10/18/2022 16:00,10.6,63,0,3
10/18/2022 17:00,9.3,73,0,2
10/18/2022 18:00,9.8,72,0,1
10/18/2022 19:00,9,69,0,2
10/18/2022 20:00,7.6,75,0,5
10/18/2022 21:00,7.2,74,0,4
10/18/2022 22:00,6.5,74,0,3
10/18/2022 23:00,6.7,77,0,3
10/19/2022 0:00,7.7,69,0,6
10/19/2022 1:00,7.4,71,0,7
10/19/2022 2:00,6.9,75,0,6
10/19/2022 3:00,6.7,75,0,7
10/19/2022 4:00,5.9,78,0,2
10/19/2022 5:00,5,87,0,3
10/19/2022 6:00,6.2,84,0,4
10/19/2022 7:00,5.3,85,0,1
10/19/2022 8:00,8.5,75,0,2
10/19/2022 9:00,9,68,0,5
10/19/2022 10:00,8.7,69,0,5
10/19/2022 11:00,9.5,63,0,8
10/19/2022 12:00,9.8,66,0,4
10/19/2022 13:00,10,62,0,6
10/19/2022 14:00,10.3,61,0,6
10/19/2022 15:00,8.1,71,0,6
10/19/2022 16:00,8.5,66,0,4
10/19/2022 17:00,6,84,0,4
10/19/2022 18:00,5.4,91,0,2
10/19/2022 19:00,5.7,87,0.2,2
10/19/2022 20:00,7.2,76,0,4
10/19/2022 21:00,7.2,62,0,6
10/19/2022 22:00,6.4,66,0,6
10/19/2022 23:00,7.1,64,0,6
10/20/2022 0:00,7,65,0,4
10/20/2022 1:00,7,71,0,5
10/20/2022 2:00,6.7,76,0,5
10/20/2022 3:00,6.3,78,0,8
10/20/2022 4:00,5.7,79,0,7
10/20/2022 5:00,6,75,0,12
10/20/2022 6:00,6,72,0,12
10/20/2022 7:00,6.3,70,0,11
10/20/2022 8:00,6.8,69,0,13
10/20/2022 9:00,5.1,84,0.5,12
10/20/2022 10:00,5.8,79,0.2,5
10/20/2022 11:00,6.1,79,0,4
10/20/2022 12:00,6.7,77,0,8
10/20/2022 13:00,5,89,0.5,6
10/20/2022 14:00,6.2,86,0,4
10/20/2022 15:00,6.3,85,0,6
10/20/2022 16:00,6.5,80,0.2,5
10/20/2022 17:00,6.4,85,0,6
10/20/2022 18:00,6.3,82,0,8
10/20/2022 19:00,6.3,80,0,7
10/20/2022 20:00,6.4,75,0,8
10/20/2022 21:00,6.3,73,0,8
10/20/2022 22:00,6,75,0,7
10/20/2022 23:00,6.2,67,0,8
10/21/2022 0:00,6.4,65,0,8
10/21/2022 1:00,6.7,72,0,6
10/21/2022 2:00,6.5,76,0,6
10/21/2022 3:00,6.3,73,0,4
10/21/2022 4:00,6.1,66,0,6
10/21/2022 5:00,5.8,69,0,5
10/21/2022 6:00,5.9,69,0,5
10/21/2022 7:00,5.9,68,0,5
10/21/2022 8:00,6.9,63,0,6
10/21/2022 9:00,8.9,54,0.3,10
10/21/2022 10:00,9.9,56,0,10
10/21/2022 11:00,10.6,48,0,11
10/21/2022 12:00,12.3,45,0,9
10/21/2022 13:00,13.4,40,0,7
10/21/2022 14:00,14.3,41,0,8
10/21/2022 15:00,13.2,44,0,10
10/21/2022 16:00,12.7,45,0,10
10/21/2022 17:00,12.2,47,0,7
10/21/2022 18:00,11.7,47,0,7
10/21/2022 19:00,11.7,48,0,7
10/21/2022 20:00,11.4,48,0,8
10/21/2022 21:00,10.8,48,0,8
10/21/2022 22:00,10.5,49,0,7
10/21/2022 23:00,10,51,0,7
10/22/2022 0:00,9.7,52,0,6
10/22/2022 1:00,9.2,56,0,7
10/22/2022 2:00,9.2,61,0,7
10/22/2022 3:00,8.6,62,0,7
10/22/2022 4:00,8.7,65,0,8
10/22/2022 5:00,8.7,65,0,8
10/22/2022 6:00,8.6,64,0,8
10/22/2022 7:00,8.8,64,0,7
10/22/2022 8:00,11.2,57,0,6
10/22/2022 9:00,13.5,51,0,7
10/22/2022 10:00,15.3,48,0,11
10/22/2022 11:00,16.4,43,0,10
10/22/2022 12:00,18.2,40,0,5
10/22/2022 13:00,19.1,40,0,6
10/22/2022 14:00,19.5,40,0,11
10/22/2022 15:00,19.4,39,0,7
10/22/2022 16:00,17.6,46,0,1
10/22/2022 17:00,16.4,50,0,5
10/22/2022 18:00,16.1,50,0,4
10/22/2022 19:00,14.7,54,0,5
10/22/2022 20:00,14.2,55,0,6
10/22/2022 21:00,13.6,57,0,6
10/22/2022 22:00,13.8,55,0,5
10/22/2022 23:00,13.3,58,0,6
10/23/2022 0:00,12.5,61,0,6
10/23/2022 1:00,11.8,64,0,6
10/23/2022 2:00,12.1,62,0,6
10/23/2022 3:00,11.5,64,0,5
10/23/2022 4:00,11.3,63,0,6
10/23/2022 5:00,11.6,63,0,4
10/23/2022 6:00,11.1,64,0,5
10/23/2022 7:00,10.7,66,0,5
10/23/2022 8:00,13.4,59,0,6
10/23/2022 9:00,15.9,50,0,0
10/23/2022 10:00,17.1,48,0,8
10/23/2022 11:00,18.2,46,0,1
10/23/2022 12:00,19.9,40,0,0
10/23/2022 13:00,20.3,34,0,3
10/23/2022 14:00,20.2,37,0,2
10/23/2022 15:00,20.2,37,0,2
10/23/2022 16:00,19,40,0,0
10/23/2022 17:00,17.6,48,0,3
10/23/2022 18:00,15.7,56,0.3,2
10/23/2022 19:00,15.2,58,0,2
10/23/2022 20:00,14.2,62,0.2,2
10/23/2022 21:00,12.9,67,0,1
10/23/2022 22:00,12.8,68,0,2
10/23/2022 23:00,12.5,71,0,2
10/24/2022 0:00,12.2,70,0,0
10/24/2022 1:00,11,74,0,2
10/24/2022 2:00,12,76,0,3
10/24/2022 3:00,11.1,78,0,2
10/24/2022 4:00,11.3,78,0,2
10/24/2022 5:00,11.5,77,0,2
10/24/2022 6:00,11.2,78,0,4
10/24/2022 7:00,11.2,81,0,3
10/24/2022 8:00,12.5,72,0,0
10/24/2022 9:00,15.4,54,0,4
10/24/2022 10:00,14.9,58,0,3
10/24/2022 11:00,15.8,58,0.3,5
10/24/2022 12:00,16.5,53,0,5
10/24/2022 13:00,18.5,48,,4
10/24/2022 14:00,18.8,48,,4
10/24/2022 15:00,19.4,58,0,1
10/24/2022 16:00,19,58,0,1
10/24/2022 17:00,18.2,65,0,2
10/24/2022 18:00,16.6,73,0,3
10/24/2022 19:00,16.3,76,0,3
10/24/2022 20:00,16.6,82,0,4
10/24/2022 21:00,14.8,87,0,4
10/24/2022 22:00,14.6,93,0,1
10/24/2022 23:00,14.5,90,0,3
10/25/2022 0:00,14.6,91,0,4
10/25/2022 1:00,14.6,89,0,4
10/25/2022 2:00,14.8,92,0,5
10/25/2022 3:00,14.1,93,0,4
10/25/2022 4:00,14.5,92,0,5
10/25/2022 5:00,12.7,96,0,2
10/25/2022 6:00,13.4,98,0,1
10/25/2022 7:00,14.6,95,0,3
10/25/2022 8:00,15.9,89,0,3
10/25/2022 9:00,16.7,86,0,6
10/25/2022 10:00,17.2,87,0,7
10/25/2022 11:00,19.3,80,0,5
10/25/2022 12:00,21.8,69,0,1
10/25/2022 13:00,24.3,61,0,4
10/25/2022 14:00,24,66,0,7
10/25/2022 15:00,23.1,67,0,8
10/25/2022 16:00,22,73,0,6
10/25/2022 17:00,21.2,76,0,1
10/25/2022 18:00,20.5,79,0,8
10/25/2022 19:00,20.3,80,0,5
10/25/2022 20:00,19.5,82,0,6
10/25/2022 21:00,19,82,0,7
10/25/2022 22:00,18.5,83,0,5
10/25/2022 23:00,18.1,83,0,5
10/26/2022 0:00,17.6,84,0,6
10/26/2022 1:00,17.2,85,0,6
10/26/2022 2:00,17,86,0,5
10/26/2022 3:00,17.1,85,0,5
10/26/2022 4:00,17,84,0,5
10/26/2022 5:00,17,85,0,5
10/26/2022 6:00,16.7,88,0,6
10/26/2022 7:00,16.8,89,0,6
10/26/2022 8:00,17.8,86,0,7
10/26/2022 9:00,19.9,79,0,9
10/26/2022 10:00,21.5,72,0,11
10/26/2022 11:00,21.4,71,0,11
10/26/2022 12:00,22,67,0,11
10/26/2022 13:00,22.6,63,0,7
10/26/2022 14:00,23.1,59,0,5
10/26/2022 15:00,22.9,60,0,2
10/26/2022 16:00,22.4,61,0,9
10/26/2022 17:00,21.6,65,0,7
10/26/2022 18:00,21.1,67,0,6
10/26/2022 19:00,17.4,89,1.6,4
10/26/2022 20:00,17.1,97,3.7,4
10/26/2022 21:00,16.9,94,0.3,6
10/26/2022 22:00,15.7,83,0.4,7
10/26/2022 23:00,15,86,0,8
10/27/2022 0:00,14.7,88,0.5,8
10/27/2022 1:00,15.1,86,0,8
10/27/2022 2:00,14.9,87,0,9
10/27/2022 3:00,14.1,95,0,8
10/27/2022 4:00,11.7,81,0,9
10/27/2022 5:00,8.7,73,0,7
10/27/2022 6:00,7.6,72,0,6
10/27/2022 7:00,6.9,71,0,4
10/27/2022 8:00,7.7,65,0,6
10/27/2022 9:00,8,61,0,7
10/27/2022 10:00,8.3,58,0,12
10/27/2022 11:00,8.7,49,0,13
10/27/2022 12:00,9.1,54,0,5
10/27/2022 13:00,10,50,0,7
10/27/2022 14:00,10.4,48,0,6
10/27/2022 15:00,9.3,48,0,7
10/27/2022 16:00,8.9,47,0,4
10/27/2022 17:00,8.1,49,0,3
10/27/2022 18:00,7.2,52,0,2
10/27/2022 19:00,6.7,54,0,3
10/27/2022 20:00,5.7,59,0,7
10/27/2022 21:00,4.7,62,0,5
10/27/2022 22:00,4.2,62,0,4
10/27/2022 23:00,3.6,63,0,5
10/28/2022 0:00,3.3,64,0,5
10/28/2022 1:00,3.4,61,0,5
10/28/2022 2:00,3.4,59,0,5
10/28/2022 3:00,1.8,67,0,3
10/28/2022 4:00,1.8,66,0,3
10/28/2022 5:00,1.9,68,0,4
10/28/2022 6:00,1.5,72,0,4
10/28/2022 7:00,2.4,68,0,3
10/28/2022 8:00,4.6,55,0,5
10/28/2022 9:00,5.5,50,0,4
10/28/2022 10:00,6.2,46,0,4
10/28/2022 11:00,7.7,48,0,3
10/28/2022 12:00,8.2,44,0,3
10/28/2022 13:00,8.4,40,0,7
10/28/2022 14:00,8.5,41,0,5
10/28/2022 15:00,7.9,45,0,5
10/28/2022 16:00,7.5,48,0,3
10/28/2022 17:00,7.3,50,0,2
10/28/2022 18:00,6.8,53,0,2
10/28/2022 19:00,6.4,56,0,3
10/28/2022 20:00,5.8,60,0,3
10/28/2022 21:00,6.2,58,0,5
10/28/2022 22:00,4.7,63,0,1
10/28/2022 23:00,5,63,0,4
10/29/2022 0:00,5,66,0,4
10/29/2022 1:00,4.8,67,0,7
10/29/2022 2:00,4.6,74,0,6
10/29/2022 3:00,3.4,78,0,2
10/29/2022 4:00,3.1,78,0,3
10/29/2022 5:00,3.1,78,0,3
10/29/2022 6:00,2.2,78,0,3
10/29/2022 7:00,2.3,76,0,3
10/29/2022 8:00,6,67,0,2
10/29/2022 9:00,8.4,55,0,8
10/29/2022 10:00,10.4,44,0,8
10/29/2022 11:00,11.6,47,0,9
10/29/2022 12:00,12.7,47,0,5
10/29/2022 13:00,13.7,44,0,8
10/29/2022 14:00,14.2,41,0,8
10/29/2022 15:00,13.3,41,0,8
10/29/2022 16:00,12.9,44,0,5
10/29/2022 17:00,11.8,50,0,5
10/29/2022 18:00,10.3,55,0,4
10/29/2022 19:00,10.2,56,0,3
10/29/2022 20:00,11.1,49,0,4
10/29/2022 21:00,12.1,43,0,5
10/29/2022 22:00,10.9,50,0,6
10/29/2022 23:00,9.8,49,0,5
10/30/2022 0:00,9.3,50,0,4
10/30/2022 1:00,8.6,55,0,4
10/30/2022 2:00,8,58,0,7
10/30/2022 3:00,7.3,73,0,7
10/30/2022 4:00,7,72,0,5
10/30/2022 5:00,8.1,64,0,5
10/30/2022 6:00,8.8,57,0,8
10/30/2022 7:00,8.4,57,0,5
10/30/2022 8:00,9.3,60,0.2,7
10/30/2022 9:00,11.7,48,0.2,9
10/30/2022 10:00,12.8,43,0,10
10/30/2022 11:00,14.3,38,0,7
10/30/2022 12:00,15.5,35,0,5
10/30/2022 13:00,16.9,30,0,7
10/30/2022 14:00,16.7,30,0,6
10/30/2022 15:00,15.8,30,0,6
10/30/2022 16:00,14.4,37,0,3
10/30/2022 17:00,12.4,42,0,2
10/30/2022 18:00,11.8,46,0,3
10/30/2022 19:00,11.7,43,0,3
10/30/2022 20:00,10.9,46,0,3
10/30/2022 21:00,10.9,46,0,4
10/30/2022 22:00,11.1,48,0,5
10/30/2022 23:00,9.2,52,0,1
10/31/2022 0:00,10,55,0,5
10/31/2022 1:00,9.1,63,0,6
10/31/2022 2:00,9.9,57,0,5
10/31/2022 3:00,8.9,58,0,5
10/31/2022 4:00,8.1,60,0,2
10/31/2022 5:00,9.4,49,0,6
10/31/2022 6:00,9.4,47,0,4
10/31/2022 7:00,9.7,49,0,4
10/31/2022 8:00,10.5,51,0,5
10/31/2022 9:00,11.7,43,0,4
10/31/2022 10:00,13.9,40,0,8
10/31/2022 11:00,14.8,44,0,5
10/31/2022 12:00,15.2,40,0,2
10/31/2022 13:00,15.1,41,0,3
10/31/2022 14:00,15.2,41,0,3
10/31/2022 15:00,15.1,41,0,4
10/31/2022 16:00,14.2,45,0,3
10/31/2022 17:00,13.2,45,0,4
10/31/2022 18:00,12.8,51,0,5
10/31/2022 19:00,13,48,0,6
10/31/2022 20:00,11.1,60,0,2
10/31/2022 21:00,10.6,62,0,2
10/31/2022 22:00,11.7,63,0,3
10/31/2022 23:00,12,65,0,3
11/1/2022 0:00,12.5,64,0,3
11/1/2022 1:00,11.8,77,0,2
11/1/2022 2:00,11.8,78,0,4
11/1/2022 3:00,11.9,84,0,3
11/1/2022 4:00,10.9,90,0,5
11/1/2022 5:00,10.7,86,0,4
11/1/2022 6:00,11.1,89,0,5
11/1/2022 7:00,11.2,98,0.2,6
11/1/2022 8:00,11.3,97,0.7,5
11/1/2022 9:00,11.4,96,0.3,5
11/1/2022 10:00,11.1,96,0,5
11/1/2022 11:00,11.7,97,0,1
11/1/2022 12:00,12.9,92,0,2
11/1/2022 13:00,13.4,89,0,5
11/1/2022 14:00,13.4,87,0,4
11/1/2022 15:00,13.8,82,0,3
11/1/2022 16:00,13.8,79,0,1
11/1/2022 17:00,13.6,79,0,3
11/1/2022 18:00,12.9,82,0,5
11/1/2022 19:00,12.8,80,0,5
11/1/2022 20:00,12,86,0,5
11/1/2022 21:00,11.7,93,0,6
11/1/2022 22:00,11.5,91,0,6
11/1/2022 23:00,11.2,90,0,8
11/2/2022 0:00,11.1,90,0,8
11/2/2022 1:00,10.1,95,0,12
11/2/2022 2:00,10.1,94,0,13
11/2/2022 3:00,9.2,93,0,3
11/2/2022 4:00,11.6,68,0,8
11/2/2022 5:00,10.7,69,0,8
11/2/2022 6:00,10,65,0,7
11/2/2022 7:00,9.7,62,0,6
11/2/2022 8:00,10.4,57,0,9
11/2/2022 9:00,11.1,55,0,8
11/2/2022 10:00,11.9,49,0,4
11/2/2022 11:00,12.2,42,0,5
11/2/2022 12:00,13,35,0,3
11/2/2022 13:00,14.3,38,0,5
11/2/2022 14:00,13.8,41,0,5
11/2/2022 15:00,13.5,36,0,2
11/2/2022 16:00,11.8,43,0,3
11/2/2022 17:00,11,46,0,4
11/2/2022 18:00,10.5,47,0,4
11/2/2022 19:00,9.8,53,0,3
11/2/2022 20:00,9.7,60,0,3
11/2/2022 21:00,10.2,55,0,5
11/2/2022 22:00,9.4,55,0,5
11/2/2022 23:00,9.1,61,0,5
11/3/2022 0:00,8.4,63,0,4
11/3/2022 1:00,7.9,67,0,3
11/3/2022 2:00,6.1,78,0,3
11/3/2022 3:00,5.1,86,0,0
11/3/2022 4:00,6.7,82,0,7
11/3/2022 5:00,6.2,80,0,6
11/3/2022 6:00,5.6,86,0,7
11/3/2022 7:00,5.6,89,0,6
11/3/2022 8:00,6.7,82,0,6
11/3/2022 9:00,10.9,63,0,4
11/3/2022 10:00,12.7,51,0,4
11/3/2022 11:00,15.1,50,0,4
11/3/2022 12:00,16.2,45,0,4
11/3/2022 13:00,16.6,46,0,8
11/3/2022 14:00,17.8,48,0,5
11/3/2022 15:00,16.7,52,0,1
11/3/2022 16:00,16.4,54,0,6
11/3/2022 17:00,15,61,0,4
11/3/2022 18:00,13.2,66,0,4
11/3/2022 19:00,13.8,63,0,6
11/3/2022 20:00,15.2,60,0,8
11/3/2022 21:00,13.8,65,0,7
11/3/2022 22:00,13.4,69,0,10
11/3/2022 23:00,13.1,70,0,6
11/4/2022 0:00,11.4,78,0,7
11/4/2022 1:00,12.2,71,0,7
11/4/2022 2:00,11.8,71,0,6
11/4/2022 3:00,11.7,71,0,5
11/4/2022 4:00,10.7,76,0,4
11/4/2022 5:00,10.4,73,0,6
11/4/2022 6:00,10.2,70,0,6
11/4/2022 7:00,10.3,68,0,6
11/4/2022 8:00,10.8,67,0,6
11/4/2022 9:00,12.9,60,0.2,6
11/4/2022 10:00,16.1,51,0,6
11/4/2022 11:00,17.6,49,0,8
11/4/2022 12:00,19.5,44,0,4
11/4/2022 13:00,19.9,42,0,0
11/4/2022 14:00,19.1,46,0,11
11/4/2022 15:00,18.5,48,0,3
11/4/2022 16:00,17.4,53,0,4
11/4/2022 17:00,16.9,57,0,6
11/4/2022 18:00,16,61,0,6
11/4/2022 19:00,15.5,64,0,6
11/4/2022 20:00,15.1,65,0,6
11/4/2022 21:00,14.8,67,0,6
11/4/2022 22:00,14.8,67,0,6
11/4/2022 23:00,14.9,67,0,7
11/5/2022 0:00,14.5,67,0,7
11/5/2022 1:00,14.3,67,0,7
11/5/2022 2:00,13.6,72,0,5
11/5/2022 3:00,13.3,77,0,6
11/5/2022 4:00,13.3,78,0,6
11/5/2022 5:00,12.9,79,0,7
11/5/2022 6:00,13,80,0,7
11/5/2022 7:00,13.2,79,0,6
11/5/2022 8:00,14.2,77,0,6
11/5/2022 9:00,18.1,64,0,5
11/5/2022 10:00,20.9,60,0,2
11/5/2022 11:00,22.2,52,0,11
11/5/2022 12:00,23.4,48,0,10
11/5/2022 13:00,23.1,52,0,5
11/5/2022 14:00,22.5,57,0,5
11/5/2022 15:00,21.5,64,0,5
11/5/2022 16:00,21.2,66,0,6
11/5/2022 17:00,20.4,70,0,0
11/5/2022 18:00,19.7,72,0,7
11/5/2022 19:00,19.9,73,0,6
11/5/2022 20:00,19.9,73,0,7
11/5/2022 21:00,20,71,0,7
11/5/2022 22:00,19.7,70,0,7
11/5/2022 23:00,19.8,68,0,8
11/6/2022 0:00,19.5,69,0,6
11/6/2022 1:00,18.9,72,0,8
11/6/2022 2:00,18.6,72,0,1
11/6/2022 3:00,18.6,71,0,7
11/6/2022 4:00,18.9,70,0,3
11/6/2022 5:00,18.7,71,0,5
11/6/2022 6:00,18.7,74,0,4
11/6/2022 7:00,18.9,75,0,3
11/6/2022 8:00,17,92,1,5
11/6/2022 9:00,16.8,97,6.7,8
11/6/2022 10:00,17.1,91,0.4,13
11/6/2022 11:00,17.4,80,0,14
11/6/2022 12:00,18.4,66,0,13
11/6/2022 13:00,18.4,70,0,11
11/6/2022 14:00,18.8,67,0,11
11/6/2022 15:00,19.1,65,0,12
11/6/2022 16:00,18.3,71,0,8
11/6/2022 17:00,18.5,67,0,7
11/6/2022 18:00,17.8,68,0,6
11/6/2022 19:00,17.6,69,0,5
11/6/2022 20:00,17.2,66,0,7
11/6/2022 21:00,17.2,66,0,7
11/6/2022 22:00,16.9,67,0,9
11/6/2022 23:00,16.2,72,0,11
11/7/2022 0:00,15.8,74,0,10
11/7/2022 1:00,15.4,68,0,8
11/7/2022 2:00,14.8,67,0,10
11/7/2022 3:00,14.3,71,0,11
11/7/2022 4:00,13.7,70,0,10
11/7/2022 5:00,13.5,69,0,11
11/7/2022 6:00,13.2,67,0,11
11/7/2022 7:00,13.1,70,0,10
11/7/2022 8:00,13.5,64,0,10
11/7/2022 9:00,14.6,54,0,9
11/7/2022 10:00,14.7,41,0,7
11/7/2022 11:00,14.9,39,0,9
11/7/2022 12:00,14.7,34,0,11
11/7/2022 13:00,14.2,36,0,9
11/7/2022 14:00,13,40,0,7
11/7/2022 15:00,12.9,36,0,7
11/7/2022 16:00,11.8,36,0,6
11/7/2022 17:00,11.1,38,0,4
11/7/2022 18:00,10.3,38,0,3
11/7/2022 19:00,9.7,39,0,4
11/7/2022 20:00,8.9,43,0,3
11/7/2022 21:00,8.8,44,0,4
11/7/2022 22:00,8,48,0,3
11/7/2022 23:00,7.9,43,0,3
11/8/2022 0:00,7.1,50,0,4
11/8/2022 1:00,6.7,52,0,4
11/8/2022 2:00,6.8,51,0,5
11/8/2022 3:00,6,49,0,10
11/8/2022 4:00,4.6,53,0,10
11/8/2022 5:00,3.3,49,0,10
11/8/2022 6:00,2.4,49,0,7
11/8/2022 7:00,2,50,0,7
11/8/2022 8:00,2.1,52,0,7
11/8/2022 9:00,2.9,48,0,13
11/8/2022 10:00,4,46,0,11
11/8/2022 11:00,4.7,42,0,13
11/8/2022 12:00,5.9,42,0,9
11/8/2022 13:00,6,38,0,9
11/8/2022 14:00,6.7,40,0,10
11/8/2022 15:00,6.6,39,0,7
11/8/2022 16:00,6.3,38,0,8
11/8/2022 17:00,5.7,41,0,4
11/8/2022 18:00,5,42,0,10
11/8/2022 19:00,4.4,45,0,10
11/8/2022 20:00,3.8,48,0,12
11/8/2022 21:00,3.1,50,0,8
11/8/2022 22:00,2.6,52,0,8
11/8/2022 23:00,2.2,54,0,7
11/9/2022 0:00,2,54,0,8
11/9/2022 1:00,1.2,57,0,5
11/9/2022 2:00,0.9,58,0,6
11/9/2022 3:00,0.5,61,0,3
11/9/2022 4:00,0.5,60,0,6
11/9/2022 5:00,0.1,62,0,4
11/9/2022 6:00,-0.2,64,0,5
11/9/2022 7:00,-0.4,73,0,5
11/9/2022 8:00,1.2,61,0,6
11/9/2022 9:00,2.7,54,0,4
11/9/2022 10:00,3.5,51,0,3
11/9/2022 11:00,4,50,0,7
11/9/2022 12:00,5.2,48,0,8
11/9/2022 13:00,6.2,47,0,8
11/9/2022 14:00,7.8,46,0,6
11/9/2022 15:00,7.9,47,0,9
11/9/2022 16:00,7.5,47,0,8
11/9/2022 17:00,7.6,46,0,8
11/9/2022 18:00,8,50,0,8
11/9/2022 19:00,8.6,50,0,8
11/9/2022 20:00,8.6,48,0,8
11/9/2022 21:00,8.6,47,0,4
11/9/2022 22:00,8.3,50,0,6
11/9/2022 23:00,8.2,49,0,5
11/10/2022 0:00,7.9,50,0,5
11/10/2022 1:00,7.7,50,0,7
11/10/2022 2:00,7.8,49,0,7
11/10/2022 3:00,8.1,48,0,7
11/10/2022 4:00,7.9,49,0,5
11/10/2022 5:00,7.5,51,0,6
11/10/2022 6:00,8.2,52,0,4
11/10/2022 7:00,8.7,53,0,4
11/10/2022 8:00,9.1,51,0,7
11/10/2022 9:00,9.7,49,0,8
11/10/2022 10:00,10.7,49,0,4
11/10/2022 11:00,12.1,48,0,6
11/10/2022 12:00,13.4,49,0,6
11/10/2022 13:00,13.5,49,0,7
11/10/2022 14:00,14.3,48,0,6
11/10/2022 15:00,14.6,50,0,7
11/10/2022 16:00,13.6,54,0,7
11/10/2022 17:00,13.1,54,0,5
11/10/2022 18:00,12.9,55,0,3
11/10/2022 19:00,13.3,53,0,7
11/10/2022 20:00,13.4,51,0,6
11/10/2022 21:00,13,54,0,6
11/10/2022 22:00,10.8,61,0,1
11/10/2022 23:00,11.9,56,0,4
11/11/2022 0:00,12.1,58,0,4
11/11/2022 1:00,11.9,60,0,6
11/11/2022 2:00,9.5,70,0,2
11/11/2022 3:00,10.7,68,0,6
11/11/2022 4:00,10.4,72,0,7
11/11/2022 5:00,10.6,72,0,8
11/11/2022 6:00,10.4,76,0,7
11/11/2022 7:00,10.3,79,0,7
11/11/2022 8:00,11.4,77,0,7
11/11/2022 9:00,12.4,76,0,6
11/11/2022 10:00,13.6,74,0,6
11/11/2022 11:00,15,69,0,6
11/11/2022 12:00,15.6,67,0,6
11/11/2022 13:00,15.9,68,0,7
11/11/2022 14:00,16,68,0,6
11/11/2022 15:00,16.2,69,0,4
11/11/2022 16:00,16.2,70,0,5
11/11/2022 17:00,15.9,74,0,6
11/11/2022 18:00,14.4,91,0,8
11/11/2022 19:00,14.2,96,1.3,6
11/11/2022 20:00,14.4,98,1.9,7
11/11/2022 21:00,14.7,100,4.8,4
11/11/2022 22:00,14.9,99,9.3,4
11/11/2022 23:00,15.1,98,4.2,3
11/12/2022 0:00,14.5,99,8.5,4
11/12/2022 1:00,11.3,99,13.2,9
11/12/2022 2:00,10.4,99,6.7,12
11/12/2022 3:00,8.9,99,10.7,14
11/12/2022 4:00,8,99,5.2,13
11/12/2022 5:00,7.6,98,1.8,11
11/12/2022 6:00,7.7,99,3.6,10
11/12/2022 7:00,8.2,97,0.7,4
11/12/2022 8:00,8.9,95,0.2,3
11/12/2022 9:00,10,92,0,1
11/12/2022 10:00,9.8,98,0.3,3
11/12/2022 11:00,10,99,0.3,4
11/12/2022 12:00,11.3,99,0.3,3
11/12/2022 13:00,14.1,91,0,5
11/12/2022 14:00,13,79,0,5
11/12/2022 15:00,12.2,75,0,8
11/12/2022 16:00,11.3,74,0,5
11/12/2022 17:00,9.4,69,0,6
11/12/2022 18:00,8.8,68,0,4
11/12/2022 19:00,8.4,69,0,4
11/12/2022 20:00,8.1,64,0,5
11/12/2022 21:00,7.8,62,0,2
11/12/2022 22:00,7.6,60,0,4
11/12/2022 23:00,7.2,71,0,3
11/13/2022 0:00,7.3,67,0,3
11/13/2022 1:00,7.1,61,0,3
11/13/2022 2:00,6.9,65,0,5
11/13/2022 3:00,6.3,68,0,8
11/13/2022 4:00,5.7,74,0,9
11/13/2022 5:00,5.3,78,0,6
11/13/2022 6:00,4.6,86,0,5
11/13/2022 7:00,4.3,88,0,8
11/13/2022 8:00,4.2,85,0,9
11/13/2022 9:00,3.9,86,0,6
11/13/2022 10:00,3.9,83,0,4
11/13/2022 11:00,3.9,86,0,4
11/13/2022 12:00,3.5,87,0,4
11/13/2022 13:00,3.4,82,0,4
11/13/2022 14:00,3.5,76,0,5
11/13/2022 15:00,3.2,65,0,5
11/13/2022 16:00,2.5,66,0,5
11/13/2022 17:00,1.2,61,0,4
11/13/2022 18:00,0.5,62,0,3
11/13/2022 19:00,0.7,58,0,8
11/13/2022 20:00,0.3,56,0,6
11/13/2022 21:00,0.1,54,0,6
11/13/2022 22:00,-0.5,59,0,5
11/13/2022 23:00,-1,59,0,5
11/14/2022 0:00,-1.4,65,0,2
11/14/2022 1:00,-1.7,57,0,4
11/14/2022 2:00,-1.9,58,0,4
11/14/2022 3:00,-1.9,62,0,3
11/14/2022 4:00,-2.2,66,0,3
11/14/2022 5:00,-2.4,66,0,3
11/14/2022 6:00,-2.1,62,0,4
11/14/2022 7:00,-1.4,65,0,3
11/14/2022 8:00,-0.6,65,0,5
11/14/2022 9:00,-0.3,64,0,3
11/14/2022 10:00,0.5,60,0,6
11/14/2022 11:00,1.3,56,0,5
11/14/2022 12:00,2,49,0,7
11/14/2022 13:00,1.8,49,0,5
11/14/2022 14:00,2.2,49,0,4
11/14/2022 15:00,1.9,49,0,4
11/14/2022 16:00,1.6,51,0,7
11/14/2022 17:00,1.3,54,0,3
11/14/2022 18:00,1.2,55,0,3
11/14/2022 19:00,1.1,51,0,2
11/14/2022 20:00,1,51,0,2
11/14/2022 21:00,0.7,50,0,2
11/14/2022 22:00,0.5,52,0,1
11/14/2022 23:00,0.3,52,0,3
11/15/2022 0:00,-0.5,59,0,3
11/15/2022 1:00,-0.6,61,0,4
11/15/2022 2:00,-1,58,0,4
11/15/2022 3:00,-1.1,59,0,3
11/15/2022 4:00,-1,58,0,4
11/15/2022 5:00,-1.4,61,0,2
11/15/2022 6:00,-2,66,0,7
11/15/2022 7:00,-2.3,70,0,6
11/15/2022 8:00,-1.9,68,0,5
11/15/2022 9:00,-0.8,62,0,4
11/15/2022 10:00,-0.7,59,0,7
11/15/2022 11:00,0.3,57,0,4
11/15/2022 12:00,0.2,54,0,7
11/15/2022 13:00,0.8,55,0,5
11/15/2022 14:00,0.5,57,0,6
11/15/2022 15:00,0.4,59,0,5
11/15/2022 16:00,0.1,61,0,8
11/15/2022 17:00,-0.1,58,0,5
11/15/2022 18:00,-0.2,64,0,5
11/15/2022 19:00,-0.5,66,0,6
11/15/2022 20:00,-0.3,67,0,7
11/15/2022 21:00,-0.3,65,0,7
11/15/2022 22:00,-0.1,64,0,7
11/15/2022 23:00,-0.2,66,0,7
11/16/2022 0:00,-0.3,69,0,7
11/16/2022 1:00,-0.5,72,0,8
11/16/2022 2:00,-0.5,75,0,7
11/16/2022 3:00,-0.5,75,0,6
11/16/2022 4:00,-0.4,78,0,4
11/16/2022 5:00,-1.1,94,0.3,5
11/16/2022 6:00,-0.6,94,0,5
11/16/2022 7:00,-0.6,97,1.4,7
11/16/2022 8:00,-0.5,98,2.3,6
11/16/2022 9:00,-0.4,97,1.8,6
11/16/2022 10:00,-0.3,97,1.6,6
11/16/2022 11:00,0.1,97,1.3,5
11/16/2022 12:00,0.3,96,0.9,5
11/16/2022 13:00,0.4,96,1,5
11/16/2022 14:00,0.4,97,1,6
11/16/2022 15:00,0.5,96,0.3,3
11/16/2022 16:00,0.4,97,0,5
11/16/2022 17:00,0.3,96,0,5
11/16/2022 18:00,-0.1,96,0,6
11/16/2022 19:00,-0.7,92,0,7
11/16/2022 20:00,-0.4,93,0,1
11/16/2022 21:00,0.4,92,0,3
11/16/2022 22:00,0.3,88,0.2,3
11/16/2022 23:00,-0.1,84,0,4
11/17/2022 0:00,-0.3,76,0,3
11/17/2022 1:00,-0.6,84,0,4
11/17/2022 2:00,-0.8,87,0,5
11/17/2022 3:00,-0.9,86,0,5
11/17/2022 4:00,-0.9,84,0,4
11/17/2022 5:00,-1,84,0,4
11/17/2022 6:00,-1.1,85,0,3
11/17/2022 7:00,-1.2,82,0,3
11/17/2022 8:00,-1.2,83,0,5
11/17/2022 9:00,-1.2,81,0,4
11/17/2022 10:00,-1.3,76,0,4
11/17/2022 11:00,-1,66,0,6
11/17/2022 12:00,-0.7,63,0,9
11/17/2022 13:00,-1,62,0,8
11/17/2022 14:00,-1.1,65,0,7
11/17/2022 15:00,-1.3,64,0,5
11/17/2022 16:00,-1.8,62,0,6
11/17/2022 17:00,-2.2,64,0,4
11/17/2022 18:00,-2.9,72,0,6
11/17/2022 19:00,-3.1,69,0,4
11/17/2022 20:00,-4.2,61,0,4
11/17/2022 21:00,-4.1,67,0,3
11/17/2022 22:00,-3.8,69,0,3
11/17/2022 23:00,-4.5,76,0,5
11/18/2022 0:00,-4.9,77,0,5
11/18/2022 1:00,-5.2,77,0,3
11/18/2022 2:00,-5.7,77,0,2
11/18/2022 3:00,-6.4,84,0,4
11/18/2022 4:00,-6.7,83,0,3
11/18/2022 5:00,-5.7,82,0,4
11/18/2022 6:00,-5.7,81,0,1
11/18/2022 7:00,-4.5,79,0,6
11/18/2022 8:00,-4.5,87,0.4,3
11/18/2022 9:00,-3.8,86,0.2,6
11/18/2022 10:00,-3.3,84,0,5
11/18/2022 11:00,-2.7,82,0,4
11/18/2022 12:00,-2.2,84,0.3,2
11/18/2022 13:00,-1.8,84,0,2
11/18/2022 14:00,-1.8,85,0,2
11/18/2022 15:00,-1.8,85,0,1
11/18/2022 16:00,-2.5,84,0,5
11/18/2022 17:00,-3.3,86,0,2
11/18/2022 18:00,-3.4,85,0,1
11/18/2022 19:00,-3.7,85,0,1
11/18/2022 20:00,-3.1,87,0,3
11/18/2022 21:00,-3.2,85,0,3
11/18/2022 22:00,-2.9,85,0,3
11/18/2022 23:00,-2.6,78,0,3
11/19/2022 0:00,-2.6,88,0,6
11/19/2022 1:00,-2.9,93,0.7,5
11/19/2022 2:00,-2.9,93,1,3
11/19/2022 3:00,-2.6,93,0.2,6
11/19/2022 4:00,-2.3,93,0,7
11/19/2022 5:00,-2.2,92,0,5
11/19/2022 6:00,-1.8,89,0,4
11/19/2022 7:00,-2,88,0,4
11/19/2022 8:00,-1.6,79,0.2,5
11/19/2022 9:00,-0.8,74,0,11
11/19/2022 10:00,-0.3,72,0,9
11/19/2022 11:00,0.6,70,0,8
11/19/2022 12:00,1.2,68,0,9
11/19/2022 13:00,0.8,69,0,11
11/19/2022 14:00,0.9,69,0,7
11/19/2022 15:00,0.7,69,0,3
11/19/2022 16:00,0.7,68,0,8
11/19/2022 17:00,-0.2,80,0,5
11/19/2022 18:00,-0.2,76,0,4
11/19/2022 19:00,0,64,0,6
11/19/2022 20:00,0,57,0,8
11/19/2022 21:00,-0.5,58,0,8
11/19/2022 22:00,-0.8,58,0,9
11/19/2022 23:00,-0.7,56,0,8
11/20/2022 0:00,-1,59,0,13
11/20/2022 1:00,-1.8,75,0,11
11/20/2022 2:00,-1.8,72,0,5
11/20/2022 3:00,-1.2,68,0,6
11/20/2022 4:00,-1.2,67,0,7
11/20/2022 5:00,-2.3,86,0.2,8
11/20/2022 6:00,-2,79,0.2,9
11/20/2022 7:00,-1.9,68,0,6
11/20/2022 8:00,-2.5,63,0,8
11/20/2022 9:00,-2.7,70,0,7
11/20/2022 10:00,-3,78,0,8
11/20/2022 11:00,-2.2,62,0,8
11/20/2022 12:00,-2,57,0,6
11/20/2022 13:00,-1.9,42,0,12
11/20/2022 14:00,-2.1,29,0,9
11/20/2022 15:00,-4,39,0,14
11/20/2022 16:00,-4.7,41,0,6
11/20/2022 17:00,-4.9,47,0,4
11/20/2022 18:00,-5.9,49,0,6
11/20/2022 19:00,-6.4,48,0,7
11/20/2022 20:00,-7.4,52,0,4
11/20/2022 21:00,-7.6,55,0,4
11/20/2022 22:00,-8.2,55,0,4
11/20/2022 23:00,-8.2,56,0,6
11/21/2022 0:00,-8.3,58,0,5
11/21/2022 1:00,-8.6,62,0,8
11/21/2022 2:00,-8.5,61,0,5
11/21/2022 3:00,-8.8,63,0,5
11/21/2022 4:00,-8.8,60,0,5
11/21/2022 5:00,-9,65,0,2
11/21/2022 6:00,-8.9,65,0,5
11/21/2022 7:00,-8.7,70,0,5
11/21/2022 8:00,-7.3,55,0,7
11/21/2022 9:00,-6.2,56,0,6
11/21/2022 10:00,-4.9,60,0,5
11/21/2022 11:00,-3.6,62,0,6
11/21/2022 12:00,-2.2,58,0,8
11/21/2022 13:00,-0.7,56,0,7
11/21/2022 14:00,-0.7,59,0,10
11/21/2022 15:00,-0.5,62,0,9
11/21/2022 16:00,-0.5,63,0,5
11/21/2022 17:00,-0.4,64,0,6
11/21/2022 18:00,0.2,63,0,6
11/21/2022 19:00,0.6,62,0,5
11/21/2022 20:00,3.7,51,0,11
11/21/2022 21:00,3.7,57,0,9
11/21/2022 22:00,3.7,60,0,7
11/21/2022 23:00,3.5,63,0,7
11/22/2022 0:00,2,76,0,7
11/22/2022 1:00,0.7,60,0,12
11/22/2022 2:00,-1.1,58,0,6
11/22/2022 3:00,-1.8,61,0,8
11/22/2022 4:00,-3.1,53,0,9
11/22/2022 5:00,-3.9,55,0,7
11/22/2022 6:00,-4.7,58,0,2
11/22/2022 7:00,-4.8,63,0,2
11/22/2022 8:00,-4.7,62,0,2
11/22/2022 9:00,-3.3,54,0,5
11/22/2022 10:00,-1.9,47,0.3,2
11/22/2022 11:00,-2.5,49,0,6
11/22/2022 12:00,-1.6,48,0,8
11/22/2022 13:00,-0.9,50,0,10
11/22/2022 14:00,-0.8,52,0,9
11/22/2022 15:00,-1,54,0,3
11/22/2022 16:00,-0.6,57,0,7
11/22/2022 17:00,-0.7,59,0,5
11/22/2022 18:00,-0.7,59,0,6
11/22/2022 19:00,-0.6,59,0,1
11/22/2022 20:00,-0.6,62,0,4
11/22/2022 21:00,-0.7,58,0,4
11/22/2022 22:00,-0.1,60,0,6
11/22/2022 23:00,-0.1,68,0,7
11/23/2022 0:00,-0.8,80,0,8
11/23/2022 1:00,-0.7,88,0,5
11/23/2022 2:00,-0.4,86,0,3
11/23/2022 3:00,-0.9,82,0,2
11/23/2022 4:00,-0.7,89,0,4
11/23/2022 5:00,-0.9,88,0,5
11/23/2022 6:00,-0.9,86,0,3
11/23/2022 7:00,-0.8,85,0,5
11/23/2022 8:00,-0.8,85,0,5
11/23/2022 9:00,-0.7,86,0,5
11/23/2022 10:00,-0.5,85,0,5
11/23/2022 11:00,0.1,81,0,3
11/23/2022 12:00,0.8,78,0.3,4
11/23/2022 13:00,1.3,69,0,5
11/23/2022 14:00,1.2,63,0,5
11/23/2022 15:00,1.6,68,0,3
11/23/2022 16:00,1.1,72,0,4
11/23/2022 17:00,0.4,78,0,3
11/23/2022 18:00,1.2,74,0,3
11/23/2022 19:00,0.9,70,0,4
11/23/2022 20:00,-0.6,73,0,5
11/23/2022 21:00,-0.1,80,0,6
11/23/2022 22:00,-1.3,71,0,6
11/23/2022 23:00,-1.8,63,0,7
11/24/2022 0:00,-2.1,65,0,2
11/24/2022 1:00,-2.2,60,0,6
11/24/2022 2:00,-2.1,56,0,4
11/24/2022 3:00,-2.4,59,0,5
11/24/2022 4:00,-2.8,67,0,6
11/24/2022 5:00,-2.4,69,0,3
11/24/2022 6:00,-1.8,64,0,4
11/24/2022 7:00,-1.5,68,0,7
11/24/2022 8:00,-2,72,0,6
11/24/2022 9:00,,,,
11/24/2022 10:00,,,,
11/24/2022 11:00,,,,
11/24/2022 12:00,,,,
11/24/2022 13:00,,,,
11/24/2022 14:00,,,,
11/24/2022 15:00,,,,
11/24/2022 16:00,,,,
11/24/2022 17:00,,,,
11/24/2022 18:00,,,,
11/24/2022 19:00,,,,
11/24/2022 20:00,,,,
11/24/2022 21:00,,,,
11/24/2022 22:00,,,,
11/24/2022 23:00,,,,
11/25/2022 0:00,,,,
11/25/2022 1:00,,,,
11/25/2022 2:00,,,,
11/25/2022 3:00,,,,
11/25/2022 4:00,,,,
11/25/2022 5:00,,,,
11/25/2022 6:00,,,,
11/25/2022 7:00,,,,
11/25/2022 8:00,,,,
11/25/2022 9:00,,,,
11/25/2022 10:00,,,,
11/25/2022 11:00,,,,
11/25/2022 12:00,,,,
11/25/2022 13:00,,,,
11/25/2022 14:00,,,,
11/25/2022 15:00,,,,
11/25/2022 16:00,,,,
11/25/2022 17:00,,,,
11/25/2022 18:00,,,,
11/25/2022 19:00,,,,
11/25/2022 20:00,,,,
11/25/2022 21:00,,,,
11/25/2022 22:00,,,,
11/25/2022 23:00,,,,
11/26/2022 0:00,,,,
11/26/2022 1:00,,,,
11/26/2022 2:00,,,,
11/26/2022 3:00,,,,
11/26/2022 4:00,,,,
11/26/2022 5:00,,,,
11/26/2022 6:00,,,,
11/26/2022 7:00,,,,
11/26/2022 8:00,,,,
11/26/2022 9:00,,,,
11/26/2022 10:00,,,,
11/26/2022 11:00,,,,
11/26/2022 12:00,,,,
11/26/2022 13:00,,,,
11/26/2022 14:00,,,,
11/26/2022 15:00,,,,
11/26/2022 16:00,,,,
11/26/2022 17:00,,,,
11/26/2022 18:00,,,,
11/26/2022 19:00,,,,
11/26/2022 20:00,,,,
11/26/2022 21:00,,,,
11/26/2022 22:00,,,,
11/26/2022 23:00,,,,
11/27/2022 0:00,,,,
11/27/2022 1:00,,,,
11/27/2022 2:00,,,,
11/27/2022 3:00,,,,
11/27/2022 4:00,,,,
11/27/2022 5:00,,,,
11/27/2022 6:00,,,,
11/27/2022 7:00,,,,
11/27/2022 8:00,,,,
11/27/2022 9:00,,,,
11/27/2022 10:00,,,,
11/27/2022 11:00,,,,
11/27/2022 12:00,,,,
11/27/2022 13:00,,,,
11/27/2022 14:00,,,,
11/27/2022 15:00,,,,
11/27/2022 16:00,,,,
11/27/2022 17:00,,,,
11/27/2022 18:00,,,,
11/27/2022 19:00,,,,
11/27/2022 20:00,,,,
11/27/2022 21:00,,,,
11/27/2022 22:00,,,,
11/27/2022 23:00,,,,
11/28/2022 0:00,,,,
11/28/2022 1:00,,,,
11/28/2022 2:00,,,,
11/28/2022 3:00,,,,
11/28/2022 4:00,,,,
11/28/2022 5:00,,,,
11/28/2022 6:00,,,,
11/28/2022 7:00,,,,
11/28/2022 8:00,,,,
11/28/2022 9:00,,,,
11/28/2022 10:00,,,,
11/28/2022 11:00,,,,
11/28/2022 12:00,,,,
11/28/2022 13:00,,,,
11/28/2022 14:00,,,,
11/28/2022 15:00,,,,
11/28/2022 16:00,1.6,61,0,11
11/28/2022 17:00,1,59,0,10
11/28/2022 18:00,0.8,59,0,10
11/28/2022 19:00,0.2,61,0,6
11/28/2022 20:00,-0.1,62,0,4
11/28/2022 21:00,-0.4,62,0,3
11/28/2022 22:00,-0.5,63,0,5
11/28/2022 23:00,-0.5,62,0,6
11/29/2022 0:00,-1.1,68,0,8
11/29/2022 1:00,-1.8,71,0,7
11/29/2022 2:00,-2.1,71,0,8
11/29/2022 3:00,-2.1,70,0,8
11/29/2022 4:00,-2.2,70,0,7
11/29/2022 5:00,-2.3,70,0,5
11/29/2022 6:00,-2.5,69,0,5
11/29/2022 7:00,-2.5,67,0,5
11/29/2022 8:00,-2.1,68,0,3
11/29/2022 9:00,-1.8,71,0,6
11/29/2022 10:00,-1.3,70,0,3
11/29/2022 11:00,-0.8,70,0,5
11/29/2022 12:00,-0.5,67,0,4
11/29/2022 13:00,-0.2,70,0,5
11/29/2022 14:00,0,67,0,5
11/29/2022 15:00,0.2,68,0,5
11/29/2022 16:00,0.3,67,0,4
11/29/2022 17:00,0.4,68,0,5
11/29/2022 18:00,0.4,68,0,8
11/29/2022 19:00,0.5,68,0,4
11/29/2022 20:00,0.7,68,0,5
11/29/2022 21:00,0.9,69,0,3
11/29/2022 22:00,1.2,68,0,6
11/29/2022 23:00,1.3,67,0,5
11/30/2022 0:00,1,68,0,7
11/30/2022 1:00,1.2,69,0,6
11/30/2022 2:00,0.9,70,0,6
11/30/2022 3:00,0.8,72,0,6
11/30/2022 4:00,0.7,74,0,3
11/30/2022 5:00,1.3,69,0,7
11/30/2022 6:00,1.9,71,0,8
11/30/2022 7:00,2.9,69,0,10
11/30/2022 8:00,3.4,69,0,14
11/30/2022 9:00,4.1,70,0,8
11/30/2022 10:00,4.4,78,0,10
11/30/2022 11:00,4,88,1.3,10
11/30/2022 12:00,4.6,85,1.4,8
11/30/2022 13:00,4.8,92,4,10
11/30/2022 14:00,6.1,93,2.7,9
11/30/2022 15:00,6.1,97,8,11
11/30/2022 16:00,7,98,3,6
11/30/2022 17:00,8,92,1.5,11
11/30/2022 18:00,7.6,80,0,16
11/30/2022 19:00,5.7,77,0,12
11/30/2022 20:00,5.1,75,0,6
11/30/2022 21:00,3.8,80,0,8
11/30/2022 22:00,3.1,72,0,9
11/30/2022 23:00,2.1,71,0,11
12/1/2022 0:00,1.8,64,0,9
12/1/2022 1:00,1,63,0,7
12/1/2022 2:00,0.8,61,0,9
12/1/2022 3:00,0.6,59,0,6
12/1/2022 4:00,0.4,63,0,7
12/1/2022 5:00,0.1,63,0,10
12/1/2022 6:00,0.3,62,0,10
12/1/2022 7:00,0.2,63,0,11
12/1/2022 8:00,0.3,66,0,13
12/1/2022 9:00,-0.7,84,0,7
12/1/2022 10:00,0.6,66,0,7
12/1/2022 11:00,1.1,57,0.2,8
12/1/2022 12:00,1.5,49,0,9
12/1/2022 13:00,0.7,58,0,10
12/1/2022 14:00,0.9,55,0,5
12/1/2022 15:00,0.7,48,0,6
12/1/2022 16:00,0.7,52,0,5
12/1/2022 17:00,0.6,49,0,5
12/1/2022 18:00,0.3,49,0,8
12/1/2022 19:00,-0.2,54,0,6
12/1/2022 20:00,-0.3,56,0,3
12/1/2022 21:00,-0.7,58,0,4
12/1/2022 22:00,-0.8,56,0,2
12/1/2022 23:00,-0.7,54,0,3
12/2/2022 0:00,-1.3,57,0,1
12/2/2022 1:00,-1.8,61,0,1
12/2/2022 2:00,-1.8,67,0,3
12/2/2022 3:00,-2.4,70,0,1
12/2/2022 4:00,-2.6,70,0,1
12/2/2022 5:00,-2.9,73,0,3
12/2/2022 6:00,-2.5,78,0,2
12/2/2022 7:00,-2.4,74,0,3
12/2/2022 8:00,-1.6,76,0,6
12/2/2022 9:00,-0.7,76,0,5
12/2/2022 10:00,0.8,72,0.2,5
12/2/2022 11:00,1.3,68,0,6
12/2/2022 12:00,2.4,65,0,8
12/2/2022 13:00,2.6,68,0,8
12/2/2022 14:00,3.2,63,0,9
12/2/2022 15:00,3.3,69,0,7
12/2/2022 16:00,3.4,67,0,8
12/2/2022 17:00,3.3,67,0,9
12/2/2022 18:00,3.3,66,0,12
12/2/2022 19:00,3.5,65,0,9
12/2/2022 20:00,3.8,65,0,6
12/2/2022 21:00,4,62,0,9
12/2/2022 22:00,4.2,57,0,8
12/2/2022 23:00,4.3,59,0,9
12/3/2022 0:00,4.1,66,0,13
12/3/2022 1:00,4.1,65,0,8
12/3/2022 2:00,4.5,61,0,10
12/3/2022 3:00,4.5,62,0,10
12/3/2022 4:00,4.5,62,0,8
12/3/2022 5:00,4.7,62,0,7
12/3/2022 6:00,4.7,64,0,8
12/3/2022 7:00,5.4,62,0,7
12/3/2022 8:00,4.4,76,0.5,9
12/3/2022 9:00,4.1,88,2.4,9
12/3/2022 10:00,4.4,93,1.6,8
12/3/2022 11:00,4.8,94,1.1,10
12/3/2022 12:00,5.3,93,1.3,8
12/3/2022 13:00,6.1,90,0,7
12/3/2022 14:00,7.1,87,0,7
12/3/2022 15:00,7.4,91,0.8,8
12/3/2022 16:00,10.3,80,0,16
12/3/2022 17:00,6.6,86,0.4,11
12/3/2022 18:00,5.9,71,0,12
12/3/2022 19:00,5.1,72,0,8
12/3/2022 20:00,5,71,0,11
12/3/2022 21:00,4.4,68,0,9
12/3/2022 22:00,2.7,64,0,5
12/3/2022 23:00,1.3,60,0,7
12/4/2022 0:00,0,62,0,7
12/4/2022 1:00,-0.8,59,0,5
12/4/2022 2:00,-1.4,59,0,9
12/4/2022 3:00,-2.1,57,0,12
12/4/2022 4:00,-2.8,57,0,8
12/4/2022 5:00,-3.4,58,0,7
12/4/2022 6:00,-3.8,59,0,3
12/4/2022 7:00,-3.9,60,0,2
12/4/2022 8:00,-4.3,58,0,5
12/4/2022 9:00,-3.8,56,0.2,9
12/4/2022 10:00,-3.4,52,0,5
12/4/2022 11:00,-2.8,47,0.2,2
12/4/2022 12:00,-2.4,49,0,5
12/4/2022 13:00,-2.2,50,0,7
12/4/2022 14:00,-1.7,53,0,7
12/4/2022 15:00,-1.4,50,0,8
12/4/2022 16:00,-1.2,54,0,5
12/4/2022 17:00,-0.9,52,0,10
12/4/2022 18:00,-0.9,58,0,8
12/4/2022 19:00,-0.3,62,0,7
12/4/2022 20:00,0.1,64,0,6
12/4/2022 21:00,0.4,65,0,5
12/4/2022 22:00,0.5,64,0,5
12/4/2022 23:00,0.5,65,0,6
12/5/2022 0:00,0.6,67,0,5
12/5/2022 1:00,0.8,67,0,8
12/5/2022 2:00,0.9,65,0,4
12/5/2022 3:00,1,65,0,4
12/5/2022 4:00,0.8,65,0,7
12/5/2022 5:00,0.9,64,0,6
12/5/2022 6:00,1.2,60,0,7
12/5/2022 7:00,0.9,59,0,7
12/5/2022 8:00,0.9,59,0,6
12/5/2022 9:00,2.2,51,0,10
12/5/2022 10:00,3.8,46,0,8
12/5/2022 11:00,4.2,45,0,10
12/5/2022 12:00,5.4,42,0,8
12/5/2022 13:00,4.9,47,0,7
12/5/2022 14:00,4.7,53,0,8
12/5/2022 15:00,5,53,0,5
12/5/2022 16:00,4.7,52,0,6
12/5/2022 17:00,4.2,53,0,7
12/5/2022 18:00,3.9,55,0,8
12/5/2022 19:00,3.9,54,0,7
12/5/2022 20:00,4.2,50,0,7
12/5/2022 21:00,4.3,49,0,7
12/5/2022 22:00,4.3,51,0,8
12/5/2022 23:00,4.3,59,0,7
12/6/2022 0:00,4.5,56,0,8
12/6/2022 1:00,4.6,57,0,7
12/6/2022 2:00,4.5,54,0,6
12/6/2022 3:00,4.7,53,0,6
12/6/2022 4:00,4.7,50,0,8
12/6/2022 5:00,4.7,54,0,8
12/6/2022 6:00,4.9,64,0,7
12/6/2022 7:00,5.2,68,0,7
12/6/2022 8:00,5.4,69,0,6
12/6/2022 9:00,6,69,0,6
12/6/2022 10:00,6.8,68,0,7
12/6/2022 11:00,7.4,67,0,5
12/6/2022 12:00,7.6,69,0,4
12/6/2022 13:00,5.6,81,0.5,3
12/6/2022 14:00,5,88,1.5,5
12/6/2022 15:00,4.4,94,2.1,7
12/6/2022 16:00,4,96,1.5,6
12/6/2022 17:00,3.4,97,2.5,8
12/6/2022 18:00,3.4,98,2.2,6
12/6/2022 19:00,3.1,98,1.9,5
12/6/2022 20:00,3.9,99,2.2,3
12/6/2022 21:00,4.8,100,1.3,1
12/6/2022 22:00,7.1,100,0.7,4
12/6/2022 23:00,7.9,98,0.3,5
12/7/2022 0:00,8.1,94,0,5
12/7/2022 1:00,8.3,94,0,6
12/7/2022 2:00,8.5,93,0,3
12/7/2022 3:00,8.8,93,0,3
12/7/2022 4:00,8.8,92,0,5
12/7/2022 5:00,8.5,96,0.2,6
12/7/2022 6:00,8.4,98,2.6,6
12/7/2022 7:00,8.4,98,1.5,6
12/7/2022 8:00,8.6,99,0.9,5
12/7/2022 9:00,8.8,99,0.7,6
12/7/2022 10:00,9.2,99,0.7,5
12/7/2022 11:00,9.7,100,0.4,5
12/7/2022 12:00,9.4,98,0,8
12/7/2022 13:00,8.6,98,0,5
12/7/2022 14:00,8,99,0,4
12/7/2022 15:00,7.3,98,0,5
12/7/2022 16:00,7.4,97,1.5,3
12/7/2022 17:00,7.3,97,0.8,7
12/7/2022 18:00,7.3,97,0.3,5
12/7/2022 19:00,6.9,98,0,5
12/7/2022 20:00,6.2,96,0,4
12/7/2022 21:00,6.1,92,0,6
12/7/2022 22:00,5.6,93,0,6
12/7/2022 23:00,5.3,91,0,7
12/8/2022 0:00,4.9,90,0,6
12/8/2022 1:00,4.9,83,0,4
12/8/2022 2:00,4.5,92,0.2,6
12/8/2022 3:00,4.1,91,0,2
12/8/2022 4:00,3.9,89,0,3
12/8/2022 5:00,3.8,89,0,3
12/8/2022 6:00,3.9,78,0,7
12/8/2022 7:00,3.4,77,0,3
12/8/2022 8:00,3,76,0.2,9
12/8/2022 9:00,2.6,71,0,9
12/8/2022 10:00,2.9,65,0,13
12/8/2022 11:00,3.2,66,0.2,11
12/8/2022 12:00,3.9,60,0,10
12/8/2022 13:00,4.2,55,0,11
12/8/2022 14:00,4.7,54,0,8
12/8/2022 15:00,3.9,53,0,6
12/8/2022 16:00,3.4,61,0,6
12/8/2022 17:00,2.9,61,0,6
12/8/2022 18:00,2.1,67,0,4
12/8/2022 19:00,2.2,66,0,6
12/8/2022 20:00,1.3,69,0,7
12/8/2022 21:00,0.6,70,0,7
12/8/2022 22:00,0.1,69,0,8
12/8/2022 23:00,-0.6,72,0,7
12/9/2022 0:00,-1.1,72,0,8
12/9/2022 1:00,-1.6,73,0,9
12/9/2022 2:00,-2,72,0,10
12/9/2022 3:00,-2.4,72,0,10
12/9/2022 4:00,-2.9,74,0,10
12/9/2022 5:00,-3.3,78,0,10
12/9/2022 6:00,-3.9,77,0,11
12/9/2022 7:00,-4.2,70,0,10
12/9/2022 8:00,-4.6,69,0,9
12/9/2022 9:00,-4.3,57,0,11
12/9/2022 10:00,-4.3,57,0,11
12/9/2022 11:00,-3.7,55,0,12
12/9/2022 12:00,-2.9,53,0,10
12/9/2022 13:00,-2.3,41,0,9
12/9/2022 14:00,-1.6,41,0,8
12/9/2022 15:00,-1.8,44,0,9
12/9/2022 16:00,-1.9,48,0,7
12/9/2022 17:00,-2.3,58,0,11
12/9/2022 18:00,-3.6,57,0,10
12/9/2022 19:00,-4.8,54,0,11
12/9/2022 20:00,-6.3,56,0,12
12/9/2022 21:00,-7.6,62,0,14
12/9/2022 22:00,-8,65,0,11
12/9/2022 23:00,-8.5,66,0,13
12/10/2022 0:00,-9,67,0,15
12/10/2022 1:00,-9.1,72,0,11
12/10/2022 2:00,-9.1,72,0,13
12/10/2022 3:00,-9.3,72,0,14
12/10/2022 4:00,-9.5,73,0,12
12/10/2022 5:00,-9.5,73,0,13
12/10/2022 6:00,-9.7,72,0,12
12/10/2022 7:00,-9.9,72,0,11
12/10/2022 8:00,-9.8,71,0,14
12/10/2022 9:00,-9.4,68,0,15
12/10/2022 10:00,-8.5,66,0,12
12/10/2022 11:00,-7.3,62,0,13
12/10/2022 12:00,-6.6,61,0,13
12/10/2022 13:00,-6.1,59,0,11
12/10/2022 14:00,-5.1,58,0,8
12/10/2022 15:00,-4.7,63,0,9
12/10/2022 16:00,-4.9,58,0,9
12/10/2022 17:00,-5.4,63,0,11
12/10/2022 18:00,-6.1,66,0,11
12/10/2022 19:00,-6.9,69,0,12
12/10/2022 20:00,-7.5,73,0,12
12/10/2022 21:00,-7.8,75,0,10
12/10/2022 22:00,-7.7,75,0,9
12/10/2022 23:00,-8.2,75,0,10
12/11/2022 0:00,-8.3,74,0,11
12/11/2022 1:00,-8.5,73,0,12
12/11/2022 2:00,-8.5,74,0,10
12/11/2022 3:00,-8.3,74,0,10
12/11/2022 4:00,-8.5,74,0,11
12/11/2022 5:00,-8.5,73,0,11
12/11/2022 6:00,-8.3,74,0,9
12/11/2022 7:00,-8.1,73,0,10
12/11/2022 8:00,-8.3,73,0,14
12/11/2022 9:00,-8.2,72,0,16
12/11/2022 10:00,-8,69,0,13
12/11/2022 11:00,-7.3,69,0,11
12/11/2022 12:00,-7.1,69,0,14
12/11/2022 13:00,-6.6,68,0,11
12/11/2022 14:00,-6.2,68,0,11
12/11/2022 15:00,-5.6,65,0,10
12/11/2022 16:00,-5.1,63,0,10
12/11/2022 17:00,-5.1,63,0,12
12/11/2022 18:00,-5.1,59,0,12
12/11/2022 19:00,-5.2,60,0,11
12/11/2022 20:00,-5,60,0,11
12/11/2022 21:00,-5.1,63,0,13
12/11/2022 22:00,-5.3,69,0,10
12/11/2022 23:00,-5.4,72,0,9
12/12/2022 0:00,-6.1,75,0,15
12/12/2022 1:00,-6.4,75,0,12
12/12/2022 2:00,-7.4,75,0,14
12/12/2022 3:00,-8.2,78,0,13
12/12/2022 4:00,-8.7,78,0,12
12/12/2022 5:00,-9,77,0,11
12/12/2022 6:00,-9,76,0,9
12/12/2022 7:00,-9.3,73,0,11
12/12/2022 8:00,-9.6,70,0,11
12/12/2022 9:00,-8.7,64,0,12
12/12/2022 10:00,-7,60,0,7
12/12/2022 11:00,-6.6,56,0,9
12/12/2022 12:00,-5.6,52,0,8
12/12/2022 13:00,-5.1,45,0,7
12/12/2022 14:00,-4.3,38,0,5
12/12/2022 15:00,-4.3,40,0,5
12/12/2022 16:00,-4.4,44,0,2
12/12/2022 17:00,-4.3,45,0,2
12/12/2022 18:00,-4.7,54,0,2
12/12/2022 19:00,-4.7,58,0,7
12/12/2022 20:00,-4.9,56,0,9
12/12/2022 21:00,-5.1,56,0,9
12/12/2022 22:00,-4.9,54,0,9
12/12/2022 23:00,-5,52,0,10
12/13/2022 0:00,-5.6,59,0,5
12/13/2022 1:00,-5.9,63,0,8
12/13/2022 2:00,-6.4,68,0,6
12/13/2022 3:00,-7.1,69,0,9
12/13/2022 4:00,-7.3,71,0,10
12/13/2022 5:00,-7.8,75,0,13
12/13/2022 6:00,-7.9,76,0,11
12/13/2022 7:00,-8,76,0,14
12/13/2022 8:00,-8.6,78,0,14
12/13/2022 9:00,-7.1,71,0,7
12/13/2022 10:00,-5.8,65,0,6
12/13/2022 11:00,-5.2,63,0,8
12/13/2022 12:00,-4.1,60,0,10
12/13/2022 13:00,-2,58,0,7
12/13/2022 14:00,-1,57,0,8
12/13/2022 15:00,-0.6,62,0,8
12/13/2022 16:00,-0.2,55,0,5
12/13/2022 17:00,-1.2,65,0,4
12/13/2022 18:00,-1.2,59,0,9
12/13/2022 19:00,-1.8,62,0,9
12/13/2022 20:00,-2.2,65,0,9
12/13/2022 21:00,-4.2,54,0,16
12/13/2022 22:00,-5.9,57,0,13
12/13/2022 23:00,-6.6,59,0,14
12/14/2022 0:00,-7.2,59,0,15
12/14/2022 1:00,-7.6,61,0,7
12/14/2022 2:00,-7.9,62,0,3
12/14/2022 3:00,-7.9,63,0,3
12/14/2022 4:00,-8.1,65,0,3
12/14/2022 5:00,-8.1,68,0,6
12/14/2022 6:00,-7.7,65,0,5
12/14/2022 7:00,-7.7,67,0,6
12/14/2022 8:00,-7.3,67,0,10
12/14/2022 9:00,-6.7,71,0,12
12/14/2022 10:00,-5.5,67,0,15
12/14/2022 11:00,-5.1,65,0,14
12/14/2022 12:00,-3.1,60,0,11
12/14/2022 13:00,-0.8,55,0,6
12/14/2022 14:00,0.4,52,0,4
12/14/2022 15:00,-0.2,56,0,6
12/14/2022 16:00,-0.6,61,0,5
12/14/2022 17:00,-0.5,62,0,5
12/14/2022 18:00,1.4,58,0,10
12/14/2022 19:00,1.7,60,0,13
12/14/2022 20:00,1.6,61,0,10
12/14/2022 21:00,1.6,64,0,7
12/14/2022 22:00,2.5,67,0,6
12/14/2022 23:00,2.5,68,0,10
12/15/2022 0:00,2.5,71,0,8
12/15/2022 1:00,2.3,74,0,8
12/15/2022 2:00,2.2,73,0,7
12/15/2022 3:00,2,74,0,7
12/15/2022 4:00,1.8,77,0,8
12/15/2022 5:00,1.6,79,0,10
12/15/2022 6:00,1.3,81,0,6
12/15/2022 7:00,0.8,83,0,7
12/15/2022 8:00,0.5,84,0,9
12/15/2022 9:00,1.2,81,0,9
12/15/2022 10:00,2.4,76,0,9
12/15/2022 11:00,3.1,72,0,10
12/15/2022 12:00,3.9,69,0,8
12/15/2022 13:00,4.6,65,0,8
12/15/2022 14:00,4.8,64,0,8
12/15/2022 15:00,4.6,66,0,10
12/15/2022 16:00,3.6,69,0,9
12/15/2022 17:00,3.3,70,0,8
12/15/2022 18:00,2.8,73,0,9
12/15/2022 19:00,2.5,74,0,7
12/15/2022 20:00,2.7,73,0,7
12/15/2022 21:00,2.5,74,0,7
12/15/2022 22:00,2.7,74,0,7
12/15/2022 23:00,2,78,0,10
12/16/2022 0:00,1.5,81,0,7
12/16/2022 1:00,1.4,82,0,6
12/16/2022 2:00,1.7,81,0,7
12/16/2022 3:00,1.8,77,0,5
12/16/2022 4:00,1.6,74,0,9
12/16/2022 5:00,1.5,72,0,8
12/16/2022 6:00,1.4,70,0,9
12/16/2022 7:00,1.4,69,0,5
12/16/2022 8:00,-0.3,94,0.8,8
12/16/2022 9:00,-0.7,98,2.5,9
12/16/2022 10:00,-0.9,99,1.8,9
12/16/2022 11:00,-1,98,1.3,8
12/16/2022 12:00,-0.7,99,1.8,8
12/16/2022 13:00,-0.2,98,0.8,6
12/16/2022 14:00,0.2,96,0.4,9
12/16/2022 15:00,0.5,94,0,9
12/16/2022 16:00,0.5,96,0.3,8
12/16/2022 17:00,0.3,98,0.6,8
12/16/2022 18:00,0.4,98,0.6,9
12/16/2022 19:00,0.4,98,0.4,9
12/16/2022 20:00,0.2,99,0.5,8
12/16/2022 21:00,0,99,0.5,11
12/16/2022 22:00,-0.2,100,0.6,8
12/16/2022 23:00,-0.3,99,0.5,10
12/17/2022 0:00,-0.5,99,0.6,11
12/17/2022 1:00,-0.6,99,0.3,11
12/17/2022 2:00,-0.7,99,0.2,9
12/17/2022 3:00,-0.6,99,0.3,9
12/17/2022 4:00,-0.7,99,1.2,9
12/17/2022 5:00,-0.8,99,1.2,9
12/17/2022 6:00,-0.8,99,0.8,8
12/17/2022 7:00,-0.9,99,0.3,10
12/17/2022 8:00,-0.9,98,0.3,9
12/17/2022 9:00,-0.7,98,0.5,7
12/17/2022 10:00,-0.8,97,0.3,9
12/17/2022 11:00,-0.6,97,0.2,8
12/17/2022 12:00,-0.5,97,0.5,7
12/17/2022 13:00,-0.4,97,0.5,7
12/17/2022 14:00,-0.3,96,0.3,7
12/17/2022 15:00,-0.2,96,0.2,5
12/17/2022 16:00,-0.2,97,0.3,5
12/17/2022 17:00,-0.3,96,0.2,3
12/17/2022 18:00,-0.3,96,2.7,2
12/17/2022 19:00,-0.4,95,0,2
12/17/2022 20:00,-0.3,95,0.2,2
12/17/2022 21:00,-0.2,96,0,3
12/17/2022 22:00,-0.2,95,0,6
12/17/2022 23:00,-0.3,93,0,6
12/18/2022 0:00,-0.2,91,0,4
12/18/2022 1:00,-0.3,90,0,6
12/18/2022 2:00,-0.5,90,0,6
12/18/2022 3:00,-0.6,92,0,6
12/18/2022 4:00,-0.7,92,0,5
12/18/2022 5:00,-0.8,91,0,4
12/18/2022 6:00,-0.9,91,0,5
12/18/2022 7:00,-1.1,92,0,4
12/18/2022 8:00,-1.2,89,0,5
12/18/2022 9:00,-1.8,89,0,6
12/18/2022 10:00,-1.5,84,0,3
12/18/2022 11:00,-1.4,83,3.6,7
12/18/2022 12:00,-0.6,77,0,4
12/18/2022 13:00,-0.5,80,0,8
12/18/2022 14:00,-0.8,78,0,4
12/18/2022 15:00,-1,81,0,6
12/18/2022 16:00,-1.1,82,0,5
12/18/2022 17:00,-2,86,0,2
12/18/2022 18:00,-2.2,85,0,5
12/18/2022 19:00,-1.6,83,0,5
12/18/2022 20:00,-1.3,79,0,4
12/18/2022 21:00,-2.2,82,0,2
12/18/2022 22:00,-2.2,85,0,2
12/18/2022 23:00,-2,84,0,3
12/19/2022 0:00,-1.5,82,0,2
12/19/2022 1:00,-1.4,84,0,4
12/19/2022 2:00,-1.7,85,0,3
12/19/2022 3:00,-1.7,86,0,4
12/19/2022 4:00,-1.6,85,0,5
12/19/2022 5:00,-2.5,91,0,10
12/19/2022 6:00,-3.1,89,0,8
12/19/2022 7:00,-2.9,89,0,9
12/19/2022 8:00,-3,90,0,11
12/19/2022 9:00,-2.8,90,0,4
12/19/2022 10:00,-2.4,88,0,8
12/19/2022 11:00,-1.9,86,0,7
12/19/2022 12:00,-1.3,82,0,6
12/19/2022 13:00,0.1,74,0,3
12/19/2022 14:00,-0.2,72,0,2
12/19/2022 15:00,-0.3,72,0,3
12/19/2022 16:00,-0.7,74,0,5
12/19/2022 17:00,-0.8,69,0,7
12/19/2022 18:00,-1.2,70,0,3
12/19/2022 19:00,-1.4,70,0,5
12/19/2022 20:00,-1.8,70,0,2
12/19/2022 21:00,-1.9,71,0,5
12/19/2022 22:00,-2.3,74,0,6
12/19/2022 23:00,-2.3,77,0,8
12/20/2022 0:00,-2,78,0,6
12/20/2022 1:00,-1.8,81,0,5
12/20/2022 2:00,-1.9,85,0,5
12/20/2022 3:00,-2.4,86,0,7
12/20/2022 4:00,-2.8,86,0,8
12/20/2022 5:00,-2.9,85,0,9
12/20/2022 6:00,-2.8,86,0,8
12/20/2022 7:00,-3.2,87,0,10
12/20/2022 8:00,-3.3,87,0,9
12/20/2022 9:00,-3.4,86,0,9
12/20/2022 10:00,-3.5,85,0,10
12/20/2022 11:00,-3.3,83,0,8
12/20/2022 12:00,-2.2,78,0,4
12/20/2022 13:00,-3.1,80,0,9
12/20/2022 14:00,-2.7,78,0,8
12/20/2022 15:00,-2.8,77,0,11
12/20/2022 16:00,-3.6,80,0,8
12/20/2022 17:00,-3.9,82,0,11
12/20/2022 18:00,-3.9,81,0,13
12/20/2022 19:00,-4.2,82,0,7
12/20/2022 20:00,-4.8,84,0,10
12/20/2022 21:00,-5.3,85,0,10
12/20/2022 22:00,-5.1,86,0,11
12/20/2022 23:00,-4.9,86,0,9
12/21/2022 0:00,-4.7,85,0,5
12/21/2022 1:00,-4.2,83,0,4
12/21/2022 2:00,-4.2,82,0,8
12/21/2022 3:00,-4.7,80,0,6
12/21/2022 4:00,-5.3,86,0,7
12/21/2022 5:00,-5.2,86,0,7
12/21/2022 6:00,-4.9,89,0,7
12/21/2022 7:00,-4.4,86,0,6
12/21/2022 8:00,-3.5,84,0,5
12/21/2022 9:00,-2.9,81,0,7
12/21/2022 10:00,-2.1,81,0,8
12/21/2022 11:00,-0.8,76,0,7
12/21/2022 12:00,-0.2,73,0,10
12/21/2022 13:00,-0.2,74,0,7
12/21/2022 14:00,0.7,72,0,6
12/21/2022 15:00,0.9,69,0,7
12/21/2022 16:00,0.4,66,0,3
12/21/2022 17:00,-0.8,65,0,4
12/21/2022 18:00,-1,66,0,3
12/21/2022 19:00,-1.5,66,0,2
12/21/2022 20:00,-2.4,72,0,5
12/21/2022 21:00,-3.3,69,0,5
12/21/2022 22:00,-3.6,62,0,5
12/21/2022 23:00,-4.9,66,0,4
12/22/2022 0:00,-5.1,63,0,5
12/22/2022 1:00,-5.5,63,0,4
12/22/2022 2:00,-6.1,68,0,2
12/22/2022 3:00,-5.4,68,0,7
12/22/2022 4:00,-5.7,84,0,6
12/22/2022 5:00,-6,79,0,6
12/22/2022 6:00,-5.9,77,0,7
12/22/2022 7:00,-6.7,85,0,8
12/22/2022 8:00,-7.1,82,0,7
12/22/2022 9:00,-7.1,79,0,9
12/22/2022 10:00,-6.7,76,0,10
12/22/2022 11:00,-6.6,77,0,12
12/22/2022 12:00,-5.7,74,0,12
12/22/2022 13:00,-5.8,76,0,13
12/22/2022 14:00,-5.2,73,0,8
12/22/2022 15:00,-5.4,77,0,10
12/22/2022 16:00,-5.8,77,0,14
12/22/2022 17:00,-5.8,77,0,11
12/22/2022 18:00,-5.5,79,0,10
12/22/2022 19:00,-4.8,81,0,9
12/22/2022 20:00,-4.1,82,0,9
12/22/2022 21:00,-3.5,82,0,8
12/22/2022 22:00,-3.6,93,0.4,8
12/22/2022 23:00,-2.9,97,2,8
12/23/2022 0:00,-2.4,98,0.2,8
12/23/2022 1:00,-2.5,98,1.3,7
12/23/2022 2:00,-1.5,99,0.8,8
12/23/2022 3:00,0.6,100,0.2,8
12/23/2022 4:00,1.3,95,0,11
12/23/2022 5:00,0.5,98,1.1,11
12/23/2022 6:00,0.7,98,0.8,8
12/23/2022 7:00,1.1,95,1.4,11
12/23/2022 8:00,1.2,93,2.2,12
12/23/2022 9:00,1.7,94,3.8,13
12/23/2022 10:00,3.2,92,0.8,12
12/23/2022 11:00,4.9,88,2.3,3
12/23/2022 12:00,5.8,93,1.7,7
12/23/2022 13:00,6.4,94,0.9,6
12/23/2022 14:00,6.6,94,0.4,7
12/23/2022 15:00,8,84,0,7
12/23/2022 16:00,0,90,0.7,13
12/23/2022 17:00,-2.2,75,0,11
12/23/2022 18:00,-3.6,76,0,13
12/23/2022 19:00,-4.4,71,0,14
12/23/2022 20:00,-5.6,87,0.3,11
12/23/2022 21:00,-6.6,92,1.2,15
12/23/2022 22:00,-8.1,89,0.9,18
12/23/2022 23:00,-9.1,89,0.5,18
12/24/2022 0:00,-9.5,86,0.5,19
12/24/2022 1:00,-9.9,88,0.5,21
12/24/2022 2:00,-9.9,89,0.7,18
12/24/2022 3:00,-9.1,80,0.3,16
12/24/2022 4:00,-8.7,71,0,20
12/24/2022 5:00,-9.3,70,0,22
12/24/2022 6:00,-8.6,67,0,14
12/24/2022 7:00,-8.9,61,0,22
12/24/2022 8:00,-9.5,60,0,19
12/24/2022 9:00,-9.7,57,0,19
12/24/2022 10:00,-9.3,56,0,15
12/24/2022 11:00,-9.2,54,0,15
12/24/2022 12:00,-9,54,0,15
12/24/2022 13:00,-8.8,53,0,16
12/24/2022 14:00,-8.6,55,0,14
12/24/2022 15:00,-8.7,63,0.2,13
12/24/2022 16:00,-8.6,67,0,18
12/24/2022 17:00,-8.3,61,0,15
12/24/2022 18:00,-8,54,0,15
12/24/2022 19:00,-8.1,55,0,16
12/24/2022 20:00,-8.2,58,0,17
12/24/2022 21:00,-8.2,60,0,14
12/24/2022 22:00,-8.1,60,0,14
12/24/2022 23:00,-8.5,60,0,15
12/25/2022 0:00,-8.6,61,0,12
12/25/2022 1:00,-8.1,61,0,15
12/25/2022 2:00,-7.8,64,0,13
12/25/2022 3:00,-7.7,65,0,11
12/25/2022 4:00,-7.7,67,0,11
12/25/2022 5:00,-7.6,69,0,10
12/25/2022 6:00,-7.1,65,0,13
12/25/2022 7:00,-7.3,68,0,14
12/25/2022 8:00,-7,68,0,14
12/25/2022 9:00,-7.2,74,0,13
12/25/2022 10:00,-7,73,0,16
12/25/2022 11:00,-6.5,77,0,11
12/25/2022 12:00,-5.4,76,0,11
12/25/2022 13:00,-4.7,72,0,11
12/25/2022 14:00,-4.3,71,0,8
12/25/2022 15:00,-5.1,87,0.3,5
12/25/2022 16:00,-5,83,0.3,5
12/25/2022 17:00,-5.3,79,0,7
12/25/2022 18:00,-5.7,89,0.4,4
12/25/2022 19:00,-5.2,89,0.5,7
12/25/2022 20:00,-4.6,78,0,5
12/25/2022 21:00,-4.5,73,0,6
12/25/2022 22:00,-5.3,86,0.3,5
12/25/2022 23:00,-6.5,85,0,4
12/26/2022 0:00,-6.6,85,0.2,5
12/26/2022 1:00,-6.6,79,0,3
12/26/2022 2:00,-7.1,77,0,4
12/26/2022 3:00,-7.2,74,0,7
12/26/2022 4:00,-7.5,72,0,5
12/26/2022 5:00,-7.8,76,0,6
12/26/2022 6:00,-8,75,0,4
12/26/2022 7:00,-8.3,77,0,5
12/26/2022 8:00,-8.7,79,0,4
12/26/2022 9:00,-8.3,78,0,6
12/26/2022 10:00,-7.6,77,0,6
12/26/2022 11:00,-7.1,73,0,6
12/26/2022 12:00,-6.9,72,0,6
12/26/2022 13:00,-6.3,76,0,4
12/26/2022 14:00,-5.1,76,0,4
12/26/2022 15:00,-4.4,77,0,5
12/26/2022 16:00,-3.9,78,0,8
12/26/2022 17:00,-3.5,73,0,8
12/26/2022 18:00,-3.3,75,0,8
12/26/2022 19:00,-3.8,85,0,11
12/26/2022 20:00,-4,84,0.2,11
12/26/2022 21:00,-4,80,0,11
12/26/2022 22:00,-4.1,78,0,9
12/26/2022 23:00,-4.2,76,0,8
12/27/2022 0:00,-4.3,76,0,9
12/27/2022 1:00,-4.4,77,0,6
12/27/2022 2:00,-4.4,77,0,10
12/27/2022 3:00,-4.9,86,0.2,6
12/27/2022 4:00,-4.9,89,0.6,5
12/27/2022 5:00,-5.2,89,0.5,8
12/27/2022 6:00,-5.3,89,0.5,6
12/27/2022 7:00,-5.6,89,0.4,4
12/27/2022 8:00,-6.9,84,0.5,5
12/27/2022 9:00,-7.5,82,0,5
12/27/2022 10:00,-7.7,82,0.2,5
12/27/2022 11:00,-7.3,78,0,4
12/27/2022 12:00,-6.8,70,0,6
12/27/2022 13:00,-6,63,0,5
12/27/2022 14:00,-6.1,69,0,6
12/27/2022 15:00,-6.2,70,0,2
12/27/2022 16:00,-6,72,0,3
12/27/2022 17:00,-7.7,77,0,2
12/27/2022 18:00,-7.2,84,0,1
12/27/2022 19:00,-6.9,81,0,3
12/27/2022 20:00,-6,82,0,5
12/27/2022 21:00,-6.2,79,0,4
12/27/2022 22:00,-5.6,75,0,6
12/27/2022 23:00,-5.1,76,0,6
12/28/2022 0:00,-4.9,77,0,5
12/28/2022 1:00,-4.2,78,0,6
12/28/2022 2:00,-3.7,89,0.2,7
12/28/2022 3:00,-3.7,91,0,6
12/28/2022 4:00,-3.7,93,0.2,5
12/28/2022 5:00,-3.7,95,1,6
12/28/2022 6:00,-3.8,94,0.7,7
12/28/2022 7:00,-3.6,92,0,7
12/28/2022 8:00,-3.8,93,0.5,7
12/28/2022 9:00,-3.5,92,0.2,6
12/28/2022 10:00,-3,91,0.6,7
12/28/2022 11:00,-2.4,87,0,7
12/28/2022 12:00,-2,85,0,5
12/28/2022 13:00,-1.9,87,0,6
12/28/2022 14:00,-1.7,91,0.2,7
12/28/2022 15:00,-1.6,95,0.6,7
12/28/2022 16:00,-1.3,96,0.5,6
12/28/2022 17:00,-1.2,96,0.2,6
12/28/2022 18:00,-1,97,0.6,5
12/28/2022 19:00,-0.7,97,0.2,6
12/28/2022 20:00,-0.5,97,0,4
12/28/2022 21:00,-0.3,95,0,4
12/28/2022 22:00,-0.2,88,0,4
12/28/2022 23:00,0,84,0,4
12/29/2022 0:00,0.1,83,0,4
12/29/2022 1:00,0.1,83,0,4
12/29/2022 2:00,0.3,82,0,4
12/29/2022 3:00,0.7,81,0,6
12/29/2022 4:00,0.7,81,0,5
12/29/2022 5:00,0.6,81,0,4
12/29/2022 6:00,0.4,82,0,3
12/29/2022 7:00,-0.4,87,0,3
12/29/2022 8:00,1.3,77,0,6
12/29/2022 9:00,1.8,75,0,4
12/29/2022 10:00,2.7,72,0,6
12/29/2022 11:00,3.7,66,0,6
12/29/2022 12:00,4.9,60,0,4
12/29/2022 13:00,5.5,58,0,5
12/29/2022 14:00,5.7,58,0,6
12/29/2022 15:00,5.3,60,0,5
12/29/2022 16:00,4.8,64,0,5
12/29/2022 17:00,4.6,66,0,4
12/29/2022 18:00,5.3,65,0,5
12/29/2022 19:00,5.5,65,0,6
12/29/2022 20:00,5.5,67,0,5
12/29/2022 21:00,5.1,73,0,3
12/29/2022 22:00,6,76,0,5
12/29/2022 23:00,5.2,76,0,6
12/30/2022 0:00,5.9,78,0,7
12/30/2022 1:00,5.7,78,0,7
12/30/2022 2:00,5.7,77,0,4
12/30/2022 3:00,5.4,78,0,4
12/30/2022 4:00,5.3,80,0,5
12/30/2022 5:00,5.6,80,0,5
12/30/2022 6:00,6,83,0,8
12/30/2022 7:00,6,83,0,8
12/30/2022 8:00,6,83,0,7
12/30/2022 9:00,6,80,0,6
12/30/2022 10:00,6.5,78,0,7
12/30/2022 11:00,6.8,77,0,7
12/30/2022 12:00,7,78,0,7
12/30/2022 13:00,7.4,78,0,7
12/30/2022 14:00,7.5,79,0,7
12/30/2022 15:00,7.9,79,0,6
12/30/2022 16:00,8.7,79,0,7
12/30/2022 17:00,8.1,85,0,7
12/30/2022 18:00,7.8,92,0,8
12/30/2022 19:00,7.7,91,0,8
12/30/2022 20:00,7.9,85,0,7
12/30/2022 21:00,7.9,84,0,7
12/30/2022 22:00,8.3,84,0,6
12/30/2022 23:00,6.8,95,0.2,2
12/31/2022 0:00,9.6,95,0.3,7
12/31/2022 1:00,8.8,98,0.8,8
12/31/2022 2:00,8.9,98,2.5,5
12/31/2022 3:00,8.6,99,0.9,5
12/31/2022 4:00,8.8,99,0.8,7
12/31/2022 5:00,8.7,99,0.3,4
12/31/2022 6:00,8.2,100,0.2,5
12/31/2022 7:00,8.1,100,0,4
12/31/2022 8:00,6.9,100,0,3
12/31/2022 9:00,7.3,100,1.1,4
12/31/2022 10:00,7.2,100,0.7,5
12/31/2022 11:00,7.1,99,0,4
12/31/2022 12:00,7.7,97,0.3,4
12/31/2022 13:00,7.2,96,0.5,2
12/31/2022 14:00,7.2,97,0.4,3
12/31/2022 15:00,7.2,98,0.2,3
12/31/2022 16:00,6.6,99,0.4,2
12/31/2022 17:00,6,100,0,2
12/31/2022 18:00,7.3,100,0.6,2
12/31/2022 19:00,7.5,99,1.1,4
12/31/2022 20:00,7.2,99,0.7,4
12/31/2022 21:00,6.8,99,0.8,2
12/31/2022 22:00,5.6,99,0.7,0
12/31/2022 23:00,6.1,100,0.9,6
